DATE,TIME,PARTICULATE_(terukur),PARTICULATE_(terkoreksi),SO2_(terukur),SO2_(terkoreksi),NOX_(terukur),NOX_(terkoreksi),CO_(terukur),CO_(terkoreksi),O2_(terukur),O2_(terkoreksi),FLOWRATE_(terukur),FLOWRATE_(terkoreksi),DATETIME
2025-01-01,0:00:00,37.23,37.23,39.73,39.73,230.98,230.98,902.59,902.59,10.37,10.37,4.01,102.32,2025-01-01 0:00:00
2025-01-01,1:00:00,52.16,52.16,39.78,39.78,243.33,243.33,845.95,845.95,10.27,10.27,4.02,102.45,2025-01-01 1:00:00
2025-01-01,2:00:00,55.75,55.75,39.41,39.41,241.54,241.54,907.23,907.23,10.04,10.04,4.01,102.15,2025-01-01 2:00:00
2025-01-01,3:00:00,48.02,48.02,39.48,39.48,243.58,243.58,890.57,890.57,10.21,10.21,3.99,101.63,2025-01-01 3:00:00
2025-01-01,4:00:00,61.32,61.32,39.58,39.58,243.79,243.79,916.19,916.19,10.19,10.19,5.16,131.53,2025-01-01 4:00:00
2025-01-01,5:00:00,60.02,60.02,39.55,39.55,246.67,246.67,904.03,904.03,10.09,10.09,4,101.96,2025-01-01 5:00:00
2025-01-01,6:00:00,63.7,63.7,39.63,39.63,244.3,244.3,908.9,908.9,10.27,10.27,6.42,163.6,2025-01-01 6:00:00
2025-01-01,7:00:00,54.39,54.39,39.98,39.98,239.53,239.53,887.14,887.14,10.54,10.54,9,229.38,2025-01-01 7:00:00
2025-01-01,8:00:00,38.86,38.86,40.03,40.03,223.18,223.18,928.45,928.45,10.47,10.47,10.49,267.47,2025-01-01 8:00:00
2025-01-01,9:00:00,27.7,27.7,40.44,40.44,213.56,213.56,1019.1,1019.1,10.7,10.7,10.05,256.24,2025-01-01 9:00:00
2025-01-01,10:00:00,25.45,25.45,40.26,40.26,193.28,193.28,1009.08,1009.08,10.58,10.58,7.92,202,2025-01-01 10:00:00
2025-01-01,11:00:00,33.24,33.24,38.84,38.84,182.35,182.35,1191.69,1191.69,10,10,5.47,139.54,2025-01-01 11:00:00
2025-01-01,12:00:00,50.18,50.18,38.91,38.91,177.38,177.38,1202.11,1202.11,10,10,5.61,143.06,2025-01-01 12:00:00
2025-01-01,13:00:00,46.93,46.93,39.22,39.22,195.59,195.59,995.02,995.02,10,10,4.01,102.17,2025-01-01 13:00:00
2025-01-01,14:00:00,50.74,50.74,39.13,39.13,185.85,185.85,1000.32,1000.32,10,10,3.96,101.04,2025-01-01 14:00:00
2025-01-01,15:00:00,65.35,65.35,39.12,39.12,175.27,175.27,1071.24,1071.24,10,10,3.91,99.74,2025-01-01 15:00:00
2025-01-01,16:00:00,64.94,64.94,38.99,38.99,190.79,190.79,1045.55,1045.55,10,10,4.1,104.59,2025-01-01 16:00:00
2025-01-01,17:00:00,64.83,64.83,38.56,38.56,178.07,178.07,1193.33,1193.33,10,10,4,101.93,2025-01-01 17:00:00
2025-01-01,18:00:00,62.46,62.46,38.49,38.49,172.96,172.96,1379.49,1379.49,10,10,4,101.96,2025-01-01 18:00:00
2025-01-01,19:00:00,50.15,50.15,38.24,38.24,167.91,167.91,1467.65,1467.65,10,10,5.28,134.7,2025-01-01 19:00:00
2025-01-01,20:00:00,70.56,70.56,38.71,38.71,188.98,188.98,1336.11,1336.11,10,10,4.56,116.33,2025-01-01 20:00:00
2025-01-01,21:00:00,45.6,45.6,38.74,38.74,187.98,187.98,1128.36,1128.36,10,10,4.8,122.28,2025-01-01 21:00:00
2025-01-01,22:00:00,55.6,55.6,38.53,38.53,193.16,193.16,1281.28,1281.28,10,10,7.42,189.25,2025-01-01 22:00:00
2025-01-01,23:00:00,55.11,55.11,38.66,38.66,199.23,199.23,1203.78,1203.78,10,10,5.78,147.36,2025-01-01 23:00:00
2025-01-02,0:00:00,54.33,54.33,38.65,38.65,175.99,175.99,1288.91,1288.91,10,10,4,102,2025-01-02 0:00:00
2025-01-02,1:00:00,55.21,55.21,38.74,38.74,192.52,192.52,1152.75,1152.75,10,10,4,102.04,2025-01-02 1:00:00
2025-01-02,2:00:00,56.74,56.74,38.48,38.48,188.78,188.78,1255.34,1255.34,10,10,8.12,207.15,2025-01-02 2:00:00
2025-01-02,3:00:00,58.53,58.53,38.74,38.74,191.46,191.46,1135.11,1135.11,10,10,10.78,274.79,2025-01-02 3:00:00
2025-01-02,4:00:00,59.8,59.8,38.65,38.65,188.92,188.92,1136.64,1136.64,10,10,8.97,228.78,2025-01-02 4:00:00
2025-01-02,5:00:00,66.67,66.67,39.11,39.11,199.69,199.69,997.66,997.66,10,10,9.44,240.8,2025-01-02 5:00:00
2025-01-02,6:00:00,71.5,71.5,38.99,38.99,181.93,181.93,1056.97,1056.97,10,10,8.22,209.68,2025-01-02 6:00:00
2025-01-02,7:00:00,65.36,65.36,38.8,38.8,191.37,191.37,1070.91,1070.91,10,10,7.28,185.67,2025-01-02 7:00:00
2025-01-02,8:00:00,54.95,54.95,38.68,38.68,190.21,190.21,1082.44,1082.44,10,10,5.82,148.38,2025-01-02 8:00:00
2025-01-02,9:00:00,51.89,51.89,38.9,38.9,182.47,182.47,1146.25,1146.25,10,10,4.01,102.23,2025-01-02 9:00:00
2025-01-02,10:00:00,40.68,40.68,38.33,38.33,191.04,191.04,1264.19,1264.19,10,10,4.27,108.98,2025-01-02 10:00:00
2025-01-02,11:00:00,40.06,40.06,38.69,38.69,208.02,208.02,1089.64,1089.64,10,10,9.02,230.04,2025-01-02 11:00:00
2025-01-02,12:00:00,36.11,36.11,38.8,38.8,188.58,188.58,1144.51,1144.51,10.02,10.02,5.54,141.35,2025-01-02 12:00:00
2025-01-02,13:00:00,35.4,35.4,38.18,38.18,186.49,186.49,1187.15,1187.15,10,10,4,101.93,2025-01-02 13:00:00
2025-01-02,14:00:00,43.24,43.24,38.37,38.37,188.91,188.91,1168.15,1168.15,10.03,10.03,4,102,2025-01-02 14:00:00
2025-01-02,15:00:00,43.2,43.2,38.59,38.59,182.1,182.1,1286.28,1286.28,10.03,10.03,4.41,112.47,2025-01-02 15:00:00
2025-01-02,16:00:00,57.98,57.98,35.7,35.7,186.43,186.43,1277.09,1277.09,9.09,9.09,6.75,172.02,2025-01-02 16:00:00
2025-01-02,17:00:00,80.02,80.02,38.28,38.28,193.5,193.5,1398.27,1398.27,9.91,9.91,4.02,102.42,2025-01-02 17:00:00
2025-01-02,18:00:00,56.55,56.55,35.76,35.76,228.25,228.25,1052.92,1052.92,8.98,8.98,4.05,103.32,2025-01-02 18:00:00
2025-01-02,19:00:00,87.72,87.72,34.06,34.06,246.46,246.46,950.53,950.53,8.29,8.29,7.41,189.04,2025-01-02 19:00:00
2025-01-02,20:00:00,91.1,91.1,36.82,36.82,234.39,234.39,1030.87,1030.87,9.27,9.27,4.06,103.45,2025-01-02 20:00:00
2025-01-02,21:00:00,46.26,46.26,38.82,38.82,207.24,207.24,1345.95,1345.95,10,10,4.07,103.86,2025-01-02 21:00:00
2025-01-02,22:00:00,33.07,33.07,38.93,38.93,203.35,203.35,1147.32,1147.32,10,10,4.61,117.63,2025-01-02 22:00:00
2025-01-02,23:00:00,29.15,29.15,38.73,38.73,207.62,207.62,1052.47,1052.47,10,10,10.99,280.2,2025-01-02 23:00:00
2025-01-03,0:00:00,32.64,32.64,38.76,38.76,205,205,959.58,959.58,10,10,7.46,190.29,2025-01-03 0:00:00
2025-01-03,1:00:00,42.96,42.96,38.81,38.81,193.2,193.2,1258.07,1258.07,10,10,4,101.98,2025-01-03 1:00:00
2025-01-03,2:00:00,53.68,53.68,39.3,39.3,185.27,185.27,1162.25,1162.25,10.14,10.14,6.21,158.26,2025-01-03 2:00:00
2025-01-03,3:00:00,40.57,40.57,39.15,39.15,198.45,198.45,1017.44,1017.44,10.05,10.05,4.53,115.57,2025-01-03 3:00:00
2025-01-03,4:00:00,45.67,45.67,38.91,38.91,193.76,193.76,1043.92,1043.92,10,10,5.28,134.76,2025-01-03 4:00:00
2025-01-03,5:00:00,44.71,44.71,39.24,39.24,201.74,201.74,985.32,985.32,10.11,10.11,11.73,299,2025-01-03 5:00:00
2025-01-03,6:00:00,68.16,68.16,34.86,34.86,216.9,216.9,1019.88,1019.88,8.62,8.62,9.83,250.58,2025-01-03 6:00:00
2025-01-03,7:00:00,53.87,53.87,32.57,32.57,223.19,223.19,1062.95,1062.95,7.96,7.96,12.57,320.47,2025-01-03 7:00:00
2025-01-03,8:00:00,58.02,58.02,32.32,32.32,235.76,235.76,1039.58,1039.58,7.98,7.98,14.63,373.06,2025-01-03 8:00:00
2025-01-03,9:00:00,74.27,74.27,31.86,31.86,218.3,218.3,1279.92,1279.92,7.76,7.76,11.1,282.96,2025-01-03 9:00:00
2025-01-03,10:00:00,62.89,62.89,31.82,31.82,220.65,220.65,1161.56,1161.56,7.67,7.67,7.16,182.69,2025-01-03 10:00:00
2025-01-03,11:00:00,68.7,68.7,32.11,32.11,228.02,228.02,983.59,983.59,7.91,7.91,11.47,292.51,2025-01-03 11:00:00
2025-01-03,12:00:00,72.15,72.15,31.99,31.99,231.35,231.35,974.55,974.55,7.9,7.9,11.63,296.61,2025-01-03 12:00:00
2025-01-03,13:00:00,67.6,67.6,32.09,32.09,216.21,216.21,1075.18,1075.18,7.87,7.87,10.82,275.94,2025-01-03 13:00:00
2025-01-03,14:00:00,54.22,54.22,31.39,31.39,209.06,209.06,1136.87,1136.87,7.37,7.37,7.8,199.01,2025-01-03 14:00:00
2025-01-03,15:00:00,58.14,58.14,31.07,31.07,206.11,206.11,1220.84,1220.84,7.11,7.11,6.92,176.37,2025-01-03 15:00:00
2025-01-03,16:00:00,50.95,50.95,31.02,31.02,214.03,214.03,1199.32,1199.32,7.15,7.15,4.77,121.76,2025-01-03 16:00:00
2025-01-03,17:00:00,39.09,39.09,30.34,30.34,196.31,196.31,1529.24,1529.24,7,7,4.22,107.56,2025-01-03 17:00:00
2025-01-03,18:00:00,46.02,46.02,31.06,31.06,214.54,214.54,1294.64,1294.64,7.14,7.14,4.17,106.45,2025-01-03 18:00:00
2025-01-03,19:00:00,44.96,44.96,31.12,31.12,235.23,235.23,1072.34,1072.34,7.05,7.05,4.23,107.84,2025-01-03 19:00:00
2025-01-03,20:00:00,39.63,39.63,30.61,30.61,242.16,242.16,997.72,997.72,7,7,4.15,105.91,2025-01-03 20:00:00
2025-01-03,21:00:00,56.75,56.75,30.76,30.76,248.16,248.16,1013.42,1013.42,7.03,7.03,4.1,104.57,2025-01-03 21:00:00
2025-01-03,22:00:00,66.7,66.7,31.77,31.77,256.23,256.23,1001.72,1001.72,7.7,7.7,4.17,106.37,2025-01-03 22:00:00
2025-01-03,23:00:00,64.1,64.1,31.79,31.79,237.81,237.81,1065.69,1065.69,7.61,7.61,4.15,105.93,2025-01-03 23:00:00
2025-01-04,0:00:00,59.85,59.85,32.04,32.04,249.77,249.77,968.08,968.08,7.72,7.72,4.47,113.88,2025-01-04 0:00:00
2025-01-04,1:00:00,72.93,72.93,34.59,34.59,239.71,239.71,952.05,952.05,8.74,8.74,5.9,150.43,2025-01-04 1:00:00
2025-01-04,2:00:00,77.07,77.07,37.72,37.72,226.73,226.73,1045.7,1045.7,10,10,6.18,157.53,2025-01-04 2:00:00
2025-01-04,3:00:00,74.67,74.67,37.44,37.44,194.13,194.13,1381.9,1381.9,10,10,4.98,127.11,2025-01-04 3:00:00
2025-01-04,4:00:00,88.08,88.08,37.77,37.77,203.85,203.85,1073.27,1073.27,10,10,8.64,220.37,2025-01-04 4:00:00
2025-01-04,5:00:00,98.71,98.71,37.61,37.61,210.82,210.82,1116.55,1116.55,10,10,5.19,132.42,2025-01-04 5:00:00
2025-01-04,6:00:00,105,105,38.12,38.12,210.71,210.71,1005.02,1005.02,10,10,12.26,312.6,2025-01-04 6:00:00
2025-01-04,7:00:00,103.45,103.45,38.07,38.07,198.54,198.54,1021.65,1021.65,10,10,10.35,263.96,2025-01-04 7:00:00
2025-01-04,8:00:00,70.54,70.54,37.95,37.95,215.54,215.54,981.87,981.87,10,10,10.16,259.04,2025-01-04 8:00:00
2025-01-04,9:00:00,71.7,71.7,38.42,38.42,209.9,209.9,987.79,987.79,10,10,9.13,232.76,2025-01-04 9:00:00
2025-01-04,10:00:00,87.86,87.86,39.21,39.21,207.34,207.34,963.98,963.98,10,10,9.6,244.85,2025-01-04 10:00:00
2025-01-04,11:00:00,81.82,81.82,39.22,39.22,214.07,214.07,940.76,940.76,10,10,9.2,234.61,2025-01-04 11:00:00
2025-01-04,12:00:00,71.53,71.53,38.79,38.79,212.84,212.84,948.44,948.44,10,10,8.22,209.65,2025-01-04 12:00:00
2025-01-04,13:00:00,74.49,74.49,38.6,38.6,226.43,226.43,942.27,942.27,10,10,5.14,130.98,2025-01-04 13:00:00
2025-01-04,14:00:00,68.44,68.44,38.85,38.85,211.7,211.7,934.46,934.46,10.02,10.02,4.24,108.21,2025-01-04 14:00:00
2025-01-04,15:00:00,60.19,60.19,38.57,38.57,207.82,207.82,942.65,942.65,10,10,4.34,110.79,2025-01-04 15:00:00
2025-01-04,16:00:00,63.51,63.51,38.44,38.44,210.46,210.46,955.35,955.35,10,10,4.37,111.34,2025-01-04 16:00:00
2025-01-04,17:00:00,57.39,57.39,37.66,37.66,204.24,204.24,1022.4,1022.4,10,10,3.85,98.13,2025-01-04 17:00:00
2025-01-04,18:00:00,57.72,57.72,38.43,38.43,214.67,214.67,971.45,971.45,10.01,10.01,4.94,125.99,2025-01-04 18:00:00
2025-01-04,19:00:00,60.38,60.38,38.66,38.66,214.87,214.87,877.9,877.9,10,10,4.1,104.53,2025-01-04 19:00:00
2025-01-04,20:00:00,61.08,2.8,38.6,2.07,215.94,7.32,856.36,24.83,10,1.26,6.16,3.74,2025-01-04 20:00:00
2025-01-04,21:00:00,56.02,1,38.57,1,212.28,1,901.25,1,10,1,7.75,1,2025-01-04 21:00:00
2025-01-04,22:00:00,56.48,1,38.67,1,201.73,1,911.13,1,10,1,8.73,1,2025-01-04 22:00:00
2025-01-04,23:00:00,60.15,56.63,38.63,36.16,216.09,202.32,869.87,805.24,10,9.41,9.12,215.86,2025-01-04 23:00:00
2025-01-05,0:00:00,61.06,61.06,38.46,38.46,219.17,219.17,869.55,869.55,10,10,6.25,159.28,2025-01-05 0:00:00
2025-01-05,1:00:00,57.23,57.23,38.57,38.57,206.41,206.41,923.56,923.56,10,10,4.81,122.74,2025-01-05 1:00:00
2025-01-05,2:00:00,57.97,57.97,38.57,38.57,204.22,204.22,941.67,941.67,10,10,4.54,115.64,2025-01-05 2:00:00
2025-01-05,3:00:00,65.63,65.63,38.63,38.63,198.96,198.96,972.34,972.34,10,10,6.39,163.02,2025-01-05 3:00:00
2025-01-05,4:00:00,81.44,81.44,38.84,38.84,206.54,206.54,909.83,909.83,10,10,5.49,139.87,2025-01-05 4:00:00
2025-01-05,5:00:00,83.36,83.36,37.03,37.03,220.12,220.12,902.12,902.12,9.4,9.4,4.01,102.14,2025-01-05 5:00:00
2025-01-05,6:00:00,102.64,102.64,37.02,37.02,227.04,227.04,919.2,919.2,9.31,9.31,8.74,222.91,2025-01-05 6:00:00
2025-01-05,7:00:00,74.1,74.1,39.16,39.16,217.01,217.01,879.99,879.99,10,10,9.28,236.67,2025-01-05 7:00:00
2025-01-05,8:00:00,61.44,61.44,39,39,221.11,221.11,863.21,863.21,10,10,8.72,222.31,2025-01-05 8:00:00
2025-01-05,9:00:00,67.29,67.29,38.81,38.81,215.01,215.01,900.27,900.27,10,10,9.89,252.08,2025-01-05 9:00:00
2025-01-05,10:00:00,71.9,71.9,38.95,38.95,211.16,211.16,905.82,905.82,10.03,10.03,7.47,190.61,2025-01-05 10:00:00
2025-01-05,11:00:00,74.66,74.66,38.81,38.81,201.91,201.91,951.17,951.17,10,10,8.06,205.55,2025-01-05 11:00:00
2025-01-05,12:00:00,81.37,81.37,38.71,38.71,222.33,222.33,903.85,903.85,10,10,9.34,238.27,2025-01-05 12:00:00
2025-01-05,13:00:00,81.96,81.96,37.48,37.48,224.61,224.61,886.69,886.69,9.6,9.6,9.39,239.32,2025-01-05 13:00:00
2025-01-05,14:00:00,89.93,89.93,38.57,38.57,205.11,205.11,940.09,940.09,9.87,9.87,5.93,151.32,2025-01-05 14:00:00
2025-01-05,15:00:00,79.8,79.8,38.97,38.97,203,203,955.57,955.57,10,10,6.8,173.42,2025-01-05 15:00:00
2025-01-05,16:00:00,58.21,58.21,38.98,38.98,203.82,203.82,938.81,938.81,10.14,10.14,6.37,162.35,2025-01-05 16:00:00
2025-01-05,17:00:00,47.04,47.04,39.19,39.19,213.46,213.46,882.37,882.37,10.03,10.03,4.2,107.07,2025-01-05 17:00:00
2025-01-05,18:00:00,50.43,50.43,39.29,39.29,215.52,215.52,883.71,883.71,10.26,10.26,4.12,105.02,2025-01-05 18:00:00
2025-01-05,19:00:00,56.7,56.7,39.46,39.46,225.13,225.13,850.63,850.63,10.3,10.3,4.09,104.2,2025-01-05 19:00:00
2025-01-05,20:00:00,57.5,57.5,39.61,39.61,229.68,229.68,841.72,841.72,10.4,10.4,4.1,104.6,2025-01-05 20:00:00
2025-01-05,21:00:00,53.86,6.89,39.62,5.22,243.71,27.34,780.77,88.22,10.34,2,4.03,12.14,2025-01-05 21:00:00
2025-01-05,22:00:00,63.2,58.19,40,36.67,233.38,212.56,817.69,752.97,10.64,9.86,4.03,94.05,2025-01-05 22:00:00
2025-01-05,23:00:00,64.81,64.81,39.42,39.42,242.81,242.81,792.85,792.85,10.1,10.1,4.32,110.07,2025-01-05 23:00:00
2025-01-06,0:00:00,63.71,63.71,39.35,39.35,226.63,226.63,851.61,851.61,10.19,10.19,4.47,114.06,2025-01-06 0:00:00
2025-01-06,1:00:00,57.91,57.91,39.08,39.08,211.87,211.87,937.21,937.21,10.13,10.13,7.22,184.07,2025-01-06 1:00:00
2025-01-06,2:00:00,50.43,50.43,38.79,38.79,210.96,210.96,929.66,929.66,10.03,10.03,5.19,132.25,2025-01-06 2:00:00
2025-01-06,3:00:00,52.09,52.09,38.55,38.55,219.02,219.02,916.28,916.28,10.02,10.02,4.1,104.55,2025-01-06 3:00:00
2025-01-06,4:00:00,65.17,65.17,39.07,39.07,214.38,214.38,921.11,921.11,10.21,10.21,4.08,103.97,2025-01-06 4:00:00
2025-01-06,5:00:00,65.21,65.21,39.31,39.31,208.73,208.73,942.07,942.07,10.25,10.25,4.05,103.36,2025-01-06 5:00:00
2025-01-06,6:00:00,59.46,59.24,39.34,39.24,208.98,208.39,988.87,986.14,10.23,10.2,4.92,124.85,2025-01-06 6:00:00
2025-01-06,7:00:00,100.6,100.6,39.6,39.6,219.83,219.83,1027.86,1027.86,10.08,10.08,10.16,259.18,2025-01-06 7:00:00
2025-01-06,8:00:00,103.75,103.75,39.5,39.5,211.29,211.29,1077.67,1077.67,10,10,11.84,301.98,2025-01-06 8:00:00
2025-01-06,9:00:00,50.44,50.44,38.76,38.76,194.58,194.58,1521.06,1521.06,10,10,11.65,296.96,2025-01-06 9:00:00
2025-01-06,10:00:00,33.79,33.79,38.79,38.79,197.52,197.52,1332.63,1332.63,10,10,8.88,226.56,2025-01-06 10:00:00
2025-01-06,11:00:00,35,35,38,38,205,205,1335,1335,10,10,4,102,2025-01-06 11:00:00
2025-01-06,12:00:00,35,35,38,38,205,205,1335,1335,10,10,4,102,2025-01-06 12:00:00
2025-01-06,13:00:00,34.31,34.31,38.89,38.89,215.53,215.53,1089.24,1089.24,10.02,10.02,4.18,106.56,2025-01-06 13:00:00
2025-01-06,14:00:00,29.48,29.48,39.24,39.24,211.35,211.35,948.74,948.74,10.06,10.06,4.31,109.81,2025-01-06 14:00:00
2025-01-06,15:00:00,25.85,25.85,39.32,39.32,208.18,208.18,967.06,967.06,10.12,10.12,4.33,110.37,2025-01-06 15:00:00
2025-01-06,16:00:00,23.61,23.61,39.01,39.01,198.41,198.41,1057.62,1057.62,10.01,10.01,4.44,113.19,2025-01-06 16:00:00
2025-01-06,17:00:00,20.72,20.72,38.4,38.4,191.16,191.16,1074.16,1074.16,10,10,4.25,108.28,2025-01-06 17:00:00
2025-01-06,18:00:00,20.46,20.46,38.46,38.46,200.97,200.97,1050.72,1050.72,10,10,4.18,106.68,2025-01-06 18:00:00
2025-01-06,19:00:00,24.85,24.85,38.62,38.62,217.46,217.46,969.24,969.24,10,10,4.22,107.61,2025-01-06 19:00:00
2025-01-06,20:00:00,23.69,23.69,38.74,38.74,196.98,196.98,1069.28,1069.28,10.02,10.02,4.54,115.66,2025-01-06 20:00:00
2025-01-06,21:00:00,28.5,28.5,38.58,38.58,207.62,207.62,1013.08,1013.08,10,10,4.13,105.43,2025-01-06 21:00:00
2025-01-06,22:00:00,29.49,29.49,38.28,38.28,206.91,206.91,1064.74,1064.74,10,10,5.85,149.25,2025-01-06 22:00:00
2025-01-06,23:00:00,28.4,28.4,38.85,38.85,217.45,217.45,962.88,962.88,10.19,10.19,6.59,168.01,2025-01-06 23:00:00
2025-01-07,0:00:00,34.21,34.21,39.05,39.05,223.66,223.66,906.14,906.14,10.03,10.03,8.18,208.71,2025-01-07 0:00:00
2025-01-07,1:00:00,37.37,37.37,38.68,38.68,209.63,209.63,1057.1,1057.1,10,10,6.22,158.72,2025-01-07 1:00:00
2025-01-07,2:00:00,29.76,29.76,38.17,38.17,190.47,190.47,1434.34,1434.34,10,10,4.12,105.11,2025-01-07 2:00:00
2025-01-07,3:00:00,28.95,28.95,38.31,38.31,203.05,203.05,1027.12,1027.12,10,10,4.16,106.14,2025-01-07 3:00:00
2025-01-07,4:00:00,23.27,23.27,38.38,38.38,201.92,201.92,1064.22,1064.22,10,10,4.95,126.28,2025-01-07 4:00:00
2025-01-07,5:00:00,42.15,42.15,38.56,38.56,208.74,208.74,1008.46,1008.46,10,10,4.08,103.98,2025-01-07 5:00:00
2025-01-07,6:00:00,45.69,45.69,38.96,38.96,216.65,216.65,975.41,975.41,10.01,10.01,4.12,104.97,2025-01-07 6:00:00
2025-01-07,7:00:00,60.26,60.26,38.86,38.86,192.85,192.85,1044.71,1044.71,10,10,7.36,187.62,2025-01-07 7:00:00
2025-01-07,8:00:00,56.8,56.8,37.65,37.65,194.61,194.61,1061.13,1061.13,9.69,9.69,13.11,334.39,2025-01-07 8:00:00
2025-01-07,9:00:00,78.2,78.2,33.89,33.89,195.69,195.69,1089.53,1089.53,8.21,8.21,13.78,351.45,2025-01-07 9:00:00
2025-01-07,10:00:00,96.4,96.4,34.58,34.58,201.55,201.55,1105.65,1105.65,8.6,8.6,13.07,333.2,2025-01-07 10:00:00
2025-01-07,11:00:00,52.53,52.53,37.85,37.85,181.12,181.12,1354.89,1354.89,10,10,11.4,290.69,2025-01-07 11:00:00
2025-01-07,12:00:00,49.34,49.34,37.76,37.76,168.84,168.84,1652.83,1652.83,10,10,10.03,255.8,2025-01-07 12:00:00
2025-01-07,13:00:00,43.31,43.31,37.9,37.9,181.59,181.59,1210.54,1210.54,10,10,7.79,198.68,2025-01-07 13:00:00
2025-01-07,14:00:00,34.85,34.85,37.84,37.84,174.85,174.85,1279.97,1279.97,10,10,4.33,110.34,2025-01-07 14:00:00
2025-01-07,15:00:00,30.66,30.66,37.93,37.93,166.1,166.1,1304.54,1304.54,10,10,4.44,113.14,2025-01-07 15:00:00
2025-01-07,16:00:00,30.17,30.17,37.91,37.91,169.39,169.39,1246.29,1246.29,10,10,4.67,119.2,2025-01-07 16:00:00
2025-01-07,17:00:00,38.65,38.65,37.83,37.83,165.26,165.26,1414.7,1414.7,10,10,4.53,115.5,2025-01-07 17:00:00
2025-01-07,18:00:00,46.41,46.41,36.91,36.91,156.12,156.12,1701.68,1701.68,9.73,9.73,4.22,107.7,2025-01-07 18:00:00
2025-01-07,19:00:00,103.04,103.04,34.98,34.98,176.75,176.75,1428.28,1428.28,8.68,8.68,4.16,106.2,2025-01-07 19:00:00
2025-01-07,20:00:00,49.82,49.82,38.33,38.33,162.29,162.29,1299.75,1299.75,10,10,4.26,108.51,2025-01-07 20:00:00
2025-01-07,21:00:00,58.82,58.82,38.58,38.58,177.39,177.39,1092.15,1092.15,10.03,10.03,4.12,104.99,2025-01-07 21:00:00
2025-01-07,22:00:00,50.32,50.32,38.2,38.2,170.36,170.36,1123.04,1123.04,10,10,4.04,103.11,2025-01-07 22:00:00
2025-01-07,23:00:00,62.08,62.08,37.62,37.62,182.47,182.47,1035.96,1035.96,9.64,9.64,6.18,157.66,2025-01-07 23:00:00
2025-01-08,0:00:00,47.02,47.02,38.62,38.62,167.38,167.38,1187.48,1187.48,10,10,5.44,138.78,2025-01-08 0:00:00
2025-01-08,1:00:00,33.69,33.69,38.33,38.33,169.06,169.06,1117.83,1117.83,10,10,5.14,131.03,2025-01-08 1:00:00
2025-01-08,2:00:00,30.64,30.64,38.15,38.15,164.18,164.18,1105.53,1105.53,10,10,4.67,119.2,2025-01-08 2:00:00
2025-01-08,3:00:00,25.32,25.32,37.57,37.57,153.88,153.88,1673.16,1673.16,10,10,4.98,127.09,2025-01-08 3:00:00
2025-01-08,4:00:00,27.23,27.23,37.43,37.43,165.73,165.73,1664.72,1664.72,10,10,4.21,107.35,2025-01-08 4:00:00
2025-01-08,5:00:00,30.98,30.98,38.1,38.1,167.48,167.48,1259.16,1259.16,10,10,4.32,110.08,2025-01-08 5:00:00
2025-01-08,6:00:00,28,28,36.69,36.69,156.02,156.02,1575.91,1575.91,9.68,9.68,4.45,113.37,2025-01-08 6:00:00
2025-01-08,7:00:00,79.38,79.38,32.95,32.95,153.59,153.59,1672.08,1672.08,8,8,6.45,164.57,2025-01-08 7:00:00
2025-01-08,8:00:00,100.2,100.2,32.89,32.89,155.37,155.37,1553.27,1553.27,7.98,7.98,4.01,102.3,2025-01-08 8:00:00
2025-01-08,9:00:00,55.73,55.73,31.81,31.81,148.18,148.18,1644.58,1644.58,7.91,7.91,4,102,2025-01-08 9:00:00
2025-01-08,10:00:00,53.13,53.13,31.97,31.97,152.93,152.93,1483.03,1483.03,8,8,4.1,104.61,2025-01-08 10:00:00
2025-01-08,11:00:00,69.05,69.05,32.92,32.92,166.98,166.98,1446.12,1446.12,8.2,8.2,7.56,192.81,2025-01-08 11:00:00
2025-01-08,12:00:00,63.43,63.43,31.91,31.91,173.64,173.64,1515.46,1515.46,7.77,7.77,7.46,190.17,2025-01-08 12:00:00
2025-01-08,13:00:00,36.42,36.42,37.22,37.22,141.78,141.78,1941.62,1941.62,9.98,9.98,6.52,166.28,2025-01-08 13:00:00
2025-01-08,14:00:00,41.2,41.2,37.08,37.08,133.92,133.92,2185.72,2185.72,10,10,4.41,112.56,2025-01-08 14:00:00
2025-01-08,15:00:00,42.45,42.45,37.2,37.2,145.12,145.12,1680.42,1680.42,10,10,4.59,117.07,2025-01-08 15:00:00
2025-01-08,16:00:00,54.03,54.03,38.57,38.57,175.39,175.39,1094.01,1094.01,10,10,7.71,196.7,2025-01-08 16:00:00
2025-01-08,17:00:00,41.58,41.58,38.85,38.85,175.87,175.87,1081.87,1081.87,10,10,6.02,153.61,2025-01-08 17:00:00
2025-01-08,18:00:00,60.34,60.34,38.63,38.63,176.07,176.07,1040.27,1040.27,10,10,4.01,102.28,2025-01-08 18:00:00
2025-01-08,19:00:00,37.63,37.63,39.01,39.01,173.52,173.52,1049.01,1049.01,10.14,10.14,4.01,102.31,2025-01-08 19:00:00
2025-01-08,20:00:00,31.16,31.16,38.81,38.81,180.47,180.47,1013.94,1013.94,10.04,10.04,4.04,102.95,2025-01-08 20:00:00
2025-01-08,21:00:00,28.76,28.76,38.77,38.77,186.36,186.36,946.83,946.83,10,10,4.05,103.3,2025-01-08 21:00:00
2025-01-08,22:00:00,28.76,28.76,39.06,39.06,189.73,189.73,926,926,10.02,10.02,4.24,108.06,2025-01-08 22:00:00
2025-01-08,23:00:00,38,38,38.99,38.99,182.48,182.48,958.83,958.83,10,10,4.08,104.06,2025-01-08 23:00:00
2025-01-09,0:00:00,61.47,61.47,38.87,38.87,185.31,185.31,951.24,951.24,10,10,5.52,140.68,2025-01-09 0:00:00
2025-01-09,1:00:00,33.93,33.93,38.64,38.64,181.8,181.8,943.7,943.7,10.01,10.01,5.7,145.46,2025-01-09 1:00:00
2025-01-09,2:00:00,30.1,30.1,38.82,38.82,184.88,184.88,922.46,922.46,10,10,4.05,103.29,2025-01-09 2:00:00
2025-01-09,3:00:00,31.39,31.39,38.53,38.53,175.84,175.84,995.21,995.21,10.01,10.01,4.61,117.48,2025-01-09 3:00:00
2025-01-09,4:00:00,31.22,31.22,38.81,38.81,187.15,187.15,948.9,948.9,10,10,5.14,131.1,2025-01-09 4:00:00
2025-01-09,5:00:00,32.81,32.81,38.94,38.94,191.7,191.7,975.98,975.98,10.08,10.08,5.73,145.99,2025-01-09 5:00:00
2025-01-09,6:00:00,36.01,36.01,39.16,39.16,191.72,191.72,979.61,979.61,10.05,10.05,8.4,214.07,2025-01-09 6:00:00
2025-01-09,7:00:00,31.12,31.12,39.03,39.03,192.89,192.89,968.12,968.12,10.05,10.05,11.76,299.76,2025-01-09 7:00:00
2025-01-09,8:00:00,31.09,31.09,39.1,39.1,201.72,201.72,937.19,937.19,10.02,10.02,8.84,225.52,2025-01-09 8:00:00
2025-01-09,9:00:00,32.99,32.99,39.05,39.05,184.56,184.56,1072.11,1072.11,10.14,10.14,4.08,104.05,2025-01-09 9:00:00
2025-01-09,10:00:00,29.43,29.43,38.22,38.22,178.03,178.03,1169.61,1169.61,10,10,4.09,104.32,2025-01-09 10:00:00
2025-01-09,11:00:00,25.58,25.58,38.04,38.04,175.36,175.36,1156.55,1156.55,10,10,4.98,126.99,2025-01-09 11:00:00
2025-01-09,12:00:00,25.39,25.39,38.08,38.08,185.1,185.1,1088.66,1088.66,10,10,8.08,205.94,2025-01-09 12:00:00
2025-01-09,13:00:00,28.03,28.03,38.05,38.05,192,192,1098.46,1098.46,10,10,4.51,115.1,2025-01-09 13:00:00
2025-01-09,14:00:00,26.43,26.43,38.1,38.1,182.57,182.57,1130.75,1130.75,10.04,10.04,5.68,144.83,2025-01-09 14:00:00
2025-01-09,15:00:00,22.41,22.41,38.02,38.02,179.45,179.45,1133.03,1133.03,10,10,4.42,112.64,2025-01-09 15:00:00
2025-01-09,16:00:00,21.05,21.05,37.67,37.67,151.31,151.31,1404.5,1404.5,10,10,4.2,107.16,2025-01-09 16:00:00
2025-01-09,17:00:00,21.43,21.43,38.16,38.16,170.9,170.9,1286.41,1286.41,10,10,4.15,105.89,2025-01-09 17:00:00
2025-01-09,18:00:00,31.34,31.34,38.79,38.79,162.91,162.91,1507.07,1507.07,10.1,10.1,4.16,106.01,2025-01-09 18:00:00
2025-01-09,19:00:00,25.85,25.85,37.95,37.95,157.45,157.45,1547.45,1547.45,10,10,4.13,105.36,2025-01-09 19:00:00
2025-01-09,20:00:00,33.29,33.29,38.18,38.18,157.03,157.03,1443.33,1443.33,10,10,5.28,134.65,2025-01-09 20:00:00
2025-01-09,21:00:00,35.57,35.57,37.82,37.82,150.3,150.3,1388.69,1388.69,10,10,4.12,105.18,2025-01-09 21:00:00
2025-01-09,22:00:00,31.25,31.25,37.65,37.65,147.08,147.08,1397.05,1397.05,10,10,4.13,105.42,2025-01-09 22:00:00
2025-01-09,23:00:00,30.65,30.65,37.69,37.69,157.97,157.97,1225.99,1225.99,10,10,4.13,105.4,2025-01-09 23:00:00
2025-01-10,0:00:00,41.36,41.36,37.73,37.73,163.06,163.06,1181.14,1181.14,10,10,4.14,105.53,2025-01-10 0:00:00
2025-01-10,1:00:00,42.69,42.69,37.56,37.56,156.48,156.48,1257.94,1257.94,10,10,4.13,105.22,2025-01-10 1:00:00
2025-01-10,2:00:00,54.23,54.23,37.9,37.9,170.45,170.45,1177.23,1177.23,10,10,4.13,105.32,2025-01-10 2:00:00
2025-01-10,3:00:00,48.92,48.92,38.1,38.1,174.7,174.7,1120.22,1120.22,10,10,4.13,105.24,2025-01-10 3:00:00
2025-01-10,4:00:00,42.1,42.1,38.1,38.1,170.36,170.36,1151.61,1151.61,10,10,5.22,133.04,2025-01-10 4:00:00
2025-01-10,5:00:00,43.99,43.99,38.14,38.14,177.74,177.74,1125.41,1125.41,10,10,4.36,111.18,2025-01-10 5:00:00
2025-01-10,6:00:00,36.01,36.01,38.3,38.3,174.44,174.44,1122.7,1122.7,10,10,7.22,184.05,2025-01-10 6:00:00
2025-01-10,7:00:00,32.54,32.54,38.4,38.4,183.53,183.53,1067.37,1067.37,10.01,10.01,4.85,123.79,2025-01-10 7:00:00
2025-01-10,8:00:00,34.81,34.81,38.69,38.69,189.39,189.39,1052.39,1052.39,10,10,11.3,288.11,2025-01-10 8:00:00
2025-01-10,9:00:00,38.51,38.51,39.26,39.26,186.92,186.92,1054.27,1054.27,10,10,12.65,322.61,2025-01-10 9:00:00
2025-01-10,10:00:00,37.74,37.74,38.93,38.93,186.84,186.84,1095.53,1095.53,10.02,10.02,11.97,305.28,2025-01-10 10:00:00
2025-01-10,11:00:00,78.57,78.57,38.82,38.82,173.96,173.96,1319.67,1319.67,10,10,11,280.48,2025-01-10 11:00:00
2025-01-10,12:00:00,104.76,104.76,38.43,38.43,165.67,165.67,1369.31,1369.31,10,10,11.59,295.48,2025-01-10 12:00:00
2025-01-10,13:00:00,105,105,35.98,35.98,176.25,176.25,1370.22,1370.22,8.99,8.99,11.3,288.05,2025-01-10 13:00:00
2025-01-10,14:00:00,105,105,33.28,33.28,213.21,213.21,1320.65,1320.65,7.81,7.81,9.25,235.85,2025-01-10 14:00:00
2025-01-10,15:00:00,105,105,33.39,33.39,215.13,215.13,1257.75,1257.75,7.87,7.87,4.4,112.28,2025-01-10 15:00:00
2025-01-10,16:00:00,105,105,34.43,34.43,220.29,220.29,1233.94,1233.94,8.24,8.24,4.34,110.71,2025-01-10 16:00:00
2025-01-10,17:00:00,79.73,79.73,39.27,39.27,204.27,204.27,1222.82,1222.82,10.1,10.1,4.21,107.29,2025-01-10 17:00:00
2025-01-10,18:00:00,52.68,52.68,38.45,38.45,195.77,195.77,1167.42,1167.42,10,10,4.25,108.42,2025-01-10 18:00:00
2025-01-10,19:00:00,65.03,65.03,38.82,38.82,200.2,200.2,1238.64,1238.64,10,10,4.25,108.25,2025-01-10 19:00:00
2025-01-10,20:00:00,53.56,53.56,39.05,39.05,204.71,204.71,1237.49,1237.49,10,10,4.29,109.27,2025-01-10 20:00:00
2025-01-10,21:00:00,68.32,68.32,38.72,38.72,211.13,211.13,1328.7,1328.7,10,10,4.26,108.7,2025-01-10 21:00:00
2025-01-10,22:00:00,51.76,51.76,38.98,38.98,225.05,225.05,1237.19,1237.19,10.02,10.02,4.3,109.72,2025-01-10 22:00:00
2025-01-10,23:00:00,51.44,51.44,38.77,38.77,228.13,228.13,1202.47,1202.47,10,10,5.78,147.35,2025-01-10 23:00:00
2025-01-11,0:00:00,55.84,55.84,39.06,39.06,233.72,233.72,1207.95,1207.95,10.04,10.04,8.38,213.76,2025-01-11 0:00:00
2025-01-11,1:00:00,37.59,37.59,38.88,38.88,233.53,233.53,1164.26,1164.26,10,10,9.1,232.17,2025-01-11 1:00:00
2025-01-11,2:00:00,50.02,50.02,38.99,38.99,237.31,237.31,1144.05,1144.05,10.01,10.01,7.43,189.42,2025-01-11 2:00:00
2025-01-11,3:00:00,71.2,71.2,39.34,39.34,235,235,1151.98,1151.98,10.09,10.09,4.36,111.16,2025-01-11 3:00:00
2025-01-11,4:00:00,93.21,93.21,38.76,38.76,244.64,244.64,1125.23,1125.23,10,10,4.31,109.78,2025-01-11 4:00:00
2025-01-11,5:00:00,100.41,100.41,39.19,39.19,243.07,243.07,1155.13,1155.13,10,10,4.3,109.72,2025-01-11 5:00:00
2025-01-11,6:00:00,74.99,74.99,39.3,39.3,237.26,237.26,1150.5,1150.5,10,10,4.33,110.46,2025-01-11 6:00:00
2025-01-11,7:00:00,65.39,65.39,39.18,39.18,231.11,231.11,1159.07,1159.07,10,10,9.17,233.89,2025-01-11 7:00:00
2025-01-11,8:00:00,51.24,51.24,39.16,39.16,233.14,233.14,1180.08,1180.08,10.06,10.06,13.88,353.99,2025-01-11 8:00:00
2025-01-11,9:00:00,58.86,58.86,38.91,38.91,233.9,233.9,1173.25,1173.25,10,10,13.2,336.54,2025-01-11 9:00:00
2025-01-11,10:00:00,66.34,66.34,39.04,39.04,240.44,240.44,1164.14,1164.14,10,10,11.41,290.94,2025-01-11 10:00:00
2025-01-11,11:00:00,63.13,63.13,39.14,39.14,231.81,231.81,1186.81,1186.81,10,10,8.68,221.22,2025-01-11 11:00:00
2025-01-11,12:00:00,61.3,61.3,39.21,39.21,246.06,246.06,1206.34,1206.34,10.01,10.01,7.48,190.76,2025-01-11 12:00:00
2025-01-11,13:00:00,59.02,59.02,39.18,39.18,237.33,237.33,1222.96,1222.96,10,10,4.31,109.82,2025-01-11 13:00:00
2025-01-11,14:00:00,57.01,57.01,38.91,38.91,222.61,222.61,1242.96,1242.96,10,10,4.42,112.64,2025-01-11 14:00:00
2025-01-11,15:00:00,69.68,69.68,39.07,39.07,222.84,222.84,1242.08,1242.08,10,10,4.41,112.56,2025-01-11 15:00:00
2025-01-11,16:00:00,49.24,49.24,38.85,38.85,217.11,217.11,1266.83,1266.83,10,10,4.33,110.41,2025-01-11 16:00:00
2025-01-11,17:00:00,84.11,84.11,38.7,38.7,220,220,1237.46,1237.46,10,10,4.19,106.81,2025-01-11 17:00:00
2025-01-11,18:00:00,71.12,71.12,38.83,38.83,229.95,229.95,1237.42,1237.42,10,10,4.09,104.21,2025-01-11 18:00:00
2025-01-11,19:00:00,59.53,59.53,38.95,38.95,234.06,234.06,1229.53,1229.53,10.09,10.09,5.17,131.76,2025-01-11 19:00:00
2025-01-11,20:00:00,48.96,48.96,38.75,38.75,227.78,227.78,1215.22,1215.22,10.02,10.02,4.09,104.25,2025-01-11 20:00:00
2025-01-11,21:00:00,46.48,46.48,39.33,39.33,228.98,228.98,1232.34,1232.34,10.08,10.08,4.1,104.47,2025-01-11 21:00:00
2025-01-11,22:00:00,48.77,48.77,38.47,38.47,234.48,234.48,1215.75,1215.75,10,10,6.34,161.56,2025-01-11 22:00:00
2025-01-11,23:00:00,55.78,55.78,39.15,39.15,240.52,240.52,1236.37,1236.37,10.03,10.03,9.07,231.2,2025-01-11 23:00:00
2025-01-12,0:00:00,48.77,48.77,38.76,38.76,231.17,231.17,1218.79,1218.79,10,10,9.84,250.99,2025-01-12 0:00:00
2025-01-12,1:00:00,50.99,50.99,38.69,38.69,225.04,225.04,1227.28,1227.28,10,10,8.78,223.88,2025-01-12 1:00:00
2025-01-12,2:00:00,56.84,56.84,38.56,38.56,237.63,237.63,1207.32,1207.32,10,10,5.25,133.92,2025-01-12 2:00:00
2025-01-12,3:00:00,61.27,61.27,38.77,38.77,260.55,260.55,1194.75,1194.75,10,10,4.08,104.16,2025-01-12 3:00:00
2025-01-12,4:00:00,45.45,45.45,38.66,38.66,233.63,233.63,1226.62,1226.62,10.05,10.05,4.07,103.81,2025-01-12 4:00:00
2025-01-12,5:00:00,53.83,53.83,38.97,38.97,239.37,239.37,1223.89,1223.89,10.09,10.09,5.33,135.95,2025-01-12 5:00:00
2025-01-12,6:00:00,54.39,54.39,38.75,38.75,240.49,240.49,1226.73,1226.73,10,10,7.64,194.72,2025-01-12 6:00:00
2025-01-12,7:00:00,64.27,64.27,38.72,38.72,239.22,239.22,1259.77,1259.77,10,10,10.29,262.33,2025-01-12 7:00:00
2025-01-12,8:00:00,48.53,48.53,38.64,38.64,241.01,241.01,1248.59,1248.59,10,10,9.88,252.03,2025-01-12 8:00:00
2025-01-12,9:00:00,44.05,44.05,38.43,38.43,237.82,237.82,1252.92,1252.92,10,10,8.53,217.58,2025-01-12 9:00:00
2025-01-12,10:00:00,58.07,58.07,38.72,38.72,242.21,242.21,1274.06,1274.06,10,10,7.37,187.81,2025-01-12 10:00:00
2025-01-12,11:00:00,65.33,65.33,38.04,38.04,243.22,243.22,1309.77,1309.77,9.74,9.74,8.85,225.73,2025-01-12 11:00:00
2025-01-12,12:00:00,89.73,89.73,31.28,31.28,241.48,241.48,1356.59,1356.59,7.09,7.09,7.44,189.66,2025-01-12 12:00:00
2025-01-12,13:00:00,87.52,87.52,38.44,38.44,231.42,231.42,1280.92,1280.92,9.95,9.95,4.44,113.11,2025-01-12 13:00:00
2025-01-12,14:00:00,37.76,37.76,37.95,37.95,226.58,226.58,1259.61,1259.61,10,10,4.19,106.85,2025-01-12 14:00:00
2025-01-12,15:00:00,31.38,31.38,38.16,38.16,237.47,237.47,1238.85,1238.85,10,10,4.2,107.22,2025-01-12 15:00:00
2025-01-12,16:00:00,70.13,70.13,35.96,35.96,263.1,263.1,1201.28,1201.28,9.39,9.39,3.48,88.85,2025-01-12 16:00:00
2025-01-12,17:00:00,74.69,74.69,33.54,33.54,220.92,220.92,1279.38,1279.38,8.42,8.42,3.24,82.6,2025-01-12 17:00:00
2025-01-12,18:00:00,69.54,69.54,37.42,37.42,216.47,216.47,1232.94,1232.94,9.92,9.92,6.4,163.23,2025-01-12 18:00:00
2025-01-12,19:00:00,53.14,53.14,35.75,35.75,225.3,225.3,1252.84,1252.84,9.3,9.3,6.31,161,2025-01-12 19:00:00
2025-01-12,20:00:00,58.28,58.28,31.47,31.47,233.86,233.86,1264.49,1264.49,7.62,7.62,4.11,104.69,2025-01-12 20:00:00
2025-01-12,21:00:00,57.63,57.63,31.21,31.21,238.52,238.52,1275.43,1275.43,7.34,7.34,5.99,152.71,2025-01-12 21:00:00
2025-01-12,22:00:00,63.64,63.64,31.31,31.31,252.3,252.3,1302.3,1302.3,7.47,7.47,8.98,228.89,2025-01-12 22:00:00
2025-01-12,23:00:00,84.15,41.16,31.89,16.32,247.26,122.56,1293.59,641.69,7.71,4.33,7.42,85.79,2025-01-12 23:00:00
2025-01-13,0:00:00,85.98,85.98,33.11,33.11,235.2,235.2,1261.68,1261.68,8.09,8.09,5.47,139.42,2025-01-13 0:00:00
2025-01-13,1:00:00,59.21,59.21,38.58,38.58,235.05,235.05,1220.08,1220.08,10.02,10.02,6.29,160.48,2025-01-13 1:00:00
2025-01-13,2:00:00,48.85,48.85,38.72,38.72,217.9,217.9,1240.52,1240.52,10.14,10.14,5.52,140.84,2025-01-13 2:00:00
2025-01-13,3:00:00,48.75,48.75,38.67,38.67,213.86,213.86,1245.97,1245.97,10.09,10.09,3.97,101.32,2025-01-13 3:00:00
2025-01-13,4:00:00,57.93,57.93,38.82,38.82,207.53,207.53,1242.51,1242.51,10.04,10.04,3.99,101.76,2025-01-13 4:00:00
2025-01-13,5:00:00,53.09,53.09,38.79,38.79,207.82,207.82,1227.43,1227.43,10,10,4.13,105.31,2025-01-13 5:00:00
2025-01-13,6:00:00,52.24,52.24,38.73,38.73,209.31,209.31,1212.88,1212.88,10.01,10.01,10.36,264.15,2025-01-13 6:00:00
2025-01-13,7:00:00,47.37,47.37,38.86,38.86,195.96,195.96,1279.98,1279.98,10.13,10.13,7.59,193.46,2025-01-13 7:00:00
2025-01-13,8:00:00,42.74,42.74,38.47,38.47,202.2,202.2,1241.64,1241.64,10,10,4,101.96,2025-01-13 8:00:00
2025-01-13,9:00:00,54.17,54.17,38.19,38.19,216.78,216.78,1211.63,1211.63,10.05,10.05,5.56,141.75,2025-01-13 9:00:00
2025-01-13,10:00:00,65.25,65.25,36.88,36.88,257.32,257.32,1199.95,1199.95,9.82,9.82,12.78,325.78,2025-01-13 10:00:00
2025-01-13,11:00:00,69.69,69.69,36.78,36.78,250.24,250.24,1225.46,1225.46,9.71,9.71,13.31,339.45,2025-01-13 11:00:00
2025-01-13,12:00:00,71.15,71.15,36.43,36.43,254.9,254.9,1178.7,1178.7,9.26,9.26,11.98,305.48,2025-01-13 12:00:00
2025-01-13,13:00:00,91.88,91.88,32.41,32.41,245.61,245.61,1198.64,1198.64,7.9,7.9,9.34,238.15,2025-01-13 13:00:00
2025-01-13,14:00:00,105,105,35.89,35.89,210.84,210.84,1252.84,1252.84,8.94,8.94,8.56,218.2,2025-01-13 14:00:00
2025-01-13,15:00:00,99.94,99.94,39.01,39.01,209.93,209.93,1153.77,1153.77,10,10,6.24,159.09,2025-01-13 15:00:00
2025-01-13,16:00:00,63.99,63.99,36.88,36.88,204.21,204.21,1233.77,1233.77,9.36,9.36,4.31,110.03,2025-01-13 16:00:00
2025-01-13,17:00:00,85.94,85.94,33.17,33.17,201.82,201.82,1332.75,1332.75,8.03,8.03,4.06,103.49,2025-01-13 17:00:00
2025-01-13,18:00:00,101.88,101.88,37.32,37.32,231.14,231.14,1154,1154,9.26,9.26,4.09,104.25,2025-01-13 18:00:00
2025-01-13,19:00:00,59.97,59.97,40.34,40.34,233.95,233.95,1147.79,1147.79,10.66,10.66,4.02,102.43,2025-01-13 19:00:00
2025-01-13,20:00:00,47.39,47.39,39.71,39.71,219.71,219.71,1147.77,1147.77,10.29,10.29,4.02,102.47,2025-01-13 20:00:00
2025-01-13,21:00:00,50.71,50.71,39.88,39.88,224.67,224.67,1101.67,1101.67,10.27,10.27,4.21,107.26,2025-01-13 21:00:00
2025-01-13,22:00:00,46.14,46.14,39.57,39.57,226.22,226.22,1071.99,1071.99,10.19,10.19,4.01,102.16,2025-01-13 22:00:00
2025-01-13,23:00:00,81.6,81.6,39.12,39.12,225.18,225.18,1100.58,1100.58,10.06,10.06,5.83,148.63,2025-01-13 23:00:00
2025-01-14,0:00:00,58.52,58.52,38.52,38.52,224.34,224.34,1124.25,1124.25,10,10,6.41,163.49,2025-01-14 0:00:00
2025-01-14,1:00:00,37.81,37.81,38.61,38.61,224.72,224.72,1103.36,1103.36,10,10,6.37,162.45,2025-01-14 1:00:00
2025-01-14,2:00:00,37.42,37.42,38.41,38.41,228.05,228.05,1138.66,1138.66,10,10,4.65,118.51,2025-01-14 2:00:00
2025-01-14,3:00:00,41.75,41.75,38.4,38.4,213.96,213.96,1171.31,1171.31,10,10,5.09,129.67,2025-01-14 3:00:00
2025-01-14,4:00:00,32.32,32.32,38.05,38.05,209.01,209.01,1197.4,1197.4,10,10,4,102.11,2025-01-14 4:00:00
2025-01-14,5:00:00,30.96,30.96,37.87,37.87,200.23,200.23,1226.32,1226.32,10,10,5.08,129.63,2025-01-14 5:00:00
2025-01-14,6:00:00,43.77,43.77,38.19,38.19,197.32,197.32,1279.43,1279.43,10,10,10.3,262.78,2025-01-14 6:00:00
2025-01-14,7:00:00,46.08,46.08,38.08,38.08,199.69,199.69,1214.22,1214.22,10,10,10.15,258.73,2025-01-14 7:00:00
2025-01-14,8:00:00,51.75,51.75,39.09,39.09,218.48,218.48,1060.18,1060.18,10,10,4.97,126.63,2025-01-14 8:00:00
2025-01-14,9:00:00,44.53,44.53,39.39,39.39,221.93,221.93,1035.34,1035.34,10.08,10.08,4.33,110.34,2025-01-14 9:00:00
2025-01-14,10:00:00,41.54,41.54,39.26,39.26,217.63,217.63,1037.03,1037.03,10.03,10.03,7.5,191.34,2025-01-14 10:00:00
2025-01-14,11:00:00,49.01,49.01,39.64,39.64,223.12,223.12,1044.93,1044.93,10.34,10.34,7.32,186.55,2025-01-14 11:00:00
2025-01-14,12:00:00,45.49,45.49,39.6,39.6,210.74,210.74,1051.13,1051.13,10.24,10.24,6.34,161.69,2025-01-14 12:00:00
2025-01-14,13:00:00,40.87,40.87,39.27,39.27,213.43,213.43,1037.22,1037.22,10.02,10.02,4.02,102.43,2025-01-14 13:00:00
2025-01-14,14:00:00,58.65,58.65,39.26,39.26,214.54,214.54,1047.03,1047.03,10.14,10.14,4.01,102.36,2025-01-14 14:00:00
2025-01-14,15:00:00,100.19,100.19,39.34,39.34,223.79,223.79,1022.91,1022.91,10.1,10.1,4.05,103.15,2025-01-14 15:00:00
2025-01-14,16:00:00,58.96,58.96,38.21,38.21,225.42,225.42,1243.86,1243.86,9.89,9.89,4.01,102.22,2025-01-14 16:00:00
2025-01-14,17:00:00,48.33,48.33,39.85,39.85,225.3,225.3,971.27,971.27,10.5,10.5,4.03,102.78,2025-01-14 17:00:00
2025-01-14,18:00:00,42.2,42.2,38.84,38.84,199.6,199.6,1123.4,1123.4,10.03,10.03,4.01,102.32,2025-01-14 18:00:00
2025-01-14,19:00:00,48.73,48.73,38.88,38.88,213.76,213.76,1067.06,1067.06,10.02,10.02,4.34,110.66,2025-01-14 19:00:00
2025-01-14,20:00:00,46.81,46.81,39.18,39.18,213.53,213.53,1072.21,1072.21,10.03,10.03,4.4,112.11,2025-01-14 20:00:00
2025-01-14,21:00:00,38.49,38.49,38.7,38.7,205.47,205.47,1050.89,1050.89,10,10,6.49,165.43,2025-01-14 21:00:00
2025-01-14,22:00:00,38.8,38.8,38.42,38.42,187.69,187.69,1123.3,1123.3,10,10,4,102.06,2025-01-14 22:00:00
2025-01-14,23:00:00,49.01,49.01,38.63,38.63,196.41,196.41,1084.35,1084.35,10,10,4,102.02,2025-01-14 23:00:00
2025-01-15,0:00:00,66.12,66.12,38.42,38.42,188.74,188.74,1131.89,1131.89,10,10,7.13,181.81,2025-01-15 0:00:00
2025-01-15,1:00:00,46.79,46.79,38.22,38.22,178.97,178.97,1236.87,1236.87,10,10,8.61,219.46,2025-01-15 1:00:00
2025-01-15,2:00:00,46.84,46.84,38.33,38.33,183.89,183.89,1168.12,1168.12,10,10,6.27,159.95,2025-01-15 2:00:00
2025-01-15,3:00:00,45.85,45.85,38.18,38.18,179.9,179.9,1250.95,1250.95,10,10,4.54,115.72,2025-01-15 3:00:00
2025-01-15,4:00:00,57.9,57.9,38.17,38.17,173.47,173.47,1366.39,1366.39,10,10,4.61,117.58,2025-01-15 4:00:00
2025-01-15,5:00:00,94.79,94.79,38.43,38.43,179.12,179.12,1208.06,1208.06,10,10,4.49,114.4,2025-01-15 5:00:00
2025-01-15,6:00:00,46.3,46.3,38.03,38.03,148.22,148.22,1586.54,1586.54,10,10,9,229.55,2025-01-15 6:00:00
2025-01-15,7:00:00,35.97,35.97,38.03,38.03,149.63,149.63,1577.5,1577.5,10,10,10.31,262.91,2025-01-15 7:00:00
2025-01-15,8:00:00,53.82,53.82,36.89,36.89,168.06,168.06,1381.38,1381.38,9.47,9.47,10.13,258.3,2025-01-15 8:00:00
2025-01-15,9:00:00,74.12,74.12,35.81,35.81,177.31,177.31,1303.04,1303.04,8.94,8.94,11.17,284.87,2025-01-15 9:00:00
2025-01-15,10:00:00,36.05,36.05,38.44,38.44,168.78,168.78,1236.16,1236.16,10,10,8.75,223.12,2025-01-15 10:00:00
2025-01-15,11:00:00,43.07,43.07,38.19,38.19,163.55,163.55,1308.81,1308.81,10,10,7.65,195.2,2025-01-15 11:00:00
2025-01-15,12:00:00,56.41,56.41,38.63,38.63,175.59,175.59,1097.33,1097.33,10.03,10.03,5.99,152.78,2025-01-15 12:00:00
2025-01-15,13:00:00,53.59,53.59,39.41,39.41,193.6,193.6,913.19,913.19,10.06,10.06,4.49,114.52,2025-01-15 13:00:00
2025-01-15,14:00:00,40.21,40.21,39.12,39.12,203.59,203.59,970.24,970.24,10.14,10.14,4.7,119.79,2025-01-15 14:00:00
2025-01-15,15:00:00,73.48,73.48,39.63,39.63,211.18,211.18,901.13,901.13,10.03,10.03,4.92,125.58,2025-01-15 15:00:00
2025-01-15,16:00:00,45.93,45.93,39.66,39.66,207.11,207.11,898.17,898.17,10.06,10.06,4.02,102.52,2025-01-15 16:00:00
2025-01-15,17:00:00,36.63,36.63,38.98,38.98,196.68,196.68,971.91,971.91,10.03,10.03,4.01,102.26,2025-01-15 17:00:00
2025-01-15,18:00:00,36.13,36.13,38.66,38.66,183.96,183.96,1042.28,1042.28,10,10,4,102.1,2025-01-15 18:00:00
2025-01-15,19:00:00,29.04,29.04,38.56,38.56,179.91,179.91,1040.83,1040.83,10,10,4,102.05,2025-01-15 19:00:00
2025-01-15,20:00:00,27.84,27.84,38.43,38.43,177.47,177.47,1147.15,1147.15,10,10,4,102.02,2025-01-15 20:00:00
2025-01-15,21:00:00,36.62,36.62,38.42,38.42,174.91,174.91,1133.71,1133.71,10,10,4,102.06,2025-01-15 21:00:00
2025-01-15,22:00:00,26.82,26.82,37.99,37.99,160.7,160.7,1205.37,1205.37,10,10,4,102,2025-01-15 22:00:00
2025-01-15,23:00:00,18.13,18.13,37.25,37.25,185.18,185.18,1035.94,1035.94,9.68,9.68,3.98,101.49,2025-01-15 23:00:00
2025-01-16,0:00:00,15.84,15.84,38.11,38.11,201.62,201.62,902.28,902.28,10,10,4,101.91,2025-01-16 0:00:00
2025-01-16,1:00:00,14.83,14.83,37.85,37.85,204.12,204.12,912.58,912.58,9.83,9.83,4,101.93,2025-01-16 1:00:00
2025-01-16,2:00:00,17.19,17.19,39.29,39.29,226.12,226.12,821.85,821.85,10.45,10.45,4.01,102.24,2025-01-16 2:00:00
2025-01-16,3:00:00,17.89,17.89,38.37,38.37,213.44,213.44,929.2,929.2,10,10,4,102.01,2025-01-16 3:00:00
2025-01-16,4:00:00,18.46,18.46,38,38,197.34,197.34,1021.99,1021.99,10,10,4.99,127.16,2025-01-16 4:00:00
2025-01-16,5:00:00,22.43,22.43,38.28,38.28,210.08,210.08,964.89,964.89,10.02,10.02,6.18,157.61,2025-01-16 5:00:00
2025-01-16,6:00:00,17.42,17.42,38.23,38.23,204.89,204.89,1001.43,1001.43,10,10,5.25,133.81,2025-01-16 6:00:00
2025-01-16,7:00:00,21.03,21.03,38.03,38.03,200.98,200.98,1004.24,1004.24,10,10,4.27,108.92,2025-01-16 7:00:00
2025-01-16,8:00:00,20.6,20.6,37.84,37.84,182.76,182.76,1207.19,1207.19,10,10,7.84,199.93,2025-01-16 8:00:00
2025-01-16,9:00:00,22.65,22.65,37.43,37.43,163.76,163.76,1216.34,1216.34,10,10,9.24,235.51,2025-01-16 9:00:00
2025-01-16,10:00:00,19.29,19.29,37.72,37.72,170.55,170.55,1154.63,1154.63,10,10,8.7,221.76,2025-01-16 10:00:00
2025-01-16,11:00:00,20.98,20.98,38.16,38.16,178.49,178.49,955.18,955.18,9.99,9.99,9.3,237.13,2025-01-16 11:00:00
2025-01-16,12:00:00,29.02,29.02,37.87,37.87,169.79,169.79,1150.36,1150.36,9.83,9.83,9.21,234.83,2025-01-16 12:00:00
2025-01-16,13:00:00,38.75,38.75,38.57,38.57,168.54,168.54,1076.64,1076.64,10,10,5.77,147.2,2025-01-16 13:00:00
2025-01-16,14:00:00,48.47,3.15,32.15,3.44,103.56,11.41,809.67,69.07,12.44,1.58,4,7.56,2025-01-16 14:00:00
2025-01-16,15:00:00,24.39,19.8,32.07,30.76,175.65,145.84,922.56,741.47,10.05,8.16,4,81.39,2025-01-16 15:00:00
2025-01-16,16:00:00,39.74,39.74,38.86,38.86,198.25,198.25,893.85,893.85,10,10,4,101.98,2025-01-16 16:00:00
2025-01-16,17:00:00,31.56,31.56,39.06,39.06,211.17,211.17,840.64,840.64,10,10,4,102.05,2025-01-16 17:00:00
2025-01-16,18:00:00,41.02,41.02,39.23,39.23,206.47,206.47,850.16,850.16,10.04,10.04,4,102.07,2025-01-16 18:00:00
2025-01-16,19:00:00,53.99,53.99,40.12,40.12,211.75,211.75,825.94,825.94,10.52,10.52,4,102,2025-01-16 19:00:00
2025-01-16,20:00:00,51.53,51.53,40.02,40.02,219.47,219.47,822.03,822.03,10.48,10.48,3.99,101.85,2025-01-16 20:00:00
2025-01-16,21:00:00,52.08,52.08,39.55,39.55,201.57,201.57,859.49,859.49,10.01,10.01,4,101.97,2025-01-16 21:00:00
2025-01-16,22:00:00,55.86,55.86,37.92,37.92,196.12,196.12,909.35,909.35,9.61,9.61,4.15,105.86,2025-01-16 22:00:00
2025-01-16,23:00:00,44.79,44.79,39.04,39.04,203.62,203.62,909.03,909.03,10.01,10.01,4.59,117.15,2025-01-16 23:00:00
2025-01-17,0:00:00,44.47,44.47,39.07,39.07,212.32,212.32,897.64,897.64,10,10,4,101.98,2025-01-17 0:00:00
2025-01-17,1:00:00,53.7,53.7,38.86,38.86,203.16,203.16,905.55,905.55,10,10,4.73,120.67,2025-01-17 1:00:00
2025-01-17,2:00:00,41.89,41.89,38.91,38.91,211.82,211.82,867.1,867.1,10,10,4.59,117.03,2025-01-17 2:00:00
2025-01-17,3:00:00,26.59,26.59,38.62,38.62,210.16,210.16,931.19,931.19,10,10,4,101.98,2025-01-17 3:00:00
2025-01-17,4:00:00,38.89,38.89,38.41,38.41,183.31,183.31,1217.57,1217.57,10,10,4,102,2025-01-17 4:00:00
2025-01-17,5:00:00,84.61,84.61,35.56,35.56,226.6,226.6,991.5,991.5,8.8,8.8,4.06,103.45,2025-01-17 5:00:00
2025-01-17,6:00:00,105,105,33.09,33.09,239.28,239.28,1065.71,1065.71,7.98,7.98,11.11,283.22,2025-01-17 6:00:00
2025-01-17,7:00:00,103.14,103.14,33.13,33.13,226.31,226.31,1086.91,1086.91,7.98,7.98,12.38,315.79,2025-01-17 7:00:00
2025-01-17,8:00:00,71.27,71.27,33.33,33.33,231.29,231.29,943.13,943.13,8,8,8.18,208.53,2025-01-17 8:00:00
2025-01-17,9:00:00,67.51,67.51,34.03,34.03,216.53,216.53,936.82,936.82,8.23,8.23,8.78,223.94,2025-01-17 9:00:00
2025-01-17,10:00:00,58.19,58.19,33.9,33.9,200.24,200.24,977.97,977.97,8.05,8.05,8.06,205.44,2025-01-17 10:00:00
2025-01-17,11:00:00,57.58,57.58,33.69,33.69,214.68,214.68,903.17,903.17,8.02,8.02,5.59,142.43,2025-01-17 11:00:00
2025-01-17,12:00:00,67.69,67.69,33.95,33.95,216.02,216.02,899.25,899.25,8.19,8.19,4,102.09,2025-01-17 12:00:00
2025-01-17,13:00:00,60.08,60.08,32.68,32.68,184.8,184.8,1084.41,1084.41,7.77,7.77,3.95,100.74,2025-01-17 13:00:00
2025-01-17,14:00:00,30.19,30.19,32.64,32.64,196.82,196.82,1005.41,1005.41,8,8,3.98,101.53,2025-01-17 14:00:00
2025-01-17,15:00:00,20.13,20.13,32.55,32.55,179.92,179.92,1048.02,1048.02,8,8,5.43,138.44,2025-01-17 15:00:00
2025-01-17,16:00:00,18.43,18.43,32.24,32.24,192.17,192.17,1206.51,1206.51,8,8,7.07,180.3,2025-01-17 16:00:00
2025-01-17,17:00:00,19.32,19.32,32.5,32.5,204.44,204.44,981.16,981.16,8,8,4.01,102.26,2025-01-17 17:00:00
2025-01-17,18:00:00,19.09,19.09,32.4,32.4,196.63,196.63,1171.63,1171.63,8,8,4.03,102.75,2025-01-17 18:00:00
2025-01-17,19:00:00,18.74,18.74,32.36,32.36,209.71,209.71,1013.92,1013.92,8,8,4.36,111.26,2025-01-17 19:00:00
2025-01-17,20:00:00,19.88,19.88,32.38,32.38,195.67,195.67,1126.5,1126.5,8,8,4,102,2025-01-17 20:00:00
2025-01-17,21:00:00,23.44,23.44,33.12,33.12,197.9,197.9,1124.7,1124.7,8.46,8.46,4.03,102.83,2025-01-17 21:00:00
2025-01-17,22:00:00,24.58,24.58,32.82,32.82,189.3,189.3,1053.62,1053.62,8.07,8.07,4,102,2025-01-17 22:00:00
2025-01-17,23:00:00,28.17,28.17,32.84,32.84,203.02,203.02,999.04,999.04,8,8,4,102.12,2025-01-17 23:00:00
2025-01-18,0:00:00,57.88,57.88,33.18,33.18,203.09,203.09,1204.76,1204.76,8.2,8.2,4.55,115.9,2025-01-18 0:00:00
2025-01-18,1:00:00,39.06,39.06,32.06,32.06,226.3,226.3,981.7,981.7,7.96,7.96,5.65,144.1,2025-01-18 1:00:00
2025-01-18,2:00:00,43.93,43.93,31.89,31.89,267.7,267.7,916.3,916.3,7.96,7.96,7.91,201.68,2025-01-18 2:00:00
2025-01-18,3:00:00,43.1,43.1,32.04,32.04,266.32,266.32,911.18,911.18,8,8,6.5,165.69,2025-01-18 3:00:00
2025-01-18,4:00:00,42.78,42.78,32.14,32.14,263.27,263.27,880.48,880.48,8,8,5.82,148.47,2025-01-18 4:00:00
2025-01-18,5:00:00,41.31,41.31,31.85,31.85,236.98,236.98,956.8,956.8,7.83,7.83,4.14,105.69,2025-01-18 5:00:00
2025-01-18,6:00:00,40.12,40.12,31.78,31.78,240.94,240.94,936.55,936.55,7.88,7.88,8.41,214.56,2025-01-18 6:00:00
2025-01-18,7:00:00,41.62,41.62,31.85,31.85,247.7,247.7,947.93,947.93,7.77,7.77,8.35,212.91,2025-01-18 7:00:00
2025-01-18,8:00:00,55.66,55.66,32.77,32.77,244.75,244.75,899.45,899.45,8.27,8.27,6.91,176.29,2025-01-18 8:00:00
2025-01-18,9:00:00,105,105,35.94,35.94,270.52,270.52,1005,1005,8.31,8.31,8.84,225.43,2025-01-18 9:00:00
2025-01-18,10:00:00,75.91,75.91,39.17,39.17,234.02,234.02,911.59,911.59,10.01,10.01,9,229.45,2025-01-18 10:00:00
2025-01-18,11:00:00,31.99,31.99,38.61,38.61,227.17,227.17,889.11,889.11,10,10,5.22,133.1,2025-01-18 11:00:00
2025-01-18,12:00:00,32.73,32.73,38.96,38.96,228.3,228.3,903.36,903.36,10.05,10.05,5.95,151.66,2025-01-18 12:00:00
2025-01-18,13:00:00,31.6,31.6,38.75,38.75,208.91,208.91,1035.88,1035.88,10.02,10.02,5.24,133.72,2025-01-18 13:00:00
2025-01-18,14:00:00,31.83,31.83,38.67,38.67,217.04,217.04,964.4,964.4,10,10,4.04,102.89,2025-01-18 14:00:00
2025-01-18,15:00:00,31.95,31.95,38.75,38.75,215.54,215.54,969.44,969.44,10,10,4.01,102.15,2025-01-18 15:00:00
2025-01-18,16:00:00,39.86,39.86,38.6,38.6,219.13,219.13,922.21,922.21,10.02,10.02,4.01,102.3,2025-01-18 16:00:00
2025-01-18,17:00:00,28.34,28.34,38.32,38.32,221.6,221.6,930.06,930.06,10,10,4.01,102.15,2025-01-18 17:00:00
2025-01-18,18:00:00,41.95,41.95,38.82,38.82,226.29,226.29,920.55,920.55,10.03,10.03,4.01,102.31,2025-01-18 18:00:00
2025-01-18,19:00:00,33.42,33.42,38.48,38.48,233.43,233.43,880.26,880.26,10,10,4.16,106.16,2025-01-18 19:00:00
2025-01-18,20:00:00,44.74,44.74,38.63,38.63,241.75,241.75,862.46,862.46,10,10,4.15,105.85,2025-01-18 20:00:00
2025-01-18,21:00:00,44.75,44.75,38.89,38.89,231.18,231.18,872.83,872.83,10,10,6.77,172.76,2025-01-18 21:00:00
2025-01-18,22:00:00,39.87,39.87,38.96,38.96,236.45,236.45,865.52,865.52,10,10,6.68,170.26,2025-01-18 22:00:00
2025-01-18,23:00:00,35.51,35.51,38.77,38.77,233.37,233.37,871.7,871.7,10,10,4.02,102.6,2025-01-18 23:00:00
2025-01-19,0:00:00,46.7,46.7,38.76,38.76,229.87,229.87,921.78,921.78,10,10,4.01,102.17,2025-01-19 0:00:00
2025-01-19,1:00:00,48.04,48.04,38.38,38.38,222.38,222.38,1130.45,1130.45,10.01,10.01,4,102.01,2025-01-19 1:00:00
2025-01-19,2:00:00,24.26,24.26,38.38,38.38,222.46,222.46,1011.81,1011.81,10,10,4.5,114.68,2025-01-19 2:00:00
2025-01-19,3:00:00,21.19,21.19,38.18,38.18,218.83,218.83,905.52,905.52,10,10,4.69,119.6,2025-01-19 3:00:00
2025-01-19,4:00:00,23.48,23.48,38.43,38.43,218.63,218.63,879.47,879.47,10,10,4,102,2025-01-19 4:00:00
2025-01-19,5:00:00,27.24,27.24,38.2,38.2,227.03,227.03,858.63,858.63,10,10,5.07,129.29,2025-01-19 5:00:00
2025-01-19,6:00:00,27.3,27.3,38.31,38.31,243.86,243.86,828.99,828.99,10,10,6.08,155.14,2025-01-19 6:00:00
2025-01-19,7:00:00,47.44,47.44,38.56,38.56,238.7,238.7,840.16,840.16,10,10,10.25,261.25,2025-01-19 7:00:00
2025-01-19,8:00:00,27.62,27.62,38.12,38.12,230.8,230.8,889.04,889.04,10,10,11.56,294.89,2025-01-19 8:00:00
2025-01-19,9:00:00,83.2,83.2,38.59,38.59,219.18,219.18,990.09,990.09,10,10,8.91,227.31,2025-01-19 9:00:00
2025-01-19,10:00:00,45.51,45.51,39.52,39.52,231.93,231.93,890.39,890.39,10.09,10.09,6.5,165.86,2025-01-19 10:00:00
2025-01-19,11:00:00,24.51,24.51,38.78,38.78,209.4,209.4,972.26,972.26,10,10,6.72,171.48,2025-01-19 11:00:00
2025-01-19,12:00:00,18.29,18.29,37.95,37.95,210.71,210.71,965.55,965.55,10,10,4.65,118.61,2025-01-19 12:00:00
2025-01-19,13:00:00,23.76,23.76,37.94,37.94,217.55,217.55,920.12,920.12,10,10,4,102,2025-01-19 13:00:00
2025-01-19,14:00:00,19.44,19.44,38.68,38.68,234.11,234.11,836.18,836.18,10,10,4.62,117.71,2025-01-19 14:00:00
2025-01-19,15:00:00,23.18,23.18,38.96,38.96,246.86,246.86,775.48,775.48,10.01,10.01,4,102,2025-01-19 15:00:00
2025-01-19,16:00:00,29.19,29.19,39.08,39.08,258.05,258.05,747.44,747.44,10,10,4.01,102.17,2025-01-19 16:00:00
2025-01-19,17:00:00,38.67,38.67,39.09,39.09,262.74,262.74,742.11,742.11,10,10,4,101.97,2025-01-19 17:00:00
2025-01-19,18:00:00,38.41,38.41,39.39,39.39,248.38,248.38,774.31,774.31,10,10,4,102.11,2025-01-19 18:00:00
2025-01-19,19:00:00,47.79,47.79,39.62,39.62,251.85,251.85,783.08,783.08,10.1,10.1,5.06,129.06,2025-01-19 19:00:00
2025-01-19,20:00:00,62.59,62.59,39.76,39.76,253.45,253.45,781.97,781.97,10.2,10.2,4,102,2025-01-19 20:00:00
2025-01-19,21:00:00,35.55,35.55,39.87,39.87,251.75,251.75,780.69,780.69,10.34,10.34,4,102.03,2025-01-19 21:00:00
2025-01-19,22:00:00,25.57,25.57,39.79,39.79,254.98,254.98,756.81,756.81,10.36,10.36,4,102.09,2025-01-19 22:00:00
2025-01-19,23:00:00,25.19,25.19,39.55,39.55,240.66,240.66,765.75,765.75,10.23,10.23,4,102.02,2025-01-19 23:00:00
2025-01-20,0:00:00,22.54,22.54,39.07,39.07,243.75,243.75,759.86,759.86,10,10,4,102,2025-01-20 0:00:00
2025-01-20,1:00:00,24.2,24.2,39.34,39.34,252.47,252.47,752.63,752.63,10,10,6.36,162.23,2025-01-20 1:00:00
2025-01-20,2:00:00,25.76,25.76,39.62,39.62,242.26,242.26,768.69,768.69,10.27,10.27,6.41,163.34,2025-01-20 2:00:00
2025-01-20,3:00:00,27.22,27.22,39.56,39.56,258.69,258.69,729.48,729.48,10.2,10.2,4.09,104.33,2025-01-20 3:00:00
2025-01-20,4:00:00,32.44,32.44,39.81,39.81,245.03,245.03,753.25,753.25,10.31,10.31,4,101.94,2025-01-20 4:00:00
2025-01-20,5:00:00,36.81,36.81,39.63,39.63,245.27,245.27,756.42,756.42,10.13,10.13,4,101.93,2025-01-20 5:00:00
2025-01-20,6:00:00,37.62,37.62,39.89,39.89,237.67,237.67,785.61,785.61,10.33,10.33,5.82,148.52,2025-01-20 6:00:00
2025-01-20,7:00:00,38.02,38.02,39.99,39.99,247.75,247.75,775.61,775.61,10.42,10.42,8.69,221.64,2025-01-20 7:00:00
2025-01-20,8:00:00,39.29,39.29,40.21,40.21,245.56,245.56,813.82,813.82,10.64,10.64,8.12,207.01,2025-01-20 8:00:00
2025-01-20,9:00:00,31.22,31.22,39.39,39.39,218.73,218.73,939.04,939.04,10.04,10.04,8.88,226.46,2025-01-20 9:00:00
2025-01-20,10:00:00,30.96,30.96,39.83,39.83,208.76,208.76,995.62,995.62,10.23,10.23,9.83,250.73,2025-01-20 10:00:00
2025-01-20,11:00:00,42.39,42.39,39.03,39.03,197.62,197.62,1185.13,1185.13,9.93,9.93,10.15,258.86,2025-01-20 11:00:00
2025-01-20,12:00:00,104.61,104.61,33.38,33.38,241.86,241.86,1278.32,1278.32,7.51,7.51,11.62,296.19,2025-01-20 12:00:00
2025-01-20,13:00:00,78.55,78.55,38.56,38.56,209.91,209.91,1333.4,1333.4,9.79,9.79,9.16,233.45,2025-01-20 13:00:00
2025-01-20,14:00:00,31.1,31.1,39.12,39.12,203.06,203.06,1150.43,1150.43,10.04,10.04,5.37,136.96,2025-01-20 14:00:00
2025-01-20,15:00:00,22.08,22.08,38.72,38.72,191.22,191.22,1258.99,1258.99,10.01,10.01,4.01,102.22,2025-01-20 15:00:00
2025-01-20,16:00:00,20.79,20.79,38.59,38.59,190.24,190.24,1271.63,1271.63,10,10,4.01,102.24,2025-01-20 16:00:00
2025-01-20,17:00:00,19.23,19.23,39.19,39.19,216.68,216.68,993.41,993.41,10.11,10.11,4,102,2025-01-20 17:00:00
2025-01-20,18:00:00,38.7,38.7,39.12,39.12,201.54,201.54,998.69,998.69,10.09,10.09,3.81,97.25,2025-01-20 18:00:00
2025-01-20,19:00:00,36.84,36.84,39.22,39.22,199.22,199.22,1026.86,1026.86,10.11,10.11,3.59,91.63,2025-01-20 19:00:00
2025-01-20,20:00:00,46.34,46.34,39.17,39.17,201.23,201.23,1018.88,1018.88,10,10,3.45,87.91,2025-01-20 20:00:00
2025-01-20,21:00:00,48.79,48.79,39.12,39.12,195.45,195.45,1166.89,1166.89,10,10,4.2,107.03,2025-01-20 21:00:00
2025-01-20,22:00:00,57.29,57.29,39.2,39.2,181.79,181.79,1373.01,1373.01,10,10,7.72,196.85,2025-01-20 22:00:00
2025-01-20,23:00:00,65.33,65.33,39.25,39.25,191.79,191.79,1202.77,1202.77,10,10,4.6,117.37,2025-01-20 23:00:00
2025-01-21,0:00:00,47.44,47.44,39.43,39.43,194.33,194.33,1143.61,1143.61,10.19,10.19,6.93,176.68,2025-01-21 0:00:00
2025-01-21,1:00:00,36.37,36.37,38.87,38.87,187.97,187.97,1281.03,1281.03,10,10,6.22,158.65,2025-01-21 1:00:00
2025-01-21,2:00:00,56.67,56.67,39.01,39.01,185.41,185.41,1362.29,1362.29,10,10,4.22,107.57,2025-01-21 2:00:00
2025-01-21,3:00:00,57.65,57.65,39.09,39.09,191.3,191.3,1242.7,1242.7,10,10,3.42,87.33,2025-01-21 3:00:00
2025-01-21,4:00:00,66.1,66.1,38.75,38.75,182.25,182.25,1910.22,1910.22,10,10,4.61,117.49,2025-01-21 4:00:00
2025-01-21,5:00:00,59.55,59.55,39.16,39.16,184.25,184.25,1506.28,1506.28,10,10,6.79,173.07,2025-01-21 5:00:00
2025-01-21,6:00:00,64.48,64.48,38.86,38.86,193.5,193.5,1533.65,1533.65,10,10,8.14,207.56,2025-01-21 6:00:00
2025-01-21,7:00:00,42.95,42.95,39.02,39.02,200.2,200.2,1437.5,1437.5,10,10,8.87,226.21,2025-01-21 7:00:00
2025-01-21,8:00:00,28.57,28.57,38.97,38.97,210.32,210.32,1352.78,1352.78,10,10,9.81,250.27,2025-01-21 8:00:00
2025-01-21,9:00:00,27.68,27.68,38.15,38.15,235.25,235.25,943.92,943.92,9.61,9.61,9.87,251.81,2025-01-21 9:00:00
2025-01-21,10:00:00,52.71,52.71,36.48,36.48,246.16,246.16,908.41,908.41,9.08,9.08,8.75,223.21,2025-01-21 10:00:00
2025-01-21,11:00:00,23.83,23.83,39.16,39.16,222.1,222.1,933.44,933.44,10.06,10.06,7.77,198.14,2025-01-21 11:00:00
2025-01-21,12:00:00,23.8,23.8,38.82,38.82,205.07,205.07,1068.06,1068.06,10,10,4.2,107.1,2025-01-21 12:00:00
2025-01-21,13:00:00,24.22,24.22,38.72,38.72,202.75,202.75,1051.83,1051.83,10,10,4,101.88,2025-01-21 13:00:00
2025-01-21,14:00:00,21.3,21.3,38.69,38.69,198.86,198.86,1141.04,1141.04,10,10,4.38,111.77,2025-01-21 14:00:00
2025-01-21,15:00:00,23.32,23.32,38.86,38.86,188.06,188.06,1091.16,1091.16,10,10,3.99,101.85,2025-01-21 15:00:00
2025-01-21,16:00:00,37.41,37.41,38.49,38.49,167.45,167.45,1423.31,1423.31,10,10,4,101.97,2025-01-21 16:00:00
2025-01-21,17:00:00,40.63,40.63,38.38,38.38,178.59,178.59,1152.5,1152.5,10,10,3.99,101.82,2025-01-21 17:00:00
2025-01-21,18:00:00,50.55,50.55,38.73,38.73,179.92,179.92,1125.35,1125.35,10,10,4,101.93,2025-01-21 18:00:00
2025-01-21,19:00:00,49.35,49.35,38.63,38.63,185.77,185.77,1163.85,1163.85,10,10,7.14,182.07,2025-01-21 19:00:00
2025-01-21,20:00:00,47.71,47.71,39.29,39.29,191.92,191.92,929.45,929.45,10,10,5.06,129.02,2025-01-21 20:00:00
2025-01-21,21:00:00,72.3,72.3,40.64,40.64,160.42,160.42,1447.37,1447.37,10.53,10.53,3.99,101.83,2025-01-21 21:00:00
2025-01-21,22:00:00,58.74,58.74,40.93,40.93,222.45,222.45,790.48,790.48,10.66,10.66,5.84,148.9,2025-01-21 22:00:00
2025-01-21,23:00:00,37.01,37.01,39.65,39.65,208.3,208.3,849.9,849.9,10.1,10.1,3.99,101.64,2025-01-21 23:00:00
2025-01-22,0:00:00,36.35,36.35,39,39,193.04,193.04,986.16,986.16,10,10,4.03,102.66,2025-01-22 0:00:00
2025-01-22,1:00:00,61.14,61.14,39.1,39.1,193.78,193.78,1134.48,1134.48,10,10,3.98,101.47,2025-01-22 1:00:00
2025-01-22,2:00:00,61.5,61.5,39.37,39.37,198.28,198.28,937.56,937.56,10.02,10.02,4.86,124.04,2025-01-22 2:00:00
2025-01-22,3:00:00,59.66,59.66,39.14,39.14,190.31,190.31,959.52,959.52,10,10,5.08,129.52,2025-01-22 3:00:00
2025-01-22,4:00:00,59.73,59.73,38.81,38.81,182.22,182.22,1134.83,1134.83,10,10,6.1,155.45,2025-01-22 4:00:00
2025-01-22,5:00:00,58.26,58.26,38.79,38.79,197.89,197.89,1001.08,1001.08,10,10,3.86,98.56,2025-01-22 5:00:00
2025-01-22,6:00:00,52.99,52.99,39.14,39.14,210.75,210.75,973.32,973.32,10,10,7.14,182.07,2025-01-22 6:00:00
2025-01-22,7:00:00,51.44,51.44,39.57,39.57,215.05,215.05,842.29,842.29,10,10,10.78,274.78,2025-01-22 7:00:00
2025-01-22,8:00:00,42.1,42.1,39.73,39.73,235.81,235.81,787.99,787.99,10.05,10.05,13.59,346.61,2025-01-22 8:00:00
2025-01-22,9:00:00,30.81,30.81,39.16,39.16,225.7,225.7,862.98,862.98,10,10,9.21,234.82,2025-01-22 9:00:00
2025-01-22,10:00:00,41.44,41.44,39.31,39.31,220.19,220.19,939.94,939.94,10,10,8.4,214.15,2025-01-22 10:00:00
2025-01-22,11:00:00,26.62,26.62,39.02,39.02,221.04,221.04,958.63,958.63,10,10,8.07,205.76,2025-01-22 11:00:00
2025-01-22,12:00:00,20.75,20.75,38.93,38.93,216.79,216.79,965.57,965.57,10,10,7,178.59,2025-01-22 12:00:00
2025-01-22,13:00:00,19.19,19.19,38.94,38.94,222.54,222.54,919.22,919.22,10,10,5.98,152.46,2025-01-22 13:00:00
2025-01-22,14:00:00,19.97,19.97,38.77,38.77,224.81,224.81,896.31,896.31,10,10,5.08,129.63,2025-01-22 14:00:00
2025-01-22,15:00:00,25.61,25.61,38.8,38.8,230.41,230.41,905.62,905.62,10,10,3.76,95.86,2025-01-22 15:00:00
2025-01-22,16:00:00,19.83,19.83,38.51,38.51,213.03,213.03,932.56,932.56,10,10,3.69,94.18,2025-01-22 16:00:00
2025-01-22,17:00:00,18.5,18.5,38.59,38.59,201.15,201.15,961.24,961.24,10,10,3.81,97.11,2025-01-22 17:00:00
2025-01-22,18:00:00,18.69,18.69,38.95,38.95,214.24,214.24,897.56,897.56,10,10,3.66,93.36,2025-01-22 18:00:00
2025-01-22,19:00:00,26.6,26.6,38.92,38.92,213.02,213.02,947.39,947.39,10,10,4.11,104.78,2025-01-22 19:00:00
2025-01-22,20:00:00,24.07,24.07,38.64,38.64,221.64,221.64,899.59,899.59,10,10,5.87,149.8,2025-01-22 20:00:00
2025-01-22,21:00:00,20.8,20.8,38.76,38.76,236.91,236.91,844.76,844.76,10,10,6.46,164.78,2025-01-22 21:00:00
2025-01-22,22:00:00,22.55,22.55,38.74,38.74,237.05,237.05,857.21,857.21,10,10,6.19,157.79,2025-01-22 22:00:00
2025-01-22,23:00:00,31.57,31.57,39.07,39.07,232.47,232.47,869.03,869.03,10,10,3.85,98.06,2025-01-22 23:00:00
2025-01-23,0:00:00,25.6,25.6,38.65,38.65,230.64,230.64,854.97,854.97,10,10,3.88,99.01,2025-01-23 0:00:00
2025-01-23,1:00:00,24.27,24.27,38.64,38.64,229.84,229.84,865.79,865.79,10,10,3.93,100.15,2025-01-23 1:00:00
2025-01-23,2:00:00,28.78,28.78,38.62,38.62,223.61,223.61,866.2,866.2,10,10,8.26,210.68,2025-01-23 2:00:00
2025-01-23,3:00:00,29.72,29.72,38.47,38.47,215.35,215.35,962.62,962.62,10,10,8.8,224.49,2025-01-23 3:00:00
2025-01-23,4:00:00,26.23,26.23,38.33,38.33,199.73,199.73,1114.32,1114.32,10,10,7.03,179.21,2025-01-23 4:00:00
2025-01-23,5:00:00,21.41,21.41,38.03,38.03,193.75,193.75,1475.41,1475.41,10,10,6.23,158.81,2025-01-23 5:00:00
2025-01-23,6:00:00,18.61,18.61,38.65,38.65,200.33,200.33,964.48,964.48,10,10,4.07,103.91,2025-01-23 6:00:00
2025-01-23,7:00:00,16.75,16.75,38.44,38.44,188.21,188.21,1244.44,1244.44,10,10,8.09,206.17,2025-01-23 7:00:00
2025-01-23,8:00:00,21.42,21.42,37.97,37.97,195.16,195.16,1297.14,1297.14,9.87,9.87,8.26,210.62,2025-01-23 8:00:00
2025-01-23,9:00:00,65.52,65.52,34.4,34.4,229.19,229.19,854.66,854.66,8.38,8.38,7.93,202.3,2025-01-23 9:00:00
2025-01-23,10:00:00,44.78,44.78,38.55,38.55,205.7,205.7,990.44,990.44,9.79,9.79,10.34,263.55,2025-01-23 10:00:00
2025-01-23,11:00:00,17.99,17.99,39.42,39.42,221.07,221.07,811.72,811.72,10.02,10.02,9.3,237.24,2025-01-23 11:00:00
2025-01-23,12:00:00,16.55,16.55,38.95,38.95,208.63,208.63,861.63,861.63,10,10,7.82,199.32,2025-01-23 12:00:00
2025-01-23,13:00:00,20.86,20.86,39.36,39.36,218.05,218.05,819.12,819.12,10.08,10.08,6.31,160.86,2025-01-23 13:00:00
2025-01-23,14:00:00,25.63,25.63,39.59,39.59,225.65,225.65,815.29,815.29,10.1,10.1,3.96,101.05,2025-01-23 14:00:00
2025-01-23,15:00:00,33.16,33.16,39.37,39.37,207.56,207.56,986.18,986.18,10.04,10.04,3.96,100.87,2025-01-23 15:00:00
2025-01-23,16:00:00,48.33,48.33,38.86,38.86,181.6,181.6,1140.57,1140.57,10,10,3.97,101.15,2025-01-23 16:00:00
2025-01-23,17:00:00,58.73,58.73,39,39,176.79,176.79,1145.45,1145.45,10,10,3.98,101.42,2025-01-23 17:00:00
2025-01-23,18:00:00,61.82,61.82,38.78,38.78,190.76,190.76,1087.16,1087.16,10,10,6.41,163.45,2025-01-23 18:00:00
2025-01-23,19:00:00,64.36,64.36,38.8,38.8,177.97,177.97,1187.35,1187.35,10,10,9.24,235.7,2025-01-23 19:00:00
2025-01-23,20:00:00,64.2,64.2,38.68,38.68,170.16,170.16,1151.12,1151.12,10,10,9.94,253.53,2025-01-23 20:00:00
2025-01-23,21:00:00,40.55,40.55,34.46,34.46,184.89,184.89,1173.27,1173.27,8.46,8.46,3.91,99.76,2025-01-23 21:00:00
2025-01-23,22:00:00,51.13,51.13,36.59,36.59,200.47,200.47,1088.9,1088.9,9.24,9.24,3.93,100.19,2025-01-23 22:00:00
2025-01-23,23:00:00,22.17,22.17,38.58,38.58,202.59,202.59,977.7,977.7,10,10,3.94,100.45,2025-01-23 23:00:00
2025-01-24,0:00:00,24.1,24.1,39.26,39.26,200.78,200.78,901.07,901.07,10.04,10.04,3.95,100.71,2025-01-24 0:00:00
2025-01-24,1:00:00,21.37,21.37,38.74,38.74,189.26,189.26,952.56,952.56,10,10,5.92,150.84,2025-01-24 1:00:00
2025-01-24,2:00:00,21.34,21.34,38.49,38.49,189.46,189.46,986.98,986.98,10,10,3.93,100.31,2025-01-24 2:00:00
2025-01-24,3:00:00,22.79,22.79,38.68,38.68,201.13,201.13,983.45,983.45,10,10,3.97,101.13,2025-01-24 3:00:00
2025-01-24,4:00:00,37.36,37.36,37.96,37.96,196.81,196.81,1160.87,1160.87,10,10,4.35,110.84,2025-01-24 4:00:00
2025-01-24,5:00:00,19.07,19.07,37.74,37.74,196.92,196.92,1201.55,1201.55,10,10,9.48,241.86,2025-01-24 5:00:00
2025-01-24,6:00:00,14.51,14.51,37.5,37.5,166.73,166.73,1494.37,1494.37,10,10,4.96,126.37,2025-01-24 6:00:00
2025-01-24,7:00:00,16.11,16.11,37.67,37.67,174.79,174.79,1614.35,1614.35,10,10,5.23,133.25,2025-01-24 7:00:00
2025-01-24,8:00:00,16.83,16.83,37.98,37.98,185.91,185.91,1398.84,1398.84,10,10,5.05,128.86,2025-01-24 8:00:00
2025-01-24,9:00:00,20.22,20.22,38.4,38.4,203.93,203.93,1098.42,1098.42,10.03,10.03,4.32,110.28,2025-01-24 9:00:00
2025-01-24,10:00:00,18.58,18.58,38.29,38.29,201.77,201.77,1029.08,1029.08,10,10,7.62,194.28,2025-01-24 10:00:00
2025-01-24,11:00:00,18.48,18.48,39.03,39.03,214.02,214.02,856.34,856.34,10.01,10.01,13.31,339.41,2025-01-24 11:00:00
2025-01-24,12:00:00,22.82,22.82,38.94,38.94,220.74,220.74,827.37,827.37,10,10,12.98,331.04,2025-01-24 12:00:00
2025-01-24,13:00:00,30.83,30.83,38.54,38.54,226.06,226.06,850.83,850.83,10,10,8.73,222.54,2025-01-24 13:00:00
2025-01-24,14:00:00,43.63,43.63,38.39,38.39,217.22,217.22,853.81,853.81,10,10,8.33,212.31,2025-01-24 14:00:00
2025-01-24,15:00:00,44.67,44.67,38.52,38.52,214.92,214.92,848.17,848.17,10,10,7.36,187.65,2025-01-24 15:00:00
2025-01-24,16:00:00,34.69,34.69,38.49,38.49,196.37,196.37,972.23,972.23,10,10,4.68,119.45,2025-01-24 16:00:00
2025-01-24,17:00:00,61.98,61.98,36.58,36.58,211.09,211.09,976.28,976.28,9.23,9.23,4,101.93,2025-01-24 17:00:00
2025-01-24,18:00:00,38.31,38.31,39.27,39.27,222.65,222.65,809.66,809.66,10.11,10.11,3.99,101.7,2025-01-24 18:00:00
2025-01-24,19:00:00,29.53,29.53,39.01,39.01,210.72,210.72,863.25,863.25,10,10,3.99,101.86,2025-01-24 19:00:00
2025-01-24,20:00:00,27.23,27.23,38.48,38.48,200.79,200.79,975.4,975.4,10,10,4,102,2025-01-24 20:00:00
2025-01-24,21:00:00,34.1,34.1,38.52,38.52,208.72,208.72,969.94,969.94,10,10,4.86,123.94,2025-01-24 21:00:00
2025-01-24,22:00:00,55.78,55.78,37.92,37.92,215.45,215.45,977.59,977.59,9.65,9.65,3.96,101.08,2025-01-24 22:00:00
2025-01-24,23:00:00,40.06,40.06,38.92,38.92,207.56,207.56,963.75,963.75,10,10,6.17,157.32,2025-01-24 23:00:00
2025-01-25,0:00:00,39.94,39.94,39.07,39.07,212.8,212.8,881.27,881.27,10,10,4.79,122.22,2025-01-25 0:00:00
2025-01-25,1:00:00,42.43,42.43,39.05,39.05,212.26,212.26,902.9,902.9,10.01,10.01,3.94,100.53,2025-01-25 1:00:00
2025-01-25,2:00:00,59.49,59.49,39.13,39.13,209.8,209.8,924.22,924.22,10,10,3.98,101.54,2025-01-25 2:00:00
2025-01-25,3:00:00,90.69,90.69,39.5,39.5,211.57,211.57,895.32,895.32,10.09,10.09,5.37,136.9,2025-01-25 3:00:00
2025-01-25,4:00:00,71.99,71.99,39.17,39.17,207.25,207.25,924.36,924.36,10.08,10.08,7.31,186.47,2025-01-25 4:00:00
2025-01-25,5:00:00,61.07,61.07,38.63,38.63,195.79,195.79,950.75,950.75,10,10,4.39,112.06,2025-01-25 5:00:00
2025-01-25,6:00:00,51.04,51.04,38.66,38.66,207.18,207.18,901.48,901.48,10,10,4.99,127.37,2025-01-25 6:00:00
2025-01-25,7:00:00,49.73,49.73,38.72,38.72,211.24,211.24,916.22,916.22,10,10,10.73,273.65,2025-01-25 7:00:00
2025-01-25,8:00:00,51.57,51.57,39.05,39.05,206.72,206.72,957.42,957.42,10.18,10.18,9.96,253.95,2025-01-25 8:00:00
2025-01-25,9:00:00,51.82,51.82,39.2,39.2,199.71,199.71,971.48,971.48,10.06,10.06,9.16,233.57,2025-01-25 9:00:00
2025-01-25,10:00:00,64.34,64.34,38.99,38.99,199.18,199.18,1047.67,1047.67,10.05,10.05,7.72,196.83,2025-01-25 10:00:00
2025-01-25,11:00:00,59.64,59.64,38.83,38.83,206.21,206.21,922.23,922.23,10.05,10.05,6.44,164.21,2025-01-25 11:00:00
2025-01-25,12:00:00,46.12,46.12,39.02,39.02,222.68,222.68,881.51,881.51,10.03,10.03,8.44,215.16,2025-01-25 12:00:00
2025-01-25,13:00:00,41.8,41.8,39.09,39.09,219.83,219.83,861.62,861.62,10,10,7.54,192.27,2025-01-25 13:00:00
2025-01-25,14:00:00,56.31,56.31,38.95,38.95,208.12,208.12,937.89,937.89,10.02,10.02,4.3,109.6,2025-01-25 14:00:00
2025-01-25,15:00:00,61.84,61.84,38.5,38.5,194.96,194.96,1067.98,1067.98,10,10,4,102,2025-01-25 15:00:00
2025-01-25,16:00:00,58.05,58.05,38.17,38.17,156.99,156.99,1942.2,1942.2,10,10,4,101.91,2025-01-25 16:00:00
2025-01-25,17:00:00,60.12,60.12,38.5,38.5,168.2,168.2,1772.2,1772.2,10,10,4,101.95,2025-01-25 17:00:00
2025-01-25,18:00:00,60.01,60.01,38.73,38.73,166.69,166.69,1999.29,1999.29,10.1,10.1,4,101.96,2025-01-25 18:00:00
2025-01-25,19:00:00,62.96,62.96,38.79,38.79,160.25,160.25,1641.35,1641.35,10.12,10.12,3.99,101.76,2025-01-25 19:00:00
2025-01-25,20:00:00,71.45,71.45,38.92,38.92,172.59,172.59,1181.29,1181.29,10,10,3.99,101.75,2025-01-25 20:00:00
2025-01-25,21:00:00,98.5,98.5,38.96,38.96,160.94,160.94,1333.8,1333.8,10,10,3.99,101.84,2025-01-25 21:00:00
2025-01-25,22:00:00,98.09,98.09,38.93,38.93,154.09,154.09,1388.94,1388.94,10.01,10.01,4,101.88,2025-01-25 22:00:00
2025-01-25,23:00:00,71.07,71.07,39.24,39.24,175.87,175.87,1086.14,1086.14,10.01,10.01,4,101.99,2025-01-25 23:00:00
2025-01-26,0:00:00,67.04,67.04,39.08,39.08,176.77,176.77,1042.85,1042.85,10,10,5.31,135.51,2025-01-26 0:00:00
2025-01-26,1:00:00,77.29,77.29,38.77,38.77,174.84,174.84,1108.84,1108.84,10,10,6.52,166.26,2025-01-26 1:00:00
2025-01-26,2:00:00,94.16,94.16,39.15,39.15,182.56,182.56,1051.21,1051.21,10.13,10.13,7.2,183.65,2025-01-26 2:00:00
2025-01-26,3:00:00,104.89,104.89,38.99,38.99,183.5,183.5,965.64,965.64,10,10,5.86,149.49,2025-01-26 3:00:00
2025-01-26,4:00:00,104.42,104.42,38.87,38.87,195.16,195.16,949.7,949.7,10,10,6.8,173.52,2025-01-26 4:00:00
2025-01-26,5:00:00,85.06,85.06,38.8,38.8,185.1,185.1,945.97,945.97,10,10,8.32,212.04,2025-01-26 5:00:00
2025-01-26,6:00:00,76.22,76.22,38.81,38.81,170.78,170.78,1029.53,1029.53,10.02,10.02,6.16,157.05,2025-01-26 6:00:00
2025-01-26,7:00:00,78.83,78.83,39.03,39.03,161.85,161.85,1025.51,1025.51,10,10,3.99,101.81,2025-01-26 7:00:00
2025-01-26,8:00:00,69.9,69.9,39.23,39.23,170.42,170.42,1012.6,1012.6,10.07,10.07,8.79,224.2,2025-01-26 8:00:00
2025-01-26,9:00:00,104.86,104.86,39.29,39.29,191.76,191.76,951.89,951.89,9.98,9.98,11.84,301.9,2025-01-26 9:00:00
2025-01-26,10:00:00,105,105,32.99,32.99,195.66,195.66,1086.58,1086.58,8.04,8.04,10.23,260.8,2025-01-26 10:00:00
2025-01-26,11:00:00,105,105,36.21,36.21,183.21,183.21,1131.07,1131.07,9.17,9.17,10.76,274.37,2025-01-26 11:00:00
2025-01-26,12:00:00,98.93,98.93,39.18,39.18,172.29,172.29,1101.23,1101.23,10,10,10.9,277.94,2025-01-26 12:00:00
2025-01-26,13:00:00,74.47,74.47,39.02,39.02,172.63,172.63,1052.83,1052.83,10.01,10.01,5.41,137.89,2025-01-26 13:00:00
2025-01-26,14:00:00,58.16,58.16,38.85,38.85,148.6,148.6,1445.1,1445.1,10.12,10.12,4,102,2025-01-26 14:00:00
2025-01-26,15:00:00,59.62,59.62,39.36,39.36,173.06,173.06,1095.13,1095.13,10.54,10.54,4,102.03,2025-01-26 15:00:00
2025-01-26,16:00:00,56.92,56.92,39.77,39.77,186.99,186.99,979.87,979.87,10.77,10.77,4,102,2025-01-26 16:00:00
2025-01-26,17:00:00,52.94,52.94,39.25,39.25,151.09,151.09,1399.41,1399.41,10.39,10.39,4,102,2025-01-26 17:00:00
2025-01-26,18:00:00,50.4,50.4,39.45,39.45,187.87,187.87,888.02,888.02,10.62,10.62,4,101.98,2025-01-26 18:00:00
2025-01-26,19:00:00,74.55,74.55,38.63,38.63,182.84,182.84,940.09,940.09,10.7,10.7,3.37,85.86,2025-01-26 19:00:00
2025-01-26,20:00:00,62.31,62.31,38.22,38.22,141.99,141.99,1460.59,1460.59,10.1,10.1,3.02,77.09,2025-01-26 20:00:00
2025-01-26,21:00:00,75.85,75.85,38.43,38.43,129.58,129.58,2220.47,2220.47,10,10,6.57,167.41,2025-01-26 21:00:00
2025-01-26,22:00:00,83.3,83.3,38.91,38.91,160.04,160.04,1441,1441,10.12,10.12,11.87,302.7,2025-01-26 22:00:00
2025-01-26,23:00:00,86.75,86.75,35.58,35.58,196.42,196.42,998.22,998.22,9.16,9.16,8.99,229.37,2025-01-26 23:00:00
2025-01-27,0:00:00,105,105,39.04,39.04,184.11,184.11,1000.94,1000.94,10,10,10.95,279.16,2025-01-27 0:00:00
2025-01-27,1:00:00,105,105,39.48,39.48,218.53,218.53,843.76,843.76,10.27,10.27,10.25,261.4,2025-01-27 1:00:00
2025-01-27,2:00:00,105,105,38.7,38.7,185.84,185.84,1000.36,1000.36,10,10,8.4,214.24,2025-01-27 2:00:00
2025-01-27,3:00:00,104.02,104.02,38.95,38.95,202.34,202.34,1044.8,1044.8,10.15,10.15,3.6,91.74,2025-01-27 3:00:00
2025-01-27,4:00:00,98.49,98.49,38.78,38.78,192.11,192.11,1090.91,1090.91,10.09,10.09,4.31,109.79,2025-01-27 4:00:00
2025-01-27,5:00:00,102.99,102.99,38.83,38.83,205.83,205.83,982.37,982.37,10.02,10.02,3.78,96.34,2025-01-27 5:00:00
2025-01-27,6:00:00,100.44,100.44,38.99,38.99,209.19,209.19,1095.62,1095.62,10.15,10.15,3.97,101.3,2025-01-27 6:00:00
2025-01-27,7:00:00,88.37,88.37,38.91,38.91,204.43,204.43,988.9,988.9,10,10,4.55,116.13,2025-01-27 7:00:00
2025-01-27,8:00:00,75.64,75.64,38.83,38.83,182.02,182.02,1102.33,1102.33,10.04,10.04,5.16,131.51,2025-01-27 8:00:00
2025-01-27,9:00:00,69.89,69.89,39.13,39.13,186.62,186.62,1012.59,1012.59,10.18,10.18,6.77,172.72,2025-01-27 9:00:00
2025-01-27,10:00:00,68.24,68.24,39.03,39.03,178.88,178.88,1038.13,1038.13,10.07,10.07,4.65,118.54,2025-01-27 10:00:00
2025-01-27,11:00:00,61.81,61.81,38.7,38.7,194.1,194.1,929.17,929.17,10.12,10.12,3.41,87.02,2025-01-27 11:00:00
2025-01-27,12:00:00,54.58,54.58,38.88,38.88,200.29,200.29,875.16,875.16,10.39,10.39,3.06,78.04,2025-01-27 12:00:00
2025-01-27,13:00:00,69.24,69.24,39.14,39.14,181.68,181.68,951.08,951.08,10.65,10.65,3.01,76.77,2025-01-27 13:00:00
2025-01-27,14:00:00,63.73,63.73,39.21,39.21,169.06,169.06,1078.28,1078.28,10.62,10.62,4.24,108.24,2025-01-27 14:00:00
2025-01-27,15:00:00,44.88,44.88,38.68,38.68,163.71,163.71,1110.29,1110.29,10.18,10.18,8.47,215.98,2025-01-27 15:00:00
2025-01-27,16:00:00,43.69,43.69,38.84,38.84,175.09,175.09,989.1,989.1,10.65,10.65,4.47,114,2025-01-27 16:00:00
2025-01-27,17:00:00,46.38,22.96,38.39,19.14,144.55,70.29,1393.08,621.02,10.06,5.4,3.32,40.58,2025-01-27 17:00:00
2025-01-27,18:00:00,51.82,1,38.36,1,141.1,1,1431.73,1,10,1,3.39,1,2025-01-27 18:00:00
2025-01-27,19:00:00,57.66,1,38.38,1,126.57,1,1787.86,1,10.03,1,5.73,1,2025-01-27 19:00:00
2025-01-27,20:00:00,71.78,36.28,38.81,18.53,193.16,95.4,918.98,398.47,10.15,5.26,5.05,49.13,2025-01-27 20:00:00
2025-01-27,21:00:00,88.94,88.94,38.89,38.89,209.14,209.14,855.56,855.56,10.11,10.11,4.2,107.18,2025-01-27 21:00:00
2025-01-27,22:00:00,85.2,32.42,38.82,14.23,193.27,70.5,999.04,341.86,10.09,4.17,8.52,70.6,2025-01-27 22:00:00
2025-01-27,23:00:00,64.16,7.35,38.51,5.08,174.58,19.93,1046.88,115.51,10.02,1.99,7.03,11.28,2025-01-27 23:00:00
2025-01-28,0:00:00,70.36,70.36,38.52,38.52,162.35,162.35,1219.01,1219.01,10.03,10.03,3.72,94.9,2025-01-28 0:00:00
2025-01-28,1:00:00,65.9,65.9,38.34,38.34,147.4,147.4,1358.67,1358.67,10.01,10.01,3.7,94.39,2025-01-28 1:00:00
2025-01-28,2:00:00,96.85,96.85,38.37,38.37,142.05,142.05,1686.53,1686.53,10,10,5.25,133.76,2025-01-28 2:00:00
2025-01-28,3:00:00,103.71,103.71,38.52,38.52,120.17,120.17,1829.34,1829.34,10,10,6.77,172.72,2025-01-28 3:00:00
2025-01-28,4:00:00,94.85,94.85,38.42,38.42,125.44,125.44,1791.93,1791.93,10,10,8,203.99,2025-01-28 4:00:00
2025-01-28,5:00:00,85.05,85.05,38.42,38.42,146.01,146.01,1654.14,1654.14,10,10,8.02,204.54,2025-01-28 5:00:00
2025-01-28,6:00:00,62.83,62.83,38.23,38.23,139.02,139.02,1528.47,1528.47,10,10,8.2,209.2,2025-01-28 6:00:00
2025-01-28,7:00:00,71.63,71.63,38.37,38.37,152.29,152.29,1488.76,1488.76,10.04,10.04,9.78,249.29,2025-01-28 7:00:00
2025-01-28,8:00:00,96.37,28.77,92.81,13.03,144.39,75.65,761.46,323.87,13.6,3.86,11.41,109.84,2025-01-28 8:00:00
2025-01-28,9:00:00,105,1,213.98,1,34.72,1,217.67,1,19,1,8.41,1,2025-01-28 9:00:00
2025-01-28,10:00:00,105,1,159.78,1,132.38,1,82.28,1,17.93,1,3.8,1,2025-01-28 10:00:00
2025-01-28,11:00:00,105,1,92.17,1,260.37,1,119.08,1,16.92,1,3.77,1,2025-01-28 11:00:00
2025-01-28,12:00:00,105,1,86.75,1,291.39,1,103.05,1,16.8,1,3.68,1,2025-01-28 12:00:00
2025-01-28,13:00:00,105,1,81.56,1,298.85,1,75.73,1,16.06,1,3.75,1,2025-01-28 13:00:00
2025-01-28,14:00:00,105,1,72.84,1,296.26,1,64.08,1,15.31,1,5.89,1,2025-01-28 14:00:00
2025-01-28,15:00:00,105,1,72.65,1,279.02,1,60.35,1,15.47,1,5.54,1,2025-01-28 15:00:00
2025-01-28,16:00:00,105,1,77.46,1,301.4,1,60.47,1,16,1,4.08,1,2025-01-28 16:00:00
2025-01-28,17:00:00,98.72,57.85,62.11,31.06,245.69,131.36,491.1,467.51,13.71,7.75,3.54,53.16,2025-01-28 17:00:00
2025-01-28,18:00:00,27.58,27.58,37.22,37.22,246.61,246.61,1163.55,1163.55,9.78,9.78,6.11,155.72,2025-01-28 18:00:00
2025-01-28,19:00:00,43.93,43.93,35.18,35.18,295.43,295.43,875.21,875.21,9.09,9.09,7.94,202.52,2025-01-28 19:00:00
2025-01-28,20:00:00,51.18,51.18,35.1,35.1,458.09,458.09,861.56,861.56,8.87,8.87,9.74,248.35,2025-01-28 20:00:00
2025-01-28,21:00:00,69.24,66.86,35,34.18,409.12,400.29,1006.14,988.57,8.82,8.61,8.14,203.17,2025-01-28 21:00:00
2025-01-28,22:00:00,86.86,86.86,35.26,35.26,307.01,307.01,884.76,884.76,8.91,8.91,9.4,239.76,2025-01-28 22:00:00
2025-01-28,23:00:00,63.17,63.17,33.09,33.09,259.98,259.98,894.96,894.96,8.19,8.19,8.83,225.16,2025-01-28 23:00:00
2025-01-29,0:00:00,70.94,70.94,37.9,37.9,216.18,216.18,968.49,968.49,9.82,9.82,4.42,112.61,2025-01-29 0:00:00
2025-01-29,1:00:00,89.17,89.17,38.92,38.92,220.55,220.55,950.27,950.27,10,10,3.98,101.38,2025-01-29 1:00:00
2025-01-29,2:00:00,67.11,67.11,38.66,38.66,206.62,206.62,1004.21,1004.21,10,10,3.97,101.32,2025-01-29 2:00:00
2025-01-29,3:00:00,61.23,61.23,38.41,38.41,210.3,210.3,931.86,931.86,10,10,3.98,101.44,2025-01-29 3:00:00
2025-01-29,4:00:00,64.97,64.97,38.33,38.33,200.42,200.42,952.92,952.92,10,10,3.97,101.35,2025-01-29 4:00:00
2025-01-29,5:00:00,56.02,56.02,38.75,38.75,201.52,201.52,935.9,935.9,10.02,10.02,3.98,101.47,2025-01-29 5:00:00
2025-01-29,6:00:00,56.5,56.5,38.65,38.65,208.25,208.25,918.41,918.41,10,10,12.46,317.84,2025-01-29 6:00:00
2025-01-29,7:00:00,81.27,81.27,34.43,34.43,217.46,217.46,1014.98,1014.98,8.69,8.69,8.88,226.45,2025-01-29 7:00:00
2025-01-29,8:00:00,105,105,32.61,32.61,211.26,211.26,1040.21,1040.21,8,8,6.39,162.83,2025-01-29 8:00:00
2025-01-29,9:00:00,101.81,101.81,34.63,34.63,203.87,203.87,1056.6,1056.6,8.69,8.69,6.22,158.73,2025-01-29 9:00:00
2025-01-29,10:00:00,64.29,64.29,38.59,38.59,212.92,212.92,930.23,930.23,10,10,5.79,147.55,2025-01-29 10:00:00
2025-01-29,11:00:00,53.47,53.47,38.87,38.87,213.08,213.08,903.28,903.28,10.02,10.02,6.13,156.34,2025-01-29 11:00:00
2025-01-29,12:00:00,57.43,57.43,39.03,39.03,207.68,207.68,892.96,892.96,10.09,10.09,4,101.91,2025-01-29 12:00:00
2025-01-29,13:00:00,59.18,59.18,38.89,38.89,195.2,195.2,913.23,913.23,10.04,10.04,3.99,101.75,2025-01-29 13:00:00
2025-01-29,14:00:00,60.35,60.35,38.53,38.53,176.32,176.32,1196.91,1196.91,10.03,10.03,4,101.93,2025-01-29 14:00:00
2025-01-29,15:00:00,61.07,61.07,38.76,38.76,192.02,192.02,949.04,949.04,10.02,10.02,4.04,103.09,2025-01-29 15:00:00
2025-01-29,16:00:00,63.18,63.18,38.96,38.96,193.6,193.6,943.37,943.37,10.16,10.16,4.19,106.95,2025-01-29 16:00:00
2025-01-29,17:00:00,71,71,38.22,38.22,193.57,193.57,932.98,932.98,10,10,3.56,90.66,2025-01-29 17:00:00
2025-01-29,18:00:00,63.74,63.74,38.26,38.26,192.61,192.61,947.83,947.83,10,10,3.62,92.31,2025-01-29 18:00:00
2025-01-29,19:00:00,68.09,68.09,38.28,38.28,198.84,198.84,1015.44,1015.44,10.02,10.02,6.24,159.23,2025-01-29 19:00:00
2025-01-29,20:00:00,53.96,53.96,38.09,38.09,186.63,186.63,1040.15,1040.15,10,10,5.53,141.04,2025-01-29 20:00:00
2025-01-29,21:00:00,44.91,44.91,38.36,38.36,188.6,188.6,1014.8,1014.8,10.19,10.19,4.45,113.38,2025-01-29 21:00:00
2025-01-29,22:00:00,45.18,45.18,38.4,38.4,199.26,199.26,932.91,932.91,10.08,10.08,3.57,91.08,2025-01-29 22:00:00
2025-01-29,23:00:00,47.02,47.02,38.14,38.14,197.41,197.41,969.52,969.52,10,10,4.96,126.36,2025-01-29 23:00:00
2025-01-30,0:00:00,52.76,52.76,38.97,38.97,205.46,205.46,983.66,983.66,10.26,10.26,3.87,98.77,2025-01-30 0:00:00
2025-01-30,1:00:00,47.8,47.8,38.38,38.38,179.5,179.5,1127.13,1127.13,10.24,10.24,4.01,102.27,2025-01-30 1:00:00
2025-01-30,2:00:00,50.51,50.51,38.58,38.58,181.7,181.7,1095.23,1095.23,10.23,10.23,3.85,98.28,2025-01-30 2:00:00
2025-01-30,3:00:00,61.19,61.19,38.55,38.55,189.34,189.34,1033.27,1033.27,10.11,10.11,3.73,95.08,2025-01-30 3:00:00
2025-01-30,4:00:00,66.89,66.89,38.99,38.99,198.95,198.95,972.48,972.48,10.61,10.61,3.63,92.58,2025-01-30 4:00:00
2025-01-30,5:00:00,60.89,60.89,38.81,38.81,198.43,198.43,978.26,978.26,10.44,10.44,3.74,95.45,2025-01-30 5:00:00
2025-01-30,6:00:00,72.5,72.5,38.46,38.46,198.91,198.91,1079.44,1079.44,10.01,10.01,4.02,102.44,2025-01-30 6:00:00
2025-01-30,7:00:00,90.41,90.41,39.16,39.16,199.51,199.51,993.84,993.84,10.59,10.59,3.82,97.48,2025-01-30 7:00:00
2025-01-30,8:00:00,100.93,100.93,39.02,39.02,191.07,191.07,1044.84,1044.84,10.17,10.17,5.31,135.33,2025-01-30 8:00:00
2025-01-30,9:00:00,65.58,65.58,40.2,40.2,198.01,198.01,937.26,937.26,11.05,11.05,8.02,204.49,2025-01-30 9:00:00
2025-01-30,10:00:00,55.84,55.84,40.4,40.4,197.22,197.22,910.73,910.73,11.02,11.02,7.09,180.92,2025-01-30 10:00:00
2025-01-30,11:00:00,53.05,52.92,40.59,40.49,203,202.5,905.71,903.21,11.01,10.98,3.99,101.46,2025-01-30 11:00:00
2025-01-30,12:00:00,49.15,49.15,40.2,40.2,197.8,197.8,936.63,936.63,11,11,4,102,2025-01-30 12:00:00
2025-01-30,13:00:00,50.01,50.01,40.26,40.26,194.48,194.48,971.79,971.79,11,11,4.38,111.78,2025-01-30 13:00:00
2025-01-30,14:00:00,52.24,52.24,40.4,40.4,207.45,207.45,914.29,914.29,11,11,4.38,111.68,2025-01-30 14:00:00
2025-01-30,15:00:00,52.07,52.07,40.2,40.2,193.68,193.68,921.73,921.73,11,11,5.94,151.43,2025-01-30 15:00:00
2025-01-30,16:00:00,53.09,53.09,40.43,40.43,217.28,217.28,910.17,910.17,11.02,11.02,4.14,105.69,2025-01-30 16:00:00
2025-01-30,17:00:00,61.96,61.96,40.35,40.35,209.03,209.03,1123.84,1123.84,10.98,10.98,4.49,114.38,2025-01-30 17:00:00
2025-01-30,18:00:00,60.94,60.94,40.14,40.14,229.58,229.58,863.17,863.17,11,11,4.95,126.35,2025-01-30 18:00:00
2025-01-30,19:00:00,71.94,71.94,40.74,40.74,253.11,253.11,838.87,838.87,11,11,4,102,2025-01-30 19:00:00
2025-01-30,20:00:00,82.55,82.55,40.41,40.41,234.17,234.17,854.08,854.08,11,11,6.42,163.73,2025-01-30 20:00:00
2025-01-30,21:00:00,72.41,72.41,39.95,39.95,217.93,217.93,991.2,991.2,10.89,10.89,8.08,206.17,2025-01-30 21:00:00
2025-01-30,22:00:00,72.33,72.33,40.1,40.1,212.23,212.23,1040.86,1040.86,10.96,10.96,8.53,217.53,2025-01-30 22:00:00
2025-01-30,23:00:00,95.95,95.95,39.13,39.13,234.74,234.74,899.49,899.49,10.46,10.46,8.07,205.7,2025-01-30 23:00:00
2025-01-31,0:00:00,75.14,75.14,40.48,40.48,240.41,240.41,843.19,843.19,11,11,6.78,172.78,2025-01-31 0:00:00
2025-01-31,1:00:00,49.2,49.2,40.91,40.91,246.91,246.91,826.37,826.37,11,11,4.55,116.09,2025-01-31 1:00:00
2025-01-31,2:00:00,43.05,43.05,39.98,39.98,257.25,257.25,822.63,822.63,10.93,10.93,4,102,2025-01-31 2:00:00
2025-01-31,3:00:00,53.7,53.7,40.65,40.65,258.13,258.13,825.37,825.37,11.02,11.02,4,102,2025-01-31 3:00:00
2025-01-31,4:00:00,74.67,74.67,40.2,40.2,256.75,256.75,813.09,813.09,11,11,4,102,2025-01-31 4:00:00
2025-01-31,5:00:00,105,105,36.9,36.9,292.38,292.38,880.25,880.25,9.55,9.55,3.99,101.86,2025-01-31 5:00:00
2025-01-31,6:00:00,105,105,34.99,34.99,309.01,309.01,876.06,876.06,8.66,8.66,5.66,144.22,2025-01-31 6:00:00
2025-01-31,7:00:00,102.77,102.77,32.61,32.61,286.27,286.27,885.06,885.06,8,8,8.74,222.81,2025-01-31 7:00:00
2025-01-31,8:00:00,86.98,86.98,32.61,32.61,294.35,294.35,866.61,866.61,8.13,8.13,7.95,202.66,2025-01-31 8:00:00
2025-01-31,9:00:00,94.21,94.21,34.13,34.13,311.29,311.29,858.68,858.68,8.79,8.79,4.77,121.61,2025-01-31 9:00:00
2025-01-31,10:00:00,103.88,103.88,34.5,34.5,289.69,289.69,959.62,959.62,8.85,8.85,3.99,101.79,2025-01-31 10:00:00
2025-01-31,11:00:00,105,105,33.59,33.59,237.48,237.48,1115.88,1115.88,8.65,8.65,5.19,132.45,2025-01-31 11:00:00
2025-01-31,12:00:00,105,105,33.36,33.36,222.42,222.42,1209.31,1209.31,8.26,8.26,6.28,160.1,2025-01-31 12:00:00
2025-01-31,13:00:00,105,105,32.68,32.68,212.94,212.94,1374.15,1374.15,8,8,4.65,118.65,2025-01-31 13:00:00
2025-01-31,14:00:00,105,105,33.7,33.7,218.56,218.56,1178.51,1178.51,8.92,8.92,4.1,104.49,2025-01-31 14:00:00
2025-01-31,15:00:00,105,105,34.44,34.44,249.38,249.38,975.93,975.93,8.97,8.97,4,102,2025-01-31 15:00:00
2025-01-31,16:00:00,105,13.75,34.33,5.12,243.68,31.94,980.23,120.02,8.96,1.98,4.06,13.38,2025-01-31 16:00:00
2025-01-31,17:00:00,105,1,35.95,1,234.37,1,965.08,1,9.48,1,5.37,1,2025-01-31 17:00:00
2025-01-31,18:00:00,103.32,1,39.65,1,212.22,1,997.29,1,10.86,1,4,1,2025-01-31 18:00:00
2025-01-31,19:00:00,99.15,1,39.68,1,205.48,1,1044.31,1,10.69,1,4,1,2025-01-31 19:00:00
2025-01-31,20:00:00,101.05,1,40.56,1,239.42,1,892.56,1,11,1,4.8,1,2025-01-31 20:00:00
2025-01-31,21:00:00,94.54,1,40.55,1,224.64,1,942.22,1,11,1,4.48,1,2025-01-31 21:00:00
2025-01-31,22:00:00,96.34,87.37,40.39,36.46,226.67,205.28,948.85,853.32,10.94,9.94,4.93,108.1,2025-01-31 22:00:00
2025-01-31,23:00:00,97,97,40.07,40.07,236.89,236.89,906.7,906.7,10.69,10.69,4.94,126.09,2025-01-31 23:00:00
2025-02-01,0:00:00,58.18,58.18,38.4,38.4,214.01,214.01,1266.51,1266.51,10,10,6.24,159.1,2025-02-01 0:00:00
2025-02-01,1:00:00,61.92,61.92,38.54,38.54,233.4,233.4,928.73,928.73,10,10,4.23,107.89,2025-02-01 1:00:00
2025-02-01,2:00:00,53.17,53.17,38.8,38.8,248.48,248.48,892.67,892.67,10.15,10.15,4,101.93,2025-02-01 2:00:00
2025-02-01,3:00:00,46.45,46.45,38.52,38.52,247.37,247.37,915.72,915.72,10.01,10.01,4.59,117.15,2025-02-01 3:00:00
2025-02-01,4:00:00,43.12,43.12,37.97,37.97,224.36,224.36,1196.95,1196.95,10.06,10.06,6.27,159.93,2025-02-01 4:00:00
2025-02-01,5:00:00,46.97,46.97,38.09,38.09,210.1,210.1,1272.88,1272.88,10.07,10.07,5.59,142.48,2025-02-01 5:00:00
2025-02-01,6:00:00,57.23,57.23,37.33,37.33,211.59,211.59,1275.38,1275.38,9.87,9.87,4.31,109.91,2025-02-01 6:00:00
2025-02-01,7:00:00,58.22,58.22,38.02,38.02,235.09,235.09,1018.48,1018.48,10,10,4.07,103.72,2025-02-01 7:00:00
2025-02-01,8:00:00,60,60,38.89,38.89,239.51,239.51,1145.68,1145.68,10.27,10.27,3.98,101.57,2025-02-01 8:00:00
2025-02-01,9:00:00,47.38,47.38,39.46,39.46,223.1,223.1,995.77,995.77,10.46,10.46,6.46,164.76,2025-02-01 9:00:00
2025-02-01,10:00:00,45.83,45.83,38.84,38.84,230.62,230.62,897.45,897.45,10.04,10.04,7.53,192.02,2025-02-01 10:00:00
2025-02-01,11:00:00,66.78,66.78,39.03,39.03,253.89,253.89,822.76,822.76,10.02,10.02,7.49,191.08,2025-02-01 11:00:00
2025-02-01,12:00:00,60.51,60.51,39.33,39.33,248.09,248.09,810.06,810.06,10.46,10.46,6.08,154.92,2025-02-01 12:00:00
2025-02-01,13:00:00,57.43,57.43,39.3,39.3,243.32,243.32,803.44,803.44,10.46,10.46,5.27,134.31,2025-02-01 13:00:00
2025-02-01,14:00:00,63.67,63.67,39.16,39.16,210.43,210.43,979.37,979.37,10.16,10.16,6.16,157.03,2025-02-01 14:00:00
2025-02-01,15:00:00,88.44,88.44,36.97,36.97,214.36,214.36,916.32,916.32,9.55,9.55,5.65,144.06,2025-02-01 15:00:00
2025-02-01,16:00:00,91.41,91.41,38.9,38.9,203.64,203.64,1069.73,1069.73,10.17,10.17,4.98,126.9,2025-02-01 16:00:00
2025-02-01,17:00:00,73.4,73.4,37.06,37.06,196.22,196.22,1018.9,1018.9,9.42,9.42,4.18,106.68,2025-02-01 17:00:00
2025-02-01,18:00:00,88.8,88.8,37.34,37.34,196.07,196.07,1076.24,1076.24,9.55,9.55,3.97,101.27,2025-02-01 18:00:00
2025-02-01,19:00:00,47.56,47.56,38.41,38.41,176.81,176.81,1161.07,1161.07,10.01,10.01,4,101.94,2025-02-01 19:00:00
2025-02-01,20:00:00,39.15,39.15,38.37,38.37,166.74,166.74,1214.37,1214.37,10.01,10.01,3.98,101.36,2025-02-01 20:00:00
2025-02-01,21:00:00,39.37,39.37,38.25,38.25,161.84,161.84,1215.18,1215.18,10.01,10.01,3.98,101.39,2025-02-01 21:00:00
2025-02-01,22:00:00,41.23,41.23,38.43,38.43,156.01,156.01,1342.28,1342.28,10.1,10.1,3.95,100.69,2025-02-01 22:00:00
2025-02-01,23:00:00,34.17,34.17,37.85,37.85,152.99,152.99,1302.75,1302.75,10,10,3.98,101.49,2025-02-01 23:00:00
2025-02-02,0:00:00,52.24,52.24,38.22,38.22,167.72,167.72,1149.41,1149.41,10,10,4,101.91,2025-02-02 0:00:00
2025-02-02,1:00:00,49.02,49.02,38.09,38.09,173.99,173.99,1242.48,1242.48,10.09,10.09,3.99,101.73,2025-02-02 1:00:00
2025-02-02,2:00:00,38.13,38.13,38.03,38.03,179.25,179.25,1136.75,1136.75,10.07,10.07,4.14,105.48,2025-02-02 2:00:00
2025-02-02,3:00:00,48.16,48.16,38.4,38.4,202.7,202.7,951.08,951.08,10,10,5.09,129.76,2025-02-02 3:00:00
2025-02-02,4:00:00,67.15,67.15,39.33,39.33,221.73,221.73,873.07,873.07,10.16,10.16,4.82,122.91,2025-02-02 4:00:00
2025-02-02,5:00:00,68.35,68.35,39.48,39.48,203.64,203.64,1342.32,1342.32,10.45,10.45,4.38,111.69,2025-02-02 5:00:00
2025-02-02,6:00:00,57.24,57.24,38.03,38.03,194.49,194.49,1121.9,1121.9,10,10,4.15,105.8,2025-02-02 6:00:00
2025-02-02,7:00:00,61.03,61.03,38.67,38.67,191.98,191.98,1266.84,1266.84,10.17,10.17,5.05,128.72,2025-02-02 7:00:00
2025-02-02,8:00:00,55.3,55.3,38.61,38.61,193.64,193.64,1077.15,1077.15,10,10,7.08,180.66,2025-02-02 8:00:00
2025-02-02,9:00:00,53.66,53.66,38.48,38.48,195.54,195.54,1044.2,1044.2,10,10,6.42,163.79,2025-02-02 9:00:00
2025-02-02,10:00:00,35.81,35.81,38.34,38.34,192.36,192.36,1013.16,1013.16,10.01,10.01,5.43,138.56,2025-02-02 10:00:00
2025-02-02,11:00:00,44.74,44.74,38.36,38.36,174.43,174.43,1332.19,1332.19,10.1,10.1,4.75,121.09,2025-02-02 11:00:00
2025-02-02,12:00:00,56.13,56.13,38.32,38.32,186.26,186.26,1076.62,1076.62,10,10,6.43,163.87,2025-02-02 12:00:00
2025-02-02,13:00:00,49.72,49.72,38.36,38.36,181.74,181.74,1224.19,1224.19,10.03,10.03,3.98,101.55,2025-02-02 13:00:00
2025-02-02,14:00:00,57.13,57.13,38.14,38.14,177.91,177.91,1416.79,1416.79,10,10,4,101.97,2025-02-02 14:00:00
2025-02-02,15:00:00,78.27,78.27,38.4,38.4,191.86,191.86,1040.03,1040.03,10,10,3.88,99.06,2025-02-02 15:00:00
2025-02-02,16:00:00,56.56,56.56,37.94,37.94,175.3,175.3,1241.24,1241.24,10,10,3.36,85.75,2025-02-02 16:00:00
2025-02-02,17:00:00,67.19,67.19,38.38,38.38,185.15,185.15,1197.99,1197.99,10.07,10.07,5.67,144.58,2025-02-02 17:00:00
2025-02-02,18:00:00,63.42,63.42,38.79,38.79,215.37,215.37,905.09,905.09,10.02,10.02,5.55,141.48,2025-02-02 18:00:00
2025-02-02,19:00:00,71.81,71.81,39.64,39.64,228.45,228.45,826.88,826.88,10.46,10.46,3.79,96.61,2025-02-02 19:00:00
2025-02-02,20:00:00,81.06,81.06,39.49,39.49,223.03,223.03,853.42,853.42,10.28,10.28,3.93,100.16,2025-02-02 20:00:00
2025-02-02,21:00:00,62.18,62.18,39.13,39.13,212.91,212.91,871.88,871.88,10.16,10.16,3.94,100.48,2025-02-02 21:00:00
2025-02-02,22:00:00,38.59,38.59,38.96,38.96,222.41,222.41,828.22,828.22,10.09,10.09,4.01,102.17,2025-02-02 22:00:00
2025-02-02,23:00:00,30.92,30.92,38.17,38.17,201.01,201.01,1194.01,1194.01,10.02,10.02,6.06,154.53,2025-02-02 23:00:00
2025-02-03,0:00:00,27.12,27.12,37.85,37.85,198.14,198.14,957.21,957.21,10,10,6.2,158.15,2025-02-03 0:00:00
2025-02-03,1:00:00,31.56,31.56,37.79,37.79,195.56,195.56,1090.35,1090.35,10,10,7.38,188.23,2025-02-03 1:00:00
2025-02-03,2:00:00,28.74,28.74,38.53,38.53,215.6,215.6,992.45,992.45,10.19,10.19,4.01,102.17,2025-02-03 2:00:00
2025-02-03,3:00:00,50.7,50.7,39.46,39.46,221.11,221.11,937.61,937.61,10.57,10.57,3.96,100.94,2025-02-03 3:00:00
2025-02-03,4:00:00,75.86,75.86,39.78,39.78,226.08,226.08,869.65,869.65,10.65,10.65,4.08,104.02,2025-02-03 4:00:00
2025-02-03,5:00:00,75.84,75.84,39.08,39.08,221.85,221.85,865.28,865.28,10.04,10.04,4.86,123.82,2025-02-03 5:00:00
2025-02-03,6:00:00,101.37,101.37,39.07,39.07,214.93,214.93,954.61,954.61,10.13,10.13,8.45,215.39,2025-02-03 6:00:00
2025-02-03,7:00:00,67.56,67.56,38.74,38.74,217.11,217.11,870.81,870.81,10.07,10.07,9.09,231.77,2025-02-03 7:00:00
2025-02-03,8:00:00,57.14,57.14,39.71,39.71,223.03,223.03,857.67,857.67,10.94,10.94,5.67,144.51,2025-02-03 8:00:00
2025-02-03,9:00:00,41.46,41.46,38.17,38.17,215.18,215.18,960.41,960.41,10.39,10.39,4.28,109.15,2025-02-03 9:00:00
2025-02-03,10:00:00,33.23,33.23,38.25,38.25,210.49,210.49,890.93,890.93,10,10,4.27,108.99,2025-02-03 10:00:00
2025-02-03,11:00:00,29.92,29.92,38.41,38.41,202.24,202.24,848.88,848.88,10.03,10.03,4.91,125.11,2025-02-03 11:00:00
2025-02-03,12:00:00,27.82,27.82,38.52,38.52,210.39,210.39,838.87,838.87,10.03,10.03,4,101.93,2025-02-03 12:00:00
2025-02-03,13:00:00,28.64,28.64,37.91,37.91,185.47,185.47,1219.87,1219.87,10.05,10.05,3.99,101.81,2025-02-03 13:00:00
2025-02-03,14:00:00,30.13,30.13,37.24,37.24,163.18,163.18,1512.79,1512.79,10,10,3.95,100.77,2025-02-03 14:00:00
2025-02-03,15:00:00,69.93,69.93,33.3,33.3,181.4,181.4,1314.32,1314.32,8.32,8.32,3.99,101.84,2025-02-03 15:00:00
2025-02-03,16:00:00,77.79,77.79,31.01,31.01,201.44,201.44,1225.87,1225.87,7.15,7.15,3.99,101.68,2025-02-03 16:00:00
2025-02-03,17:00:00,83.24,83.24,35.62,35.62,199.52,199.52,1018.44,1018.44,8.89,8.89,3.99,101.82,2025-02-03 17:00:00
2025-02-03,18:00:00,40.69,40.69,38.49,38.49,200.73,200.73,1022.76,1022.76,10.11,10.11,4,102,2025-02-03 18:00:00
2025-02-03,19:00:00,36.16,36.16,39.25,39.25,245.15,245.15,834.92,834.92,10.58,10.58,3.98,101.48,2025-02-03 19:00:00
2025-02-03,20:00:00,34.83,34.83,39.3,39.3,226.7,226.7,851.75,851.75,10.66,10.66,4,101.88,2025-02-03 20:00:00
2025-02-03,21:00:00,34.32,34.32,39.36,39.36,225.22,225.22,905.54,905.54,10.66,10.66,3.99,101.73,2025-02-03 21:00:00
2025-02-03,22:00:00,41.49,41.49,39.65,39.65,241.99,241.99,904.03,904.03,10.82,10.82,3.99,101.73,2025-02-03 22:00:00
2025-02-03,23:00:00,38.97,38.97,39.49,39.49,220.76,220.76,862.18,862.18,10.6,10.6,3.97,101.35,2025-02-03 23:00:00
2025-02-04,0:00:00,28.33,28.33,38.55,38.55,176.71,176.71,1212.53,1212.53,10.04,10.04,3.97,101.34,2025-02-04 0:00:00
2025-02-04,1:00:00,35.41,35.41,38.72,38.72,182.18,182.18,976.36,976.36,10.03,10.03,4.2,107.01,2025-02-04 1:00:00
2025-02-04,2:00:00,42.47,42.47,39.31,39.31,213.5,213.5,869.45,869.45,10.42,10.42,4.15,105.85,2025-02-04 2:00:00
2025-02-04,3:00:00,39.05,39.05,38.63,38.63,195.62,195.62,934.71,934.71,10.03,10.03,3.98,101.37,2025-02-04 3:00:00
2025-02-04,4:00:00,32.65,32.65,39.08,39.08,197.76,197.76,944.87,944.87,10.2,10.2,4.98,127.08,2025-02-04 4:00:00
2025-02-04,5:00:00,39.83,39.83,38.95,38.95,207.86,207.86,936.86,936.86,10.25,10.25,6.17,157.35,2025-02-04 5:00:00
2025-02-04,6:00:00,45.2,45.2,39.4,39.4,227.77,227.77,897.27,897.27,10.57,10.57,5.32,135.63,2025-02-04 6:00:00
2025-02-04,7:00:00,56.04,56.04,39.34,39.34,201.24,201.24,1014.76,1014.76,10.29,10.29,8.46,215.73,2025-02-04 7:00:00
2025-02-04,8:00:00,46.36,46.36,38.99,38.99,201.15,201.15,968.06,968.06,10.16,10.16,9.26,236.13,2025-02-04 8:00:00
2025-02-04,9:00:00,54.41,54.41,39.8,39.8,201.07,201.07,1100.32,1100.32,10.57,10.57,4.53,115.42,2025-02-04 9:00:00
2025-02-04,10:00:00,58,58,39.81,39.81,182.32,182.32,1058.83,1058.83,10.98,10.98,3.99,101.62,2025-02-04 10:00:00
2025-02-04,11:00:00,33.36,33.36,38.89,38.89,191.65,191.65,1030.46,1030.46,10.15,10.15,4,101.88,2025-02-04 11:00:00
2025-02-04,12:00:00,31.12,31.12,38.93,38.93,195.72,195.72,947.37,947.37,10.22,10.22,4.87,124.22,2025-02-04 12:00:00
2025-02-04,13:00:00,26.15,26.15,38.63,38.63,190.65,190.65,957.9,957.9,10,10,4.67,119.07,2025-02-04 13:00:00
2025-02-04,14:00:00,26.86,26.86,38.55,38.55,184.23,184.23,954.41,954.41,10.01,10.01,4.88,124.45,2025-02-04 14:00:00
2025-02-04,15:00:00,53.32,53.32,38.12,38.12,201.13,201.13,920.17,920.17,10.06,10.06,4,102,2025-02-04 15:00:00
2025-02-04,16:00:00,86.54,86.54,37.71,37.71,207.97,207.97,963.73,963.73,9.7,9.7,4,102,2025-02-04 16:00:00
2025-02-04,17:00:00,32.69,32.69,38.9,38.9,179.81,179.81,1121.03,1121.03,10.15,10.15,4,102,2025-02-04 17:00:00
2025-02-04,18:00:00,25.86,25.86,38.6,38.6,175.97,175.97,970.17,970.17,10,10,3.97,101.31,2025-02-04 18:00:00
2025-02-04,19:00:00,20.97,20.97,38.71,38.71,181.06,181.06,941.99,941.99,10.02,10.02,3.98,101.54,2025-02-04 19:00:00
2025-02-04,20:00:00,33.13,33.13,38.69,38.69,196.76,196.76,933.13,933.13,10.06,10.06,3.97,101.17,2025-02-04 20:00:00
2025-02-04,21:00:00,27.8,27.8,39.48,39.48,220.62,220.62,900.31,900.31,10.88,10.88,3.99,101.63,2025-02-04 21:00:00
2025-02-04,22:00:00,24.83,24.83,39.42,39.42,217.14,217.14,894.73,894.73,10.81,10.81,3.97,101.24,2025-02-04 22:00:00
2025-02-04,23:00:00,60.59,60.59,39.48,39.48,214.2,214.2,882.51,882.51,10.53,10.53,3.98,101.58,2025-02-04 23:00:00
2025-02-05,0:00:00,64.4,64.4,39.08,39.08,203.64,203.64,886.68,886.68,10.07,10.07,3.98,101.55,2025-02-05 0:00:00
2025-02-05,1:00:00,103.69,103.69,39.17,39.17,208.33,208.33,903.24,903.24,10,10,5.59,142.61,2025-02-05 1:00:00
2025-02-05,2:00:00,73.11,73.11,38.98,38.98,209.04,209.04,904.99,904.99,10,10,8.41,214.37,2025-02-05 2:00:00
2025-02-05,3:00:00,41.74,41.74,37.84,37.84,189.38,189.38,1079.28,1079.28,10,10,8.76,223.33,2025-02-05 3:00:00
2025-02-05,4:00:00,38.35,38.35,37.97,37.97,190.32,190.32,1069.23,1069.23,10,10,3.96,101,2025-02-05 4:00:00
2025-02-05,5:00:00,42.55,42.55,38.1,38.1,183.97,183.97,1135.58,1135.58,10,10,3.97,101.26,2025-02-05 5:00:00
2025-02-05,6:00:00,58.42,58.42,39.13,39.13,214.15,214.15,982.4,982.4,10.05,10.05,9.05,230.83,2025-02-05 6:00:00
2025-02-05,7:00:00,83.36,83.36,39.14,39.14,210.24,210.24,1019.91,1019.91,10.05,10.05,11.48,292.85,2025-02-05 7:00:00
2025-02-05,8:00:00,60.77,60.77,38.8,38.8,219.63,219.63,941.27,941.27,10,10,6.02,153.56,2025-02-05 8:00:00
2025-02-05,9:00:00,32.1,32.1,38.57,38.57,210.31,210.31,963.95,963.95,10.02,10.02,4,101.88,2025-02-05 9:00:00
2025-02-05,10:00:00,32.6,32.6,38.68,38.68,195.97,195.97,1166.36,1166.36,10.13,10.13,4,101.88,2025-02-05 10:00:00
2025-02-05,11:00:00,33.85,33.85,38.25,38.25,189.32,189.32,1359.01,1359.01,10.06,10.06,3.99,101.77,2025-02-05 11:00:00
2025-02-05,12:00:00,30.51,30.51,38.47,38.47,213.9,213.9,1000.24,1000.24,10,10,3.99,101.81,2025-02-05 12:00:00
2025-02-05,13:00:00,39.99,39.99,38.58,38.58,212.2,212.2,941.97,941.97,10.05,10.05,3.99,101.86,2025-02-05 13:00:00
2025-02-05,14:00:00,44.51,44.51,39.43,39.43,196.78,196.78,1028.31,1028.31,10.81,10.81,4,101.98,2025-02-05 14:00:00
2025-02-05,15:00:00,36.99,36.99,38.89,38.89,202.14,202.14,990.8,990.8,10.29,10.29,4,101.93,2025-02-05 15:00:00
2025-02-05,16:00:00,31.78,31.78,38.23,38.23,187.78,187.78,1044.53,1044.53,10,10,4,101.91,2025-02-05 16:00:00
2025-02-05,17:00:00,32,32,38.17,38.17,193.59,193.59,965.95,965.95,10,10,4,101.91,2025-02-05 17:00:00
2025-02-05,18:00:00,25.78,25.78,37.94,37.94,185.26,185.26,971.77,971.77,10.02,10.02,4,101.95,2025-02-05 18:00:00
2025-02-05,19:00:00,26.8,26.8,38.25,38.25,198.29,198.29,921.17,921.17,10,10,4,102.04,2025-02-05 19:00:00
2025-02-05,20:00:00,26.05,26.05,37.55,37.55,171.64,171.64,1287.48,1287.48,10,10,4,102.11,2025-02-05 20:00:00
2025-02-05,21:00:00,34.31,34.31,38.39,38.39,188.11,188.11,1023.79,1023.79,10.1,10.1,4,102,2025-02-05 21:00:00
2025-02-05,22:00:00,54.37,54.37,38.9,38.9,198.62,198.62,958.33,958.33,10.25,10.25,4,101.94,2025-02-05 22:00:00
2025-02-05,23:00:00,65.03,65.03,38.52,38.52,181.6,181.6,944.59,944.59,10,10,4.45,113.5,2025-02-05 23:00:00
2025-02-06,0:00:00,67.14,67.14,38.29,38.29,186.15,186.15,963.84,963.84,10,10,4.21,107.42,2025-02-06 0:00:00
2025-02-06,1:00:00,58.19,58.19,37.73,37.73,175.01,175.01,961.68,961.68,10,10,4.19,106.76,2025-02-06 1:00:00
2025-02-06,2:00:00,61.89,61.89,37.57,37.57,176.54,176.54,959.38,959.38,10,10,5.68,144.93,2025-02-06 2:00:00
2025-02-06,3:00:00,55.6,55.6,37.48,37.48,172.33,172.33,967.19,967.19,10,10,4.95,126.35,2025-02-06 3:00:00
2025-02-06,4:00:00,58.6,58.6,37.95,37.95,189.79,189.79,898.85,898.85,10,10,4,101.98,2025-02-06 4:00:00
2025-02-06,5:00:00,59.04,59.04,37.63,37.63,190.05,190.05,893.06,893.06,9.97,9.97,4,101.97,2025-02-06 5:00:00
2025-02-06,6:00:00,68.69,68.69,31.9,31.9,215.62,215.62,914.37,914.37,8,8,6.24,159.08,2025-02-06 6:00:00
2025-02-06,7:00:00,71.39,71.39,31.63,31.63,218.96,218.96,937.09,937.09,7.72,7.72,8.01,204.3,2025-02-06 7:00:00
2025-02-06,8:00:00,71.64,71.64,32.41,32.41,191.78,191.78,1123.09,1123.09,8.06,8.06,6.23,158.74,2025-02-06 8:00:00
2025-02-06,9:00:00,82.17,82.17,33.57,33.57,207.67,207.67,950.89,950.89,8.58,8.58,4.01,102.14,2025-02-06 9:00:00
2025-02-06,10:00:00,73.34,73.34,33.76,33.76,221.85,221.85,901,901,8.47,8.47,4.54,115.68,2025-02-06 10:00:00
2025-02-06,11:00:00,71.83,71.83,33.96,33.96,204.62,204.62,920.32,920.32,8.93,8.93,4.59,117.09,2025-02-06 11:00:00
2025-02-06,12:00:00,55.18,55.18,33.44,33.44,208.57,208.57,899.08,899.08,8.37,8.37,5.62,143.23,2025-02-06 12:00:00
2025-02-06,13:00:00,50.72,50.72,33.28,33.28,203.84,203.84,976.1,976.1,8.33,8.33,3.99,101.83,2025-02-06 13:00:00
2025-02-06,14:00:00,65.94,65.94,32.96,32.96,202.05,202.05,1019.6,1019.6,8.15,8.15,4.02,102.5,2025-02-06 14:00:00
2025-02-06,15:00:00,57.62,57.62,33.18,33.18,215.21,215.21,1023.33,1023.33,8.34,8.34,4.68,119.44,2025-02-06 15:00:00
2025-02-06,16:00:00,56.92,56.92,33.73,33.73,216.91,216.91,1011.47,1011.47,8.77,8.77,5.69,145.15,2025-02-06 16:00:00
2025-02-06,17:00:00,41.86,41.86,32.9,32.9,209.71,209.71,971.57,971.57,8.23,8.23,3.64,92.89,2025-02-06 17:00:00
2025-02-06,18:00:00,43.64,43.64,32.72,32.72,190.26,190.26,1080.32,1080.32,8.09,8.09,5.62,143.2,2025-02-06 18:00:00
2025-02-06,19:00:00,50.64,50.64,33.03,33.03,190.25,190.25,1103.46,1103.46,8.3,8.3,6.42,163.75,2025-02-06 19:00:00
2025-02-06,20:00:00,62.81,62.81,34.18,34.18,198.66,198.66,964.34,964.34,8.73,8.73,3.9,99.47,2025-02-06 20:00:00
2025-02-06,21:00:00,74.02,74.02,35.29,35.29,200.54,200.54,897.34,897.34,9.11,9.11,3.99,101.83,2025-02-06 21:00:00
2025-02-06,22:00:00,87.94,87.94,38.91,38.91,206.03,206.03,856.77,856.77,10.18,10.18,6.29,160.4,2025-02-06 22:00:00
2025-02-06,23:00:00,54.82,54.82,40.01,40.01,201.37,201.37,873.16,873.16,10.98,10.98,5.79,147.68,2025-02-06 23:00:00
2025-02-07,0:00:00,46.41,46.41,39.57,39.57,165.97,165.97,1035.99,1035.99,10.74,10.74,4.7,119.96,2025-02-07 0:00:00
2025-02-07,1:00:00,38.07,38.07,39.25,39.25,150.38,150.38,1092.86,1092.86,10.46,10.46,7.38,188.15,2025-02-07 1:00:00
2025-02-07,2:00:00,46.87,46.87,39.53,39.53,168.18,168.18,957.37,957.37,10.69,10.69,7.84,200.03,2025-02-07 2:00:00
2025-02-07,3:00:00,87.2,87.2,37.45,37.45,162.27,162.27,1104.77,1104.77,9.61,9.61,6.57,167.46,2025-02-07 3:00:00
2025-02-07,4:00:00,46.65,46.65,38.92,38.92,157.26,157.26,1101.24,1101.24,10.23,10.23,7.58,193.22,2025-02-07 4:00:00
2025-02-07,5:00:00,38.03,38.03,38.83,38.83,171.72,171.72,987.35,987.35,10.09,10.09,7,178.56,2025-02-07 5:00:00
2025-02-07,6:00:00,36.95,36.95,38.83,38.83,152.57,152.57,1173.38,1173.38,10.14,10.14,6.54,166.89,2025-02-07 6:00:00
2025-02-07,7:00:00,39.98,39.98,39.11,39.11,149.39,149.39,1183.92,1183.92,10.3,10.3,6.81,173.59,2025-02-07 7:00:00
2025-02-07,8:00:00,58.08,58.08,39.46,39.46,160.41,160.41,1089.66,1089.66,10.41,10.41,8.29,211.45,2025-02-07 8:00:00
2025-02-07,9:00:00,34.9,34.9,39.4,39.4,167.62,167.62,883.25,883.25,10.64,10.64,8.2,209.08,2025-02-07 9:00:00
2025-02-07,10:00:00,71.82,71.82,35.51,35.51,183.06,183.06,987.93,987.93,9.01,9.01,10.85,276.74,2025-02-07 10:00:00
2025-02-07,11:00:00,36.44,36.44,39.34,39.34,191.32,191.32,881.61,881.61,10.15,10.15,7.94,202.4,2025-02-07 11:00:00
2025-02-07,12:00:00,29.66,29.66,38.97,38.97,172.01,172.01,1026.71,1026.71,10.19,10.19,4.38,111.69,2025-02-07 12:00:00
2025-02-07,13:00:00,23.78,23.78,39.14,39.14,171.17,171.17,929.15,929.15,10.26,10.26,6.38,162.78,2025-02-07 13:00:00
2025-02-07,14:00:00,28.25,28.25,40.12,40.12,187.41,187.41,841.61,841.61,10.84,10.84,4.05,103.33,2025-02-07 14:00:00
2025-02-07,15:00:00,26.62,26.62,39.39,39.39,191.3,191.3,813.89,813.89,10.52,10.52,4.01,102.25,2025-02-07 15:00:00
2025-02-07,16:00:00,24.76,24.76,39.25,39.25,193.71,193.71,836.98,836.98,10.32,10.32,4.03,102.78,2025-02-07 16:00:00
2025-02-07,17:00:00,27.65,27.65,37.79,37.79,164.17,164.17,1328.01,1328.01,10,10,4.01,102.21,2025-02-07 17:00:00
2025-02-07,18:00:00,29.79,29.79,37.45,37.45,155.31,155.31,1466.61,1466.61,10,10,4,102.07,2025-02-07 18:00:00
2025-02-07,19:00:00,32.81,32.81,37.44,37.44,142.85,142.85,1675.56,1675.56,10,10,4,102.11,2025-02-07 19:00:00
2025-02-07,20:00:00,34.77,34.77,37.5,37.5,140,140,1942.06,1942.06,10,10,4.01,102.32,2025-02-07 20:00:00
2025-02-07,21:00:00,41.89,41.89,37.63,37.63,157.55,157.55,1611.24,1611.24,10,10,4.02,102.41,2025-02-07 21:00:00
2025-02-07,22:00:00,44.38,44.38,37.63,37.63,158.18,158.18,1251.45,1251.45,10,10,4,102.11,2025-02-07 22:00:00
2025-02-07,23:00:00,86.53,86.53,37.43,37.43,150.28,150.28,1818.67,1818.67,9.89,9.89,4.07,103.84,2025-02-07 23:00:00
2025-02-08,0:00:00,55.23,55.23,37.19,37.19,181.81,181.81,1007.6,1007.6,9.82,9.82,6.24,159.16,2025-02-08 0:00:00
2025-02-08,1:00:00,77.06,77.06,35.75,35.75,199.17,199.17,966.33,966.33,9.23,9.23,7.63,194.52,2025-02-08 1:00:00
2025-02-08,2:00:00,51.55,51.55,31.67,31.67,206.49,206.49,1059.46,1059.46,7.71,7.71,9.73,248.19,2025-02-08 2:00:00
2025-02-08,3:00:00,47.99,47.99,31.5,31.5,202.89,202.89,1061.18,1061.18,7.53,7.53,6.63,169.14,2025-02-08 3:00:00
2025-02-08,4:00:00,84.21,84.21,31.72,31.72,208.12,208.12,946.65,946.65,7.62,7.62,5.5,140.37,2025-02-08 4:00:00
2025-02-08,5:00:00,83.41,83.41,31.37,31.37,203.54,203.54,994.38,994.38,7.37,7.37,4.67,119.15,2025-02-08 5:00:00
2025-02-08,6:00:00,70.17,70.17,35.06,35.06,180.11,180.11,1100.24,1100.24,8.99,8.99,5.83,148.61,2025-02-08 6:00:00
2025-02-08,7:00:00,47.23,47.23,37.52,37.52,180.39,180.39,995.53,995.53,10,10,4.02,102.39,2025-02-08 7:00:00
2025-02-08,8:00:00,33.88,33.88,38.03,38.03,173.18,173.18,1075.13,1075.13,10,10,6.47,165.03,2025-02-08 8:00:00
2025-02-08,9:00:00,47.15,47.15,37.74,37.74,173.46,173.46,932.64,932.64,9.94,9.94,7.55,192.55,2025-02-08 9:00:00
2025-02-08,10:00:00,66.43,66.43,32.07,32.07,195.8,195.8,954.64,954.64,7.88,7.88,8.22,209.54,2025-02-08 10:00:00
2025-02-08,11:00:00,55.82,55.82,31.98,31.98,200.81,200.81,950.25,950.25,7.79,7.79,10.78,275.02,2025-02-08 11:00:00
2025-02-08,12:00:00,62.91,62.91,31.88,31.88,204.87,204.87,915.74,915.74,7.87,7.87,10.82,275.84,2025-02-08 12:00:00
2025-02-08,13:00:00,60.49,60.49,31.85,31.85,204.32,204.32,939.06,939.06,7.97,7.97,5.67,144.48,2025-02-08 13:00:00
2025-02-08,14:00:00,54.66,54.66,31.27,31.27,184,184,1228.65,1228.65,7.61,7.61,3.65,93,2025-02-08 14:00:00
2025-02-08,15:00:00,69.9,69.9,36.01,36.01,185.3,185.3,960.67,960.67,9.33,9.33,3.97,101.34,2025-02-08 15:00:00
2025-02-08,16:00:00,31.13,31.13,37.49,37.49,172.38,172.38,971.6,971.6,10,10,3.99,101.86,2025-02-08 16:00:00
2025-02-08,17:00:00,45.42,45.42,37.67,37.67,178.59,178.59,1146.83,1146.83,10,10,4,101.97,2025-02-08 17:00:00
2025-02-08,18:00:00,53.61,53.61,38.26,38.26,196.87,196.87,914.02,914.02,10,10,4,102,2025-02-08 18:00:00
2025-02-08,19:00:00,56.77,56.77,38.33,38.33,197.81,197.81,920.11,920.11,10,10,3.99,101.64,2025-02-08 19:00:00
2025-02-08,20:00:00,57.56,57.56,38.28,38.28,187.63,187.63,1034.23,1034.23,10,10,4,101.93,2025-02-08 20:00:00
2025-02-08,21:00:00,54.47,54.47,38.45,38.45,198.08,198.08,914.81,914.81,10.04,10.04,4,101.89,2025-02-08 21:00:00
2025-02-08,22:00:00,44.79,44.79,38.51,38.51,189.67,189.67,1076.66,1076.66,10.15,10.15,4,101.9,2025-02-08 22:00:00
2025-02-08,23:00:00,43.53,43.53,38.7,38.7,217.68,217.68,843.33,843.33,10.05,10.05,3.99,101.85,2025-02-08 23:00:00
2025-02-09,0:00:00,42.06,42.06,38.92,38.92,221.77,221.77,816.74,816.74,10,10,4.02,102.58,2025-02-09 0:00:00
2025-02-09,1:00:00,44.43,44.43,38.68,38.68,225.03,225.03,811.91,811.91,10,10,6.22,158.66,2025-02-09 1:00:00
2025-02-09,2:00:00,66.18,66.18,38.96,38.96,222.78,222.78,818.78,818.78,10.23,10.23,4.24,108.18,2025-02-09 2:00:00
2025-02-09,3:00:00,77.48,77.48,39.14,39.14,231.88,231.88,791.71,791.71,10.09,10.09,3.99,101.72,2025-02-09 3:00:00
2025-02-09,4:00:00,76.13,76.13,39.44,39.44,227.45,227.45,795.09,795.09,10.44,10.44,3.99,101.75,2025-02-09 4:00:00
2025-02-09,5:00:00,99.88,99.88,38.78,38.78,224.12,224.12,838.37,838.37,10.22,10.22,3.97,101.18,2025-02-09 5:00:00
2025-02-09,6:00:00,105,105,34.15,34.15,230.26,230.26,907.7,907.7,8.5,8.5,5.91,150.69,2025-02-09 6:00:00
2025-02-09,7:00:00,102.36,102.36,38.04,38.04,205.83,205.83,1059.68,1059.68,9.68,9.68,8.72,222.36,2025-02-09 7:00:00
2025-02-09,8:00:00,70.42,70.42,39.29,39.29,212.8,212.8,804.68,804.68,10.22,10.22,7.57,193.07,2025-02-09 8:00:00
2025-02-09,9:00:00,51.44,51.44,39.34,39.34,200.82,200.82,883.46,883.46,10.28,10.28,8.9,226.93,2025-02-09 9:00:00
2025-02-09,10:00:00,50.52,50.52,39.23,39.23,197.72,197.72,826.62,826.62,10.23,10.23,8.16,208.19,2025-02-09 10:00:00
2025-02-09,11:00:00,60.02,60.02,39.31,39.31,210.87,210.87,813.44,813.44,10.28,10.28,7.58,193.22,2025-02-09 11:00:00
2025-02-09,12:00:00,56.32,56.32,39.21,39.21,197.18,197.18,860.25,860.25,10.21,10.21,4.82,122.9,2025-02-09 12:00:00
2025-02-09,13:00:00,50.33,50.33,38.23,38.23,172.76,172.76,906.36,906.36,10,10,3.99,101.79,2025-02-09 13:00:00
2025-02-09,14:00:00,35.24,35.24,38.03,38.03,174,174,909.17,909.17,10,10,4.06,103.53,2025-02-09 14:00:00
2025-02-09,15:00:00,28.76,28.76,38.28,38.28,187.09,187.09,871.24,871.24,10,10,3.99,101.67,2025-02-09 15:00:00
2025-02-09,16:00:00,36.76,36.76,38.07,38.07,185.96,185.96,834.21,834.21,10.02,10.02,3.93,100.28,2025-02-09 16:00:00
2025-02-09,17:00:00,28.28,28.28,38.42,38.42,189.26,189.26,822.62,822.62,10,10,4.43,113.07,2025-02-09 17:00:00
2025-02-09,18:00:00,31.39,31.39,38.38,38.38,191.51,191.51,841.36,841.36,10,10,8.6,219.24,2025-02-09 18:00:00
2025-02-09,19:00:00,43.34,43.34,38.58,38.58,193.1,193.1,949.68,949.68,10.07,10.07,7.08,180.44,2025-02-09 19:00:00
2025-02-09,20:00:00,53.88,53.88,39.56,39.56,200.55,200.55,862.1,862.1,10.53,10.53,3.95,100.85,2025-02-09 20:00:00
2025-02-09,21:00:00,39.48,39.48,38.83,38.83,213.55,213.55,773.9,773.9,10.08,10.08,3.96,100.89,2025-02-09 21:00:00
2025-02-09,22:00:00,39.5,39.5,39.04,39.04,211.83,211.83,774.57,774.57,10.29,10.29,3.95,100.64,2025-02-09 22:00:00
2025-02-09,23:00:00,39.97,39.97,38.64,38.64,196.81,196.81,825.52,825.52,10.07,10.07,3.97,101.15,2025-02-09 23:00:00
2025-02-10,0:00:00,38.69,38.69,38.44,38.44,185.8,185.8,840.58,840.58,10,10,3.96,100.96,2025-02-10 0:00:00
2025-02-10,1:00:00,42.6,42.6,40.35,40.35,206.7,206.7,782.96,782.96,10.6,10.6,5.67,144.63,2025-02-10 1:00:00
2025-02-10,2:00:00,36.75,36.75,39.51,39.51,218.33,218.33,795.78,795.78,10.51,10.51,7.32,186.63,2025-02-10 2:00:00
2025-02-10,3:00:00,64.03,64.03,39.31,39.31,221.85,221.85,1117.15,1117.15,10.53,10.53,5.18,132.08,2025-02-10 3:00:00
2025-02-10,4:00:00,51.82,51.82,40.27,40.27,258.86,258.86,796.11,796.11,10.83,10.83,3.99,101.65,2025-02-10 4:00:00
2025-02-10,5:00:00,36.09,36.09,38.28,38.28,197.78,197.78,1309.12,1309.12,10.04,10.04,3.99,101.75,2025-02-10 5:00:00
2025-02-10,6:00:00,33.56,33.56,38.3,38.3,215.14,215.14,891.69,891.69,10,10,5.8,148.02,2025-02-10 6:00:00
2025-02-10,7:00:00,46.83,46.83,38.9,38.9,222.35,222.35,853.89,853.89,10.11,10.11,6.92,176.34,2025-02-10 7:00:00
2025-02-10,8:00:00,70.01,70.01,37.82,37.82,228.41,228.41,828.66,828.66,9.7,9.7,5.33,135.93,2025-02-10 8:00:00
2025-02-10,9:00:00,83.45,83.45,33.06,33.06,243.22,243.22,911.66,911.66,8.06,8.06,7.67,195.58,2025-02-10 9:00:00
2025-02-10,10:00:00,71.94,71.94,33.43,33.43,230.41,230.41,929.82,929.82,8.3,8.3,9.09,231.79,2025-02-10 10:00:00
2025-02-10,11:00:00,78.47,78.47,33.57,33.57,234.43,234.43,851.31,851.31,8.26,8.26,9.93,253.33,2025-02-10 11:00:00
2025-02-10,12:00:00,66.64,66.64,32.41,32.41,206.36,206.36,918.94,918.94,8,8,6.46,164.72,2025-02-10 12:00:00
2025-02-10,13:00:00,76.64,76.64,32.77,32.77,208.89,208.89,895.34,895.34,8,8,6.44,164.28,2025-02-10 13:00:00
2025-02-10,14:00:00,78.12,78.12,32.77,32.77,203.61,203.61,908.58,908.58,8.03,8.03,4.37,111.53,2025-02-10 14:00:00
2025-02-10,15:00:00,82.25,82.25,37.75,37.75,182.15,182.15,953.98,953.98,9.83,9.83,3.76,95.99,2025-02-10 15:00:00
2025-02-10,16:00:00,48.52,48.52,38.71,38.71,173.72,173.72,983.03,983.03,10.25,10.25,3.68,93.81,2025-02-10 16:00:00
2025-02-10,17:00:00,49.61,49.61,38.68,38.68,168.27,168.27,938.1,938.1,10.04,10.04,6.95,177.13,2025-02-10 17:00:00
2025-02-10,18:00:00,54.15,54.15,38.58,38.58,160.32,160.32,1070.55,1070.55,10.03,10.03,6.95,177.24,2025-02-10 18:00:00
2025-02-10,19:00:00,43.53,43.53,38.81,38.81,166.22,166.22,966.22,966.22,10.05,10.05,4.77,121.55,2025-02-10 19:00:00
2025-02-10,20:00:00,42.07,42.07,38.64,38.64,173.37,173.37,929.53,929.53,10,10,3.94,100.53,2025-02-10 20:00:00
2025-02-10,21:00:00,42.19,42.19,38.17,38.17,166.19,166.19,1108.3,1108.3,10,10,3.98,101.56,2025-02-10 21:00:00
2025-02-10,22:00:00,39.09,39.09,38.38,38.38,167.86,167.86,1008.75,1008.75,10,10,3.97,101.34,2025-02-10 22:00:00
2025-02-10,23:00:00,35.77,35.77,38.55,38.55,178.13,178.13,996.33,996.33,10.01,10.01,3.98,101.49,2025-02-10 23:00:00
2025-02-11,0:00:00,35.21,35.21,38.41,38.41,167.96,167.96,1085.73,1085.73,10,10,3.98,101.51,2025-02-11 0:00:00
2025-02-11,1:00:00,33.89,33.89,38.5,38.5,158.29,158.29,1122.64,1122.64,10.14,10.14,3.98,101.46,2025-02-11 1:00:00
2025-02-11,2:00:00,31.32,31.32,38.12,38.12,152.45,152.45,1226.19,1226.19,10,10,4.63,117.98,2025-02-11 2:00:00
2025-02-11,3:00:00,30.46,30.46,38.34,38.34,159.33,159.33,1190.83,1190.83,10,10,3.99,101.76,2025-02-11 3:00:00
2025-02-11,4:00:00,30.54,30.54,38.28,38.28,156.46,156.46,1273.69,1273.69,10.02,10.02,3.99,101.85,2025-02-11 4:00:00
2025-02-11,5:00:00,31.77,31.77,38.2,38.2,153.34,153.34,1257.18,1257.18,10.1,10.1,3.98,101.56,2025-02-11 5:00:00
2025-02-11,6:00:00,31.46,31.46,38.08,38.08,162.11,162.11,1133.6,1133.6,10.07,10.07,6.31,160.95,2025-02-11 6:00:00
2025-02-11,7:00:00,32.02,32.02,38.26,38.26,172.15,172.15,1048.55,1048.55,10,10,10.7,272.76,2025-02-11 7:00:00
2025-02-11,8:00:00,34.22,34.22,38.01,38.01,154.29,154.29,1180.4,1180.4,10,10,10.68,272.38,2025-02-11 8:00:00
2025-02-11,9:00:00,38.48,38.48,37.29,37.29,130.31,130.31,1580.26,1580.26,10,10,10.08,257.08,2025-02-11 9:00:00
2025-02-11,10:00:00,43.06,43.06,38.6,38.6,163.47,163.47,1022.4,1022.4,10,10,9.51,242.46,2025-02-11 10:00:00
2025-02-11,11:00:00,47.17,47.17,39.12,39.12,185.08,185.08,912.88,912.88,10.1,10.1,8.96,228.58,2025-02-11 11:00:00
2025-02-11,12:00:00,34.41,34.41,37.77,37.77,145.77,145.77,1405.93,1405.93,10,10,9.57,244.07,2025-02-11 12:00:00
2025-02-11,13:00:00,31.93,31.93,36.95,36.95,129.78,129.78,1850.29,1850.29,10,10,5.48,139.62,2025-02-11 13:00:00
2025-02-11,14:00:00,32.18,32.18,37.14,37.14,162.27,162.27,1274.76,1274.76,10,10,4,101.98,2025-02-11 14:00:00
2025-02-11,15:00:00,30.23,30.23,37.47,37.47,156.46,156.46,1225.18,1225.18,10,10,4.01,102.26,2025-02-11 15:00:00
2025-02-11,16:00:00,26.97,26.97,37.88,37.88,173.05,173.05,1001.67,1001.67,10,10,4.01,102.13,2025-02-11 16:00:00
2025-02-11,17:00:00,81.76,81.76,36.08,36.08,159.14,159.14,1396.68,1396.68,9.49,9.49,4.23,107.84,2025-02-11 17:00:00
2025-02-11,18:00:00,104.75,104.75,32.63,32.63,182,182,1084.91,1084.91,8.04,8.04,6.36,162.07,2025-02-11 18:00:00
2025-02-11,19:00:00,98.8,98.8,33.65,33.65,185.99,185.99,1122.52,1122.52,8.41,8.41,5.11,130.23,2025-02-11 19:00:00
2025-02-11,20:00:00,39.92,39.92,37.89,37.89,164.51,164.51,1103.42,1103.42,10,10,4,101.99,2025-02-11 20:00:00
2025-02-11,21:00:00,33.01,33.01,38.04,38.04,170.81,170.81,1006.42,1006.42,10,10,4,102,2025-02-11 21:00:00
2025-02-11,22:00:00,39.14,39.14,38.4,38.4,187.73,187.73,932.28,932.28,10,10,3.99,101.83,2025-02-11 22:00:00
2025-02-11,23:00:00,44.77,44.77,38.66,38.66,188.87,188.87,940.75,940.75,10,10,4,101.88,2025-02-11 23:00:00
2025-02-12,0:00:00,59.51,59.51,38.97,38.97,183.14,183.14,988.13,988.13,10,10,3.99,101.83,2025-02-12 0:00:00
2025-02-12,1:00:00,59.83,59.83,38.68,38.68,181.8,181.8,1085.45,1085.45,9.92,9.92,4.44,113.14,2025-02-12 1:00:00
2025-02-12,2:00:00,91.02,91.02,33.38,33.38,202.81,202.81,1079.37,1079.37,8.15,8.15,6.97,177.73,2025-02-12 2:00:00
2025-02-12,3:00:00,74.22,74.22,33.5,33.5,209.17,209.17,982.99,982.99,8.15,8.15,4.67,118.97,2025-02-12 3:00:00
2025-02-12,4:00:00,51.59,51.59,32.86,32.86,207.08,207.08,981.21,981.21,8.19,8.19,3.98,101.6,2025-02-12 4:00:00
2025-02-12,5:00:00,64.2,64.2,34.59,34.59,198.89,198.89,1007.38,1007.38,8.64,8.64,6.53,166.48,2025-02-12 5:00:00
2025-02-12,6:00:00,40.84,40.84,39,39,185.77,185.77,958.65,958.65,10.06,10.06,5.17,131.91,2025-02-12 6:00:00
2025-02-12,7:00:00,44.98,44.98,39.29,39.29,202.84,202.84,862.74,862.74,10.14,10.14,7.55,192.5,2025-02-12 7:00:00
2025-02-12,8:00:00,33.92,33.92,39.51,39.51,225.59,225.59,842.34,842.34,10.44,10.44,9.37,238.95,2025-02-12 8:00:00
2025-02-12,9:00:00,33.29,33.29,39.04,39.04,205.37,205.37,898.72,898.72,10.07,10.07,9.53,243.12,2025-02-12 9:00:00
2025-02-12,10:00:00,28.94,28.94,39.58,39.58,226.36,226.36,877.58,877.58,10.62,10.62,7.78,198.28,2025-02-12 10:00:00
2025-02-12,11:00:00,32.65,32.65,39.11,39.11,210.59,210.59,909.75,909.75,10.03,10.03,5.71,145.62,2025-02-12 11:00:00
2025-02-12,12:00:00,39.31,39.31,38.28,38.28,208.24,208.24,926.53,926.53,10,10,7.92,201.96,2025-02-12 12:00:00
2025-02-12,13:00:00,35.75,35.75,38.72,38.72,206.19,206.19,894.28,894.28,10,10,6.1,155.46,2025-02-12 13:00:00
2025-02-12,14:00:00,28.54,28.54,38.66,38.66,197.26,197.26,990.12,990.12,10,10,8.49,216.44,2025-02-12 14:00:00
2025-02-12,15:00:00,30.52,30.52,38.22,38.22,188.57,188.57,1005.64,1005.64,10,10,9.75,248.61,2025-02-12 15:00:00
2025-02-12,16:00:00,31.66,31.66,38.39,38.39,189.82,189.82,942.85,942.85,10,10,6.56,167.16,2025-02-12 16:00:00
2025-02-12,17:00:00,32.22,32.22,38.57,38.57,194.62,194.62,913.33,913.33,10,10,4.01,102.14,2025-02-12 17:00:00
2025-02-12,18:00:00,35.13,35.13,38.86,38.86,185.17,185.17,1098.08,1098.08,10.22,10.22,4,102.12,2025-02-12 18:00:00
2025-02-12,19:00:00,31.01,31.01,38.47,38.47,179.79,179.79,954.79,954.79,10.08,10.08,4,102.08,2025-02-12 19:00:00
2025-02-12,20:00:00,31.87,31.87,38.21,38.21,176.22,176.22,1037.52,1037.52,10,10,4.01,102.14,2025-02-12 20:00:00
2025-02-12,21:00:00,40.46,40.46,38.47,38.47,179.4,179.4,992.27,992.27,10,10,4,102.04,2025-02-12 21:00:00
2025-02-12,22:00:00,35.74,35.74,37.94,37.94,160.05,160.05,1258.81,1258.81,10,10,4,101.96,2025-02-12 22:00:00
2025-02-12,23:00:00,35.87,35.87,38.16,38.16,158.55,158.55,1129.65,1129.65,10,10,4.34,110.69,2025-02-12 23:00:00
2025-02-13,0:00:00,36.94,36.94,38.39,38.39,171.66,171.66,1051.1,1051.1,10,10,6.75,172.1,2025-02-13 0:00:00
2025-02-13,1:00:00,30.09,30.09,38.07,38.07,167.36,167.36,1067.4,1067.4,10,10,4.83,123.07,2025-02-13 1:00:00
2025-02-13,2:00:00,26.49,26.49,38.3,38.3,173.81,173.81,1054.26,1054.26,10.16,10.16,4.27,108.83,2025-02-13 2:00:00
2025-02-13,3:00:00,84.25,84.25,33.14,33.14,198.32,198.32,994.63,994.63,8.1,8.1,4.77,121.68,2025-02-13 3:00:00
2025-02-13,4:00:00,55.39,55.39,38.51,38.51,172.91,172.91,1030.14,1030.14,9.94,9.94,6.2,158.02,2025-02-13 4:00:00
2025-02-13,5:00:00,27.21,27.21,37.88,37.88,155.75,155.75,1228.52,1228.52,10,10,4,101.94,2025-02-13 5:00:00
2025-02-13,6:00:00,40.27,40.27,38.87,38.87,180.19,180.19,939.15,939.15,10.13,10.13,4.48,114.22,2025-02-13 6:00:00
2025-02-13,7:00:00,40.33,40.33,38.57,38.57,178.44,178.44,900.03,900.03,10,10,10.11,257.75,2025-02-13 7:00:00
2025-02-13,8:00:00,38.4,38.4,38.49,38.49,175.49,175.49,881.53,881.53,10,10,7.53,192.09,2025-02-13 8:00:00
2025-02-13,9:00:00,57.95,3.56,45.34,3.33,168.72,10.97,889.42,58.31,10.55,1.56,6.36,10.33,2025-02-13 9:00:00
2025-02-13,10:00:00,45.44,38.1,39.25,34.29,181.47,158.08,912.99,799.62,10.08,8.91,4,88.95,2025-02-13 10:00:00
2025-02-13,11:00:00,29.79,29.79,38.77,38.77,166.12,166.12,973.73,973.73,10.01,10.01,4,102.04,2025-02-13 11:00:00
2025-02-13,12:00:00,38.57,38.57,39,39,166.44,166.44,963.14,963.14,10,10,4,102.03,2025-02-13 12:00:00
2025-02-13,13:00:00,41.58,41.58,38.69,38.69,168.6,168.6,935.54,935.54,10,10,3.92,99.98,2025-02-13 13:00:00
2025-02-13,14:00:00,31.97,31.97,38.44,38.44,154.55,154.55,1007.13,1007.13,10,10,9.71,247.56,2025-02-13 14:00:00
2025-02-13,15:00:00,32.5,32.5,38.32,38.32,152.38,152.38,1087.29,1087.29,10,10,21.12,538.65,2025-02-13 15:00:00
2025-02-13,16:00:00,44.95,44.95,38.01,38.01,160.85,160.85,1164.67,1164.67,10,10,24.42,622.76,2025-02-13 16:00:00
2025-02-13,17:00:00,47.51,47.51,38.25,38.25,166.46,166.46,1088.34,1088.34,10,10,27.6,703.88,2025-02-13 17:00:00
2025-02-13,18:00:00,46.15,46.15,37.96,37.96,148.83,148.83,1253.47,1253.47,10,10,30,765,2025-02-13 18:00:00
2025-02-13,19:00:00,59.7,59.7,38.52,38.52,178.61,178.61,1078.72,1078.72,10,10,30,765,2025-02-13 19:00:00
2025-02-13,20:00:00,88.53,88.53,36.36,36.36,160.32,160.32,1312.15,1312.15,9.26,9.26,29.31,747.29,2025-02-13 20:00:00
2025-02-13,21:00:00,45.98,45.98,36.83,36.83,180.97,180.97,1420.81,1420.81,9.49,9.49,27.14,691.97,2025-02-13 21:00:00
2025-02-13,22:00:00,40.31,40.31,40.36,40.36,255.35,255.35,716.52,716.52,10.82,10.82,24.72,630.28,2025-02-13 22:00:00
2025-02-13,23:00:00,31.44,31.44,41.56,41.56,270.57,270.57,740.89,740.89,11,11,24.86,633.82,2025-02-13 23:00:00
2025-02-14,0:00:00,29.78,29.78,41.41,41.41,228.45,228.45,966.9,966.9,11.01,11.01,22.6,576.34,2025-02-14 0:00:00
2025-02-14,1:00:00,23.11,23.11,44.19,44.19,260.37,260.37,719.39,719.39,11.65,11.65,18.68,476.31,2025-02-14 1:00:00
2025-02-14,2:00:00,30.54,30.54,42.5,42.5,211.28,211.28,725.72,725.72,11.24,11.24,17.44,444.68,2025-02-14 2:00:00
2025-02-14,3:00:00,55.77,55.77,42.18,42.18,216.66,216.66,739.85,739.85,11,11,13.58,346.39,2025-02-14 3:00:00
2025-02-14,4:00:00,38.22,38.22,40.09,40.09,173.59,173.59,921.89,921.89,10.9,10.9,17.14,437.15,2025-02-14 4:00:00
2025-02-14,5:00:00,96.09,96.09,33.66,33.66,195.25,195.25,925.46,925.46,8.09,8.09,10.82,275.93,2025-02-14 5:00:00
2025-02-14,6:00:00,60.66,60.66,32.68,32.68,168.98,168.98,1254.49,1254.49,8,8,3.96,100.96,2025-02-14 6:00:00
2025-02-14,7:00:00,58.14,58.14,32.46,32.46,164.25,164.25,1580.49,1580.49,7.98,7.98,3.96,101.1,2025-02-14 7:00:00
2025-02-14,8:00:00,52.74,52.74,32.23,32.23,163.55,163.55,1375.41,1375.41,7.95,7.95,3.93,100.21,2025-02-14 8:00:00
2025-02-14,9:00:00,66.23,66.23,32.42,32.42,151.71,151.71,1465.73,1465.73,8,8,3.98,101.58,2025-02-14 9:00:00
2025-02-14,10:00:00,76.94,76.94,32.41,32.41,185.88,185.88,1039.4,1039.4,8,8,3.99,101.84,2025-02-14 10:00:00
2025-02-14,11:00:00,55.78,55.78,32.23,32.23,183.84,183.84,1099.76,1099.76,7.92,7.92,4,101.93,2025-02-14 11:00:00
2025-02-14,12:00:00,47.29,47.29,31.37,31.37,164.51,164.51,1609.11,1609.11,7.18,7.18,4,101.9,2025-02-14 12:00:00
2025-02-14,13:00:00,53.47,53.47,31.18,31.18,157.03,157.03,1866.69,1866.69,7.05,7.05,4,102,2025-02-14 13:00:00
2025-02-14,14:00:00,60.95,60.95,31.35,31.35,167.86,167.86,1679.29,1679.29,7.34,7.34,4,102.09,2025-02-14 14:00:00
2025-02-14,15:00:00,58.08,58.08,31.55,31.55,169.32,169.32,1332.51,1332.51,7.58,7.58,4.08,104.1,2025-02-14 15:00:00
2025-02-14,16:00:00,53.93,53.93,31.45,31.45,139.21,139.21,1800.43,1800.43,7.33,7.33,4.3,109.62,2025-02-14 16:00:00
2025-02-14,17:00:00,74.93,74.93,33.55,33.55,173.8,173.8,993.4,993.4,8.47,8.47,5.66,144.22,2025-02-14 17:00:00
2025-02-14,18:00:00,47.02,47.02,37.9,37.9,159.49,159.49,951.8,951.8,10,10,4,102.03,2025-02-14 18:00:00
2025-02-14,19:00:00,35.74,35.74,38.32,38.32,179.26,179.26,831.78,831.78,10,10,7.91,201.8,2025-02-14 19:00:00
2025-02-14,20:00:00,65.84,65.84,38.97,38.97,184.33,184.33,811.51,811.51,10.04,10.04,16.05,409.18,2025-02-14 20:00:00
2025-02-14,21:00:00,66.72,66.72,38.76,38.76,179.78,179.78,783.46,783.46,10,10,19.45,496.05,2025-02-14 21:00:00
2025-02-14,22:00:00,69.87,69.87,39.31,39.31,192.39,192.39,786.2,786.2,10.22,10.22,23.12,589.49,2025-02-14 22:00:00
2025-02-14,23:00:00,79.54,79.54,39.8,39.8,195.38,195.38,775.1,775.1,10.36,10.36,21.74,554.39,2025-02-14 23:00:00
2025-02-15,0:00:00,45.52,45.52,38.47,38.47,178.73,178.73,891.85,891.85,10.04,10.04,22.63,576.97,2025-02-15 0:00:00
2025-02-15,1:00:00,49.14,49.14,38.64,38.64,206.47,206.47,742.04,742.04,10,10,20.04,510.98,2025-02-15 1:00:00
2025-02-15,2:00:00,77.22,77.22,38.97,38.97,233.56,233.56,717.96,717.96,10.01,10.01,13.41,341.87,2025-02-15 2:00:00
2025-02-15,3:00:00,82.23,82.23,39.35,39.35,230.83,230.83,700.82,700.82,10.03,10.03,18.83,480.17,2025-02-15 3:00:00
2025-02-15,4:00:00,46.15,46.15,39.25,39.25,213.77,213.77,736.87,736.87,10.02,10.02,18.39,468.89,2025-02-15 4:00:00
2025-02-15,5:00:00,60.08,60.08,38.69,38.69,185.23,185.23,887.84,887.84,10.03,10.03,13.85,353.06,2025-02-15 5:00:00
2025-02-15,6:00:00,80.38,80.38,38.77,38.77,177.52,177.52,922.83,922.83,10,10,6.82,173.81,2025-02-15 6:00:00
2025-02-15,7:00:00,79.59,79.59,38.57,38.57,179.86,179.86,864.73,864.73,10,10,3.84,97.96,2025-02-15 7:00:00
2025-02-15,8:00:00,104.6,104.6,38.78,38.78,194.71,194.71,849.58,849.58,10,10,3.96,101.02,2025-02-15 8:00:00
2025-02-15,9:00:00,43.1,43.1,38.03,38.03,170.53,170.53,987.77,987.77,10,10,3.99,101.83,2025-02-15 9:00:00
2025-02-15,10:00:00,24.8,24.8,37.89,37.89,183.7,183.7,884.01,884.01,10,10,4,101.92,2025-02-15 10:00:00
2025-02-15,11:00:00,20.22,20.22,38.08,38.08,186.99,186.99,848.52,848.52,10,10,4,102,2025-02-15 11:00:00
2025-02-15,12:00:00,18.53,18.53,37.89,37.89,186.19,186.19,848.83,848.83,10,10,4.01,102.18,2025-02-15 12:00:00
2025-02-15,13:00:00,17.82,17.82,37.38,37.38,166.61,166.61,1088.47,1088.47,10,10,5.79,147.52,2025-02-15 13:00:00
2025-02-15,14:00:00,44.08,44.08,38.71,38.71,203.15,203.15,928.04,928.04,10.16,10.16,9.74,248.29,2025-02-15 14:00:00
2025-02-15,15:00:00,67.5,67.5,38.48,38.48,451.66,451.66,585.32,585.32,9.87,9.87,9.72,247.84,2025-02-15 15:00:00
2025-02-15,16:00:00,72.23,72.23,36.75,36.75,484.23,484.23,588.2,588.2,9.04,9.04,13.41,342.08,2025-02-15 16:00:00
2025-02-15,17:00:00,62.58,62.58,35.47,35.47,410.6,410.6,690.34,690.34,9,9,18.29,466.29,2025-02-15 17:00:00
2025-02-15,18:00:00,67.79,67.79,35.03,35.03,348.54,348.54,1032.78,1032.78,8.76,8.76,21.71,553.62,2025-02-15 18:00:00
2025-02-15,19:00:00,70.28,70.28,32.9,32.9,289.27,289.27,1544.4,1544.4,8,8,23.42,597.31,2025-02-15 19:00:00
2025-02-15,20:00:00,64.73,64.73,33.39,33.39,288.7,288.7,1298.43,1298.43,8.01,8.01,20.29,517.42,2025-02-15 20:00:00
2025-02-15,21:00:00,43.97,43.97,34.4,34.4,274.01,274.01,1215.11,1215.11,8.4,8.4,22.24,567.23,2025-02-15 21:00:00
2025-02-15,22:00:00,10.83,10.83,32.03,32.03,320.92,320.92,908.13,908.13,7.59,7.59,18.22,464.71,2025-02-15 22:00:00
2025-02-15,23:00:00,11.93,11.93,31.39,31.39,326.99,326.99,820.53,820.53,7,7,13.56,345.79,2025-02-15 23:00:00
2025-02-16,0:00:00,31.48,31.48,30.22,30.22,333.58,333.58,884.3,884.3,6.58,6.58,11.44,291.72,2025-02-16 0:00:00
2025-02-16,1:00:00,31.89,31.89,31.43,31.43,319.32,319.32,945.97,945.97,7.19,7.19,7.4,188.64,2025-02-16 1:00:00
2025-02-16,2:00:00,21.39,21.39,32.45,32.45,316.49,316.49,828.76,828.76,7.92,7.92,4.03,102.68,2025-02-16 2:00:00
2025-02-16,3:00:00,35.3,35.3,33.07,33.07,285.49,285.49,901.48,901.48,8,8,4.07,103.7,2025-02-16 3:00:00
2025-02-16,4:00:00,102.46,102.46,37.98,37.98,235.19,235.19,655.65,655.65,9.36,9.36,9.33,237.93,2025-02-16 4:00:00
2025-02-16,5:00:00,105,105,36.16,36.16,243.07,243.07,666.12,666.12,8.93,8.93,12.74,324.75,2025-02-16 5:00:00
2025-02-16,6:00:00,61.06,61.06,40.96,40.96,198.66,198.66,704.26,704.26,10.78,10.78,6.73,171.66,2025-02-16 6:00:00
2025-02-16,7:00:00,25.13,25.13,40.19,40.19,180.43,180.43,784.55,784.55,10.59,10.59,4.01,102.13,2025-02-16 7:00:00
2025-02-16,8:00:00,20.36,20.36,38.93,38.93,172.25,172.25,833.98,833.98,10.15,10.15,4,102.07,2025-02-16 8:00:00
2025-02-16,9:00:00,20.28,20.28,37.79,37.79,157.7,157.7,1204.11,1204.11,9.85,9.85,4,101.96,2025-02-16 9:00:00
2025-02-16,10:00:00,37.14,37.14,37.75,37.75,209.1,209.1,770.8,770.8,9.97,9.97,4,101.88,2025-02-16 10:00:00
2025-02-16,11:00:00,42.24,42.24,40.13,40.13,223.4,223.4,722.32,722.32,10.6,10.6,4,101.98,2025-02-16 11:00:00
2025-02-16,12:00:00,28.37,28.37,42.3,42.3,226.02,226.02,703.91,703.91,10.97,10.97,4.01,102.16,2025-02-16 12:00:00
2025-02-16,13:00:00,24.92,24.92,40.12,40.12,194.07,194.07,759.13,759.13,10.65,10.65,4,102.05,2025-02-16 13:00:00
2025-02-16,14:00:00,13.68,13.68,52.22,52.22,368.19,368.19,536.22,536.22,12.87,12.87,4,102,2025-02-16 14:00:00
2025-02-16,15:00:00,13.99,13.99,52.67,52.67,396.38,396.38,514.58,514.58,13,13,6.74,171.93,2025-02-16 15:00:00
2025-02-16,16:00:00,12.79,12.79,52.98,52.98,352.97,352.97,535.25,535.25,13.23,13.23,16.19,412.8,2025-02-16 16:00:00
2025-02-16,17:00:00,10.72,10.72,50.47,50.47,302.6,302.6,549.11,549.11,13,13,22.86,582.94,2025-02-16 17:00:00
2025-02-16,18:00:00,15.81,15.81,46.99,46.99,320.02,320.02,574.5,574.5,12.26,12.26,25.73,656.11,2025-02-16 18:00:00
2025-02-16,19:00:00,14.67,14.67,38.98,38.98,359.9,359.9,590.35,590.35,10.17,10.17,29.69,757.08,2025-02-16 19:00:00
2025-02-16,20:00:00,23.12,23.12,35.98,35.98,334.04,334.04,1035.96,1035.96,8.97,8.97,29.91,762.81,2025-02-16 20:00:00
2025-02-16,21:00:00,70.38,70.38,44.81,44.81,203.16,203.16,1266.97,1266.97,11.12,11.12,29.7,757.37,2025-02-16 21:00:00
2025-02-16,22:00:00,72.81,10.04,140.77,24.72,103.81,76.8,564.44,328.5,17.14,5.81,28.82,246.59,2025-02-16 22:00:00
2025-02-16,23:00:00,105,1,244.31,1,39.68,1,63.54,1,19,1,29.29,1,2025-02-16 23:00:00
2025-02-17,0:00:00,101.1,20.24,96.81,13.67,227.38,33.67,660.49,636.26,16.21,3.78,29.93,171,2025-02-17 0:00:00
2025-02-17,1:00:00,17.14,17.14,35.39,35.39,191.54,191.54,1084.65,1084.65,8.74,8.74,28.25,720.32,2025-02-17 1:00:00
2025-02-17,2:00:00,29.96,29.96,35.44,35.44,205.12,205.12,1053,1053,8.8,8.8,20.06,511.55,2025-02-17 2:00:00
2025-02-17,3:00:00,26.11,26.11,35.5,35.5,245.22,245.22,1039.26,1039.26,8.76,8.76,8.34,212.6,2025-02-17 3:00:00
2025-02-17,4:00:00,27.11,27.11,33.51,33.51,233.24,233.24,1186.94,1186.94,8,8,4.22,107.63,2025-02-17 4:00:00
2025-02-17,5:00:00,81.92,81.92,35.84,35.84,322.33,322.33,830.81,830.81,8.61,8.61,13.04,332.4,2025-02-17 5:00:00
2025-02-17,6:00:00,103.3,103.3,35.09,35.09,325.34,325.34,902.67,902.67,8.15,8.15,20.4,520.28,2025-02-17 6:00:00
2025-02-17,7:00:00,96.98,96.98,35.71,35.71,427.59,427.59,679.99,679.99,8.76,8.76,4.9,124.97,2025-02-17 7:00:00
2025-02-17,8:00:00,41.34,41.34,36.69,36.69,423.26,423.26,633.56,633.56,9,9,4,101.99,2025-02-17 8:00:00
2025-02-17,9:00:00,41.56,20.96,39.85,28.44,426.24,341.62,646.15,502.69,9.54,7.23,4.04,79.65,2025-02-17 9:00:00
2025-02-17,10:00:00,105,1,222.08,1,40.23,1,167.56,1,18.89,1,4.21,1,2025-02-17 10:00:00
2025-02-17,11:00:00,105,3,247.25,4.11,40.86,2.16,39.84,1.34,18.98,1.33,4.19,2.94,2025-02-17 11:00:00
2025-02-17,12:00:00,40.11,40.11,49,49,235.58,235.58,553.17,553.17,11.43,11.43,5.16,131.68,2025-02-17 12:00:00
2025-02-17,13:00:00,15.92,15.92,35.81,35.81,210.14,210.14,737.68,737.68,9.03,9.03,16.62,423.73,2025-02-17 13:00:00
2025-02-17,14:00:00,12.89,12.89,32.21,32.21,317.93,317.93,618.13,618.13,7.73,7.73,20.41,520.57,2025-02-17 14:00:00
2025-02-17,15:00:00,20.19,20.19,35.56,35.56,360.12,360.12,624.26,624.26,8.78,8.78,17.87,455.8,2025-02-17 15:00:00
2025-02-17,16:00:00,17.15,17.15,35.11,35.11,299.21,299.21,720.48,720.48,8.63,8.63,21.11,538.21,2025-02-17 16:00:00
2025-02-17,17:00:00,19.2,19.2,32.69,32.69,236.21,236.21,1420.6,1420.6,8,8,27.11,691.37,2025-02-17 17:00:00
2025-02-17,18:00:00,27.74,27.74,33.28,33.28,212.56,212.56,1584.22,1584.22,8.22,8.22,26.02,663.54,2025-02-17 18:00:00
2025-02-17,19:00:00,98.95,98.95,38.12,38.12,217.29,217.29,1053.15,1053.15,9.53,9.53,24.01,612.33,2025-02-17 19:00:00
2025-02-17,20:00:00,105,105,37.06,37.06,192.17,192.17,1187.88,1187.88,8.93,8.93,21.9,558.51,2025-02-17 20:00:00
2025-02-17,21:00:00,87.93,87.93,37.5,37.5,182.51,182.51,957.07,957.07,9.45,9.45,17.25,440,2025-02-17 21:00:00
2025-02-17,22:00:00,26.07,26.07,38.07,38.07,164.03,164.03,1323.43,1323.43,10,10,7.9,201.41,2025-02-17 22:00:00
2025-02-17,23:00:00,34.49,34.49,37.21,37.21,186.61,186.61,914.42,914.42,9.45,9.45,4.13,105.27,2025-02-17 23:00:00
2025-02-18,0:00:00,46.9,46.9,39.96,39.96,207.18,207.18,749.47,749.47,10.16,10.16,17.32,441.77,2025-02-18 0:00:00
2025-02-18,1:00:00,54.15,54.15,41,41,194.95,194.95,1008.08,1008.08,10.36,10.36,20.79,530.27,2025-02-18 1:00:00
2025-02-18,2:00:00,27.32,27.32,39.92,39.92,203.07,203.07,755.82,755.82,10.13,10.13,8.5,216.74,2025-02-18 2:00:00
2025-02-18,3:00:00,26.73,26.73,39.75,39.75,205.76,205.76,787.43,787.43,10.04,10.04,11.79,300.74,2025-02-18 3:00:00
2025-02-18,4:00:00,30.14,30.14,39.88,39.88,201.24,201.24,798.06,798.06,10.16,10.16,11.72,298.91,2025-02-18 4:00:00
2025-02-18,5:00:00,27.52,27.52,39.67,39.67,201.61,201.61,818.92,818.92,10.09,10.09,5.07,129.26,2025-02-18 5:00:00
2025-02-18,6:00:00,23.69,23.69,39.58,39.58,208.26,208.26,795,795,10.06,10.06,4.83,123.17,2025-02-18 6:00:00
2025-02-18,7:00:00,38.69,38.69,37.21,37.21,222.99,222.99,765.95,765.95,9.48,9.48,11.07,282.38,2025-02-18 7:00:00
2025-02-18,8:00:00,35.01,35.01,40.19,40.19,210.33,210.33,802.24,802.24,10.4,10.4,4.02,102.51,2025-02-18 8:00:00
2025-02-18,9:00:00,23.62,23.62,42.75,42.75,228.32,228.32,801.98,801.98,11.29,11.29,4.04,103.06,2025-02-18 9:00:00
2025-02-18,10:00:00,57.02,57.02,39.46,39.46,229.34,229.34,754.83,754.83,10.19,10.19,4.04,102.96,2025-02-18 10:00:00
2025-02-18,11:00:00,30.62,30.62,43.59,43.59,204.34,204.34,770.61,770.61,11.2,11.2,4.07,103.67,2025-02-18 11:00:00
2025-02-18,12:00:00,29.02,29.02,44.33,44.33,216.72,216.72,768.77,768.77,11.64,11.64,4.06,103.56,2025-02-18 12:00:00
2025-02-18,13:00:00,36.09,36.09,43.3,43.3,217.34,217.34,815.66,815.66,11.07,11.07,4.01,102.36,2025-02-18 13:00:00
2025-02-18,14:00:00,30.13,30.13,40.98,40.98,258.63,258.63,699.24,699.24,10.57,10.57,4.01,102.25,2025-02-18 14:00:00
2025-02-18,15:00:00,24.25,24.25,40.31,40.31,193.95,193.95,852.56,852.56,10.35,10.35,4.03,102.68,2025-02-18 15:00:00
2025-02-18,16:00:00,24.01,24.01,39.68,39.68,195.95,195.95,846.75,846.75,10.03,10.03,4.04,102.9,2025-02-18 16:00:00
2025-02-18,17:00:00,23.37,23.37,39.22,39.22,182.21,182.21,935.15,935.15,10,10,4.16,106.04,2025-02-18 17:00:00
2025-02-18,18:00:00,20.05,20.05,39.4,39.4,177.87,177.87,1022.84,1022.84,10.15,10.15,11.99,305.66,2025-02-18 18:00:00
2025-02-18,19:00:00,24.26,24.26,39.12,39.12,174.98,174.98,1030.4,1030.4,10.15,10.15,17.1,436.16,2025-02-18 19:00:00
2025-02-18,20:00:00,23.67,23.67,38.45,38.45,187.23,187.23,1027.69,1027.69,10,10,18.9,481.91,2025-02-18 20:00:00
2025-02-18,21:00:00,24.18,24.18,38.62,38.62,194.74,194.74,917.52,917.52,10,10,21.36,544.6,2025-02-18 21:00:00
2025-02-18,22:00:00,23.93,23.93,38.58,38.58,188.69,188.69,925.64,925.64,10.06,10.06,23.89,609.25,2025-02-18 22:00:00
2025-02-18,23:00:00,24.1,24.1,38.48,38.48,186.87,186.87,899.39,899.39,10,10,22.46,572.79,2025-02-18 23:00:00
2025-02-19,0:00:00,22.29,22.29,38.49,38.49,176.03,176.03,995.45,995.45,10,10,21.53,548.94,2025-02-19 0:00:00
2025-02-19,1:00:00,22.91,22.91,39.12,39.12,208.37,208.37,794.27,794.27,10,10,20.11,512.88,2025-02-19 1:00:00
2025-02-19,2:00:00,22.65,22.65,39.1,39.1,213.14,213.14,775.47,775.47,10,10,19.53,498.01,2025-02-19 2:00:00
2025-02-19,3:00:00,29.92,29.92,37.91,37.91,198.65,198.65,873.39,873.39,9.89,9.89,18.91,482.3,2025-02-19 3:00:00
2025-02-19,4:00:00,24.19,24.19,38.75,38.75,192.56,192.56,836.73,836.73,10,10,17.85,455.15,2025-02-19 4:00:00
2025-02-19,5:00:00,26.27,26.27,39.31,39.31,208.4,208.4,804.23,804.23,10.16,10.16,18.34,467.7,2025-02-19 5:00:00
2025-02-19,6:00:00,21.17,21.17,39.19,39.19,202.08,202.08,805.14,805.14,10.06,10.06,20.29,517.34,2025-02-19 6:00:00
2025-02-19,7:00:00,20.99,20.99,38.94,38.94,199.78,199.78,797.76,797.76,10,10,7.03,179.16,2025-02-19 7:00:00
2025-02-19,8:00:00,25.76,25.76,38.94,38.94,209.68,209.68,810.46,810.46,10,10,4,102,2025-02-19 8:00:00
2025-02-19,9:00:00,35.6,35.6,38.76,38.76,182.13,182.13,956.24,956.24,10,10,4,102.13,2025-02-19 9:00:00
2025-02-19,10:00:00,21.38,21.38,38.79,38.79,186.93,186.93,920.13,920.13,10,10,4,102.08,2025-02-19 10:00:00
2025-02-19,11:00:00,19.07,19.07,38.32,38.32,164.45,164.45,1125.69,1125.69,10,10,4.01,102.27,2025-02-19 11:00:00
2025-02-19,12:00:00,18.62,18.62,38.15,38.15,150.93,150.93,1169.03,1169.03,10,10,4.01,102.2,2025-02-19 12:00:00
2025-02-19,13:00:00,26.29,26.29,38.23,38.23,160.46,160.46,1079.01,1079.01,10,10,4,101.98,2025-02-19 13:00:00
2025-02-19,14:00:00,33.38,33.38,39.07,39.07,166.8,166.8,1239.67,1239.67,10.19,10.19,4.01,102.19,2025-02-19 14:00:00
2025-02-19,15:00:00,25.65,25.65,38.2,38.2,146.52,146.52,1297.67,1297.67,10,10,4,102.13,2025-02-19 15:00:00
2025-02-19,16:00:00,22.48,22.48,38.11,38.11,149.49,149.49,1150.64,1150.64,10,10,4.74,120.87,2025-02-19 16:00:00
2025-02-19,17:00:00,25.66,25.66,38.83,38.83,169.02,169.02,941.72,941.72,10.03,10.03,13.47,343.61,2025-02-19 17:00:00
2025-02-19,18:00:00,24.62,24.62,38.61,38.61,171.47,171.47,962.94,962.94,10,10,18.19,463.86,2025-02-19 18:00:00
2025-02-19,19:00:00,28.31,28.31,38.32,38.32,178.3,178.3,1021.01,1021.01,10,10,19.54,498.27,2025-02-19 19:00:00
2025-02-19,20:00:00,36.11,36.11,38.86,38.86,173.52,173.52,1065.77,1065.77,10,10,19.99,509.85,2025-02-19 20:00:00
2025-02-19,21:00:00,40.32,40.32,40.83,40.83,175.54,175.54,1039.37,1039.37,10.58,10.58,19.61,499.94,2025-02-19 21:00:00
2025-02-19,22:00:00,21.64,21.64,45.88,45.88,245.12,245.12,657.95,657.95,12,12,18.38,468.58,2025-02-19 22:00:00
2025-02-19,23:00:00,19.46,19.46,45.84,45.84,228.21,228.21,650.74,650.74,12,12,24.12,615.12,2025-02-19 23:00:00
2025-02-20,0:00:00,13.37,13.37,45,45,225.87,225.87,626.73,626.73,12,12,25.67,654.5,2025-02-20 0:00:00
2025-02-20,1:00:00,59.34,8.08,95.99,22.3,164.16,108.21,605.33,308.28,14.42,6.36,26.33,329.26,2025-02-20 1:00:00
2025-02-20,2:00:00,105,1,241.32,1,39.19,1,123.83,1,19,1,26.59,1,2025-02-20 2:00:00
2025-02-20,3:00:00,105,1,256.38,1,41.63,1,69.97,1,19,1,25.21,1,2025-02-20 3:00:00
2025-02-20,4:00:00,105,1,185.56,1,134.65,1,39.24,1,18.13,1,29.29,1,2025-02-20 4:00:00
2025-02-20,5:00:00,105,1,79.94,1,208.31,1,27.3,1,15.73,1,29.84,1,2025-02-20 5:00:00
2025-02-20,6:00:00,104.71,66.05,53.55,27.14,163.66,101.52,694.64,683.22,12.03,6.83,28.58,453.37,2025-02-20 6:00:00
2025-02-20,7:00:00,68.48,68.48,35.55,35.55,147.84,147.84,997.41,997.41,8.58,8.58,16.87,430.27,2025-02-20 7:00:00
2025-02-20,8:00:00,49.22,49.22,39.59,39.59,155.72,155.72,1004.76,1004.76,10.09,10.09,4.03,102.77,2025-02-20 8:00:00
2025-02-20,9:00:00,30.22,30.22,41.31,41.31,146.94,146.94,1490.25,1490.25,10.82,10.82,4,101.93,2025-02-20 9:00:00
2025-02-20,10:00:00,50.37,50.37,40.64,40.64,157.04,157.04,1318.37,1318.37,10.24,10.24,4.02,102.44,2025-02-20 10:00:00
2025-02-20,11:00:00,22.47,22.47,38.36,38.36,136.21,136.21,1770.94,1770.94,10,10,4.03,102.77,2025-02-20 11:00:00
2025-02-20,12:00:00,21.37,21.37,37.93,37.93,134.21,134.21,1684.39,1684.39,10,10,4.04,102.91,2025-02-20 12:00:00
2025-02-20,13:00:00,24.3,24.3,37.92,37.92,129.99,129.99,2057.12,2057.12,10,10,4.03,102.65,2025-02-20 13:00:00
2025-02-20,14:00:00,28.64,28.64,37.59,37.59,120.98,120.98,2182.4,2182.4,9.96,9.96,4.01,102.37,2025-02-20 14:00:00
2025-02-20,15:00:00,16.96,16.96,33.32,33.32,165.67,165.67,1177.56,1177.56,8.23,8.23,4.01,102.23,2025-02-20 15:00:00
2025-02-20,16:00:00,30.18,30.18,32.5,32.5,192,192,972.08,972.08,7.9,7.9,5.91,150.71,2025-02-20 16:00:00
2025-02-20,17:00:00,48.04,48.04,36.47,36.47,159.12,159.12,1160.93,1160.93,9.17,9.17,10.78,274.92,2025-02-20 17:00:00
2025-02-20,18:00:00,23.47,23.47,38.73,38.73,136.46,136.46,1342.32,1342.32,10,10,11.27,287.31,2025-02-20 18:00:00
2025-02-20,19:00:00,23.61,23.61,38.47,38.47,148.65,148.65,1386.88,1386.88,10,10,16.65,424.47,2025-02-20 19:00:00
2025-02-20,20:00:00,23.83,23.83,39.47,39.47,157.34,157.34,1208,1208,10.06,10.06,20.76,529.31,2025-02-20 20:00:00
2025-02-20,21:00:00,19.82,19.82,38.68,38.68,147.01,147.01,1225.75,1225.75,10,10,29.95,763.7,2025-02-20 21:00:00
2025-02-20,22:00:00,20.62,20.62,37.81,37.81,160.95,160.95,1087.37,1087.37,9.93,9.93,30,765,2025-02-20 22:00:00
2025-02-20,23:00:00,24.34,24.34,38.14,38.14,212.27,212.27,831.95,831.95,10,10,30,765,2025-02-20 23:00:00
2025-02-21,0:00:00,38.33,38.33,37.96,37.96,223.16,223.16,807.14,807.14,10,10,27.07,690.35,2025-02-21 0:00:00
2025-02-21,1:00:00,49.92,49.92,40.02,40.02,223.3,223.3,791.45,791.45,10.47,10.47,19.09,486.79,2025-02-21 1:00:00
2025-02-21,2:00:00,56.23,56.23,36.4,36.4,209.92,209.92,754.44,754.44,9.26,9.26,12.04,307.1,2025-02-21 2:00:00
2025-02-21,3:00:00,19.83,19.83,40.97,40.97,191.65,191.65,716.26,716.26,11,11,4.17,106.22,2025-02-21 3:00:00
2025-02-21,4:00:00,16.05,16.05,41.28,41.28,200.27,200.27,724.42,724.42,11,11,4.63,118.17,2025-02-21 4:00:00
2025-02-21,5:00:00,14.71,14.71,40.98,40.98,185.87,185.87,762.53,762.53,11,11,7.76,197.77,2025-02-21 5:00:00
2025-02-21,6:00:00,15.1,15.1,41.56,41.56,197.61,197.61,719.73,719.73,11.05,11.05,8.32,212.19,2025-02-21 6:00:00
2025-02-21,7:00:00,13.65,13.65,41.85,41.85,178.9,178.9,749.26,749.26,11.04,11.04,9.1,232.11,2025-02-21 7:00:00
2025-02-21,8:00:00,14.15,14.15,40.41,40.41,167.73,167.73,1121.27,1121.27,10.82,10.82,4.22,107.57,2025-02-21 8:00:00
2025-02-21,9:00:00,16.41,16.41,37.88,37.88,167.69,167.69,1540.06,1540.06,9.73,9.73,4,102,2025-02-21 9:00:00
2025-02-21,10:00:00,18.4,18.4,36.59,36.59,147.48,147.48,2216.76,2216.76,9.34,9.34,4,102.05,2025-02-21 10:00:00
2025-02-21,11:00:00,15.82,15.82,37.2,37.2,159.45,159.45,1735.11,1735.11,10,10,4,102,2025-02-21 11:00:00
2025-02-21,12:00:00,14.33,14.33,36.96,36.96,161.25,161.25,1771.96,1771.96,10,10,4,102,2025-02-21 12:00:00
2025-02-21,13:00:00,18.31,18.31,37.13,37.13,177.86,177.86,1412.43,1412.43,10,10,4,102,2025-02-21 13:00:00
2025-02-21,14:00:00,31.24,31.24,37.62,37.62,167.53,167.53,1772.23,1772.23,10,10,4,101.97,2025-02-21 14:00:00
2025-02-21,15:00:00,36.91,36.91,36.88,36.88,160.37,160.37,1642.62,1642.62,9.62,9.62,4.02,102.58,2025-02-21 15:00:00
2025-02-21,16:00:00,28.33,28.33,37.75,37.75,201.16,201.16,914.88,914.88,10,10,4,102,2025-02-21 16:00:00
2025-02-21,17:00:00,27.31,27.31,37.67,37.67,199.42,199.42,922.01,922.01,10,10,4.31,109.9,2025-02-21 17:00:00
2025-02-21,18:00:00,26.29,26.29,37.42,37.42,204.61,204.61,1021.37,1021.37,10,10,5.75,146.56,2025-02-21 18:00:00
2025-02-21,19:00:00,33.97,33.97,37.84,37.84,219.36,219.36,954.17,954.17,10,10,4.09,104.35,2025-02-21 19:00:00
2025-02-21,20:00:00,27.9,27.9,37.45,37.45,204.37,204.37,1063.39,1063.39,10,10,7.84,200.04,2025-02-21 20:00:00
2025-02-21,21:00:00,22.57,22.57,37.87,37.87,246.08,246.08,751.68,751.68,10,10,15.58,397.4,2025-02-21 21:00:00
2025-02-21,22:00:00,21.52,21.52,38.9,38.9,274.12,274.12,684.91,684.91,10,10,20.52,523.34,2025-02-21 22:00:00
2025-02-21,23:00:00,32.41,32.41,34.1,34.1,270.74,270.74,732.63,732.63,8.44,8.44,18.85,480.79,2025-02-21 23:00:00
2025-02-22,0:00:00,40.12,40.12,33.51,33.51,256.85,256.85,801.43,801.43,8.31,8.31,13.09,333.91,2025-02-22 0:00:00
2025-02-22,1:00:00,20.83,20.83,38.28,38.28,250.33,250.33,703.56,703.56,10,10,18.43,469.9,2025-02-22 1:00:00
2025-02-22,2:00:00,19.42,19.42,38.19,38.19,250.04,250.04,737.19,737.19,10.03,10.03,18.39,468.89,2025-02-22 2:00:00
2025-02-22,3:00:00,21.47,21.47,37.92,37.92,232.01,232.01,831.01,831.01,10,10,17.69,451.22,2025-02-22 3:00:00
2025-02-22,4:00:00,24.58,24.58,37.91,37.91,244.28,244.28,746.03,746.03,10,10,20.13,513.21,2025-02-22 4:00:00
2025-02-22,5:00:00,30.71,30.71,35.54,35.54,256.6,256.6,814.84,814.84,9.12,9.12,21.2,540.72,2025-02-22 5:00:00
2025-02-22,6:00:00,21.52,21.52,37.67,37.67,215.39,215.39,1139.79,1139.79,10,10,20.94,533.97,2025-02-22 6:00:00
2025-02-22,7:00:00,20.28,20.28,36.5,36.5,216.2,216.2,1140.14,1140.14,9.57,9.57,17.13,436.83,2025-02-22 7:00:00
2025-02-22,8:00:00,31.81,31.81,35.82,35.82,220.81,220.81,1114.61,1114.61,9.22,9.22,7.13,181.94,2025-02-22 8:00:00
2025-02-22,9:00:00,17.14,17.14,39.71,39.71,265.72,265.72,666.81,666.81,10.59,10.59,4,101.98,2025-02-22 9:00:00
2025-02-22,10:00:00,13.94,13.94,40.24,40.24,245.6,245.6,700.81,700.81,11,11,4,102.02,2025-02-22 10:00:00
2025-02-22,11:00:00,13.21,13.21,39.86,39.86,233.57,233.57,718.45,718.45,10.95,10.95,4,101.95,2025-02-22 11:00:00
2025-02-22,12:00:00,19.67,19.67,37.96,37.96,232,232,767.7,767.7,10.17,10.17,4,101.93,2025-02-22 12:00:00
2025-02-22,13:00:00,28.62,28.62,39.23,39.23,215.66,215.66,974.92,974.92,10.42,10.42,4,102,2025-02-22 13:00:00
2025-02-22,14:00:00,13.74,13.74,39,39,206.71,206.71,857.61,857.61,10.34,10.34,10.59,270.06,2025-02-22 14:00:00
2025-02-22,15:00:00,19.1,19.1,38.66,38.66,206.04,206.04,895.21,895.21,10.2,10.2,19.08,486.56,2025-02-22 15:00:00
2025-02-22,16:00:00,12.21,12.21,38.35,38.35,176.3,176.3,1510.94,1510.94,10.01,10.01,23.96,611.05,2025-02-22 16:00:00
2025-02-22,17:00:00,11.92,11.92,38.56,38.56,200.83,200.83,1131.12,1131.12,10.07,10.07,20.98,535.06,2025-02-22 17:00:00
2025-02-22,18:00:00,12.39,12.39,41.9,41.9,189.17,189.17,884.45,884.45,11.11,11.11,20.22,515.52,2025-02-22 18:00:00
2025-02-22,19:00:00,12.13,12.13,40.08,40.08,175.22,175.22,832.73,832.73,10.9,10.9,17.35,442.47,2025-02-22 19:00:00
2025-02-22,20:00:00,12.5,12.5,38.97,38.97,135.35,135.35,1415.9,1415.9,10,10,15.08,384.65,2025-02-22 20:00:00
2025-02-22,21:00:00,14.8,14.8,38.69,38.69,138.43,138.43,1375.5,1375.5,10.04,10.04,18,459.11,2025-02-22 21:00:00
2025-02-22,22:00:00,15.8,15.8,38.69,38.69,122.56,122.56,1997.93,1997.93,10,10,12.31,313.81,2025-02-22 22:00:00
2025-02-22,23:00:00,19.8,19.8,38.47,38.47,131.33,131.33,2111.23,2111.23,10,10,3.97,101.2,2025-02-22 23:00:00
2025-02-23,0:00:00,19.67,19.67,38.72,38.72,137.09,137.09,1554.74,1554.74,10,10,4.06,103.48,2025-02-23 0:00:00
2025-02-23,1:00:00,22.46,22.46,38.18,38.18,130.48,130.48,1977.9,1977.9,10,10,3.98,101.46,2025-02-23 1:00:00
2025-02-23,2:00:00,29.67,29.67,37.25,37.25,131.86,131.86,1659.59,1659.59,9.51,9.51,3.96,100.88,2025-02-23 2:00:00
2025-02-23,3:00:00,36.68,36.68,36.73,36.73,135.41,135.41,1837.95,1837.95,9.39,9.39,5.61,143,2025-02-23 3:00:00
2025-02-23,4:00:00,18.55,18.55,38.8,38.8,133.77,133.77,1476.96,1476.96,10,10,4.04,103,2025-02-23 4:00:00
2025-02-23,5:00:00,25.4,25.4,38.36,38.36,131.81,131.81,1783.84,1783.84,10,10,4.25,108.45,2025-02-23 5:00:00
2025-02-23,6:00:00,30.28,30.28,39.05,39.05,134.93,134.93,1461.01,1461.01,10,10,9.59,244.64,2025-02-23 6:00:00
2025-02-23,7:00:00,49.6,49.6,39.71,39.71,151.63,151.63,998.05,998.05,10.06,10.06,11,280.52,2025-02-23 7:00:00
2025-02-23,8:00:00,53.23,53.23,39.28,39.28,136.69,136.69,1531.68,1531.68,10,10,3.98,101.45,2025-02-23 8:00:00
2025-02-23,9:00:00,36.08,36.08,35.41,35.41,141.7,141.7,1560.95,1560.95,8.7,8.7,3.99,101.73,2025-02-23 9:00:00
2025-02-23,10:00:00,23.43,23.43,33.42,33.42,149.97,149.97,1392.35,1392.35,8,8,3.99,101.82,2025-02-23 10:00:00
2025-02-23,11:00:00,21.93,21.93,32.88,32.88,143.32,143.32,1611.49,1611.49,8,8,3.99,101.83,2025-02-23 11:00:00
2025-02-23,12:00:00,62.12,62.12,36.46,36.46,133.78,133.78,1480.7,1480.7,9.19,9.19,4.01,102.3,2025-02-23 12:00:00
2025-02-23,13:00:00,60.36,60.36,39.63,39.63,155.76,155.76,1054.87,1054.87,10.1,10.1,4,102.05,2025-02-23 13:00:00
2025-02-23,14:00:00,52.55,52.55,39.35,39.35,146.46,146.46,1336.02,1336.02,10,10,4,102.03,2025-02-23 14:00:00
2025-02-23,15:00:00,29.18,29.18,39.15,39.15,147.4,147.4,1202.62,1202.62,10,10,9.02,229.89,2025-02-23 15:00:00
2025-02-23,16:00:00,26.35,26.35,39.18,39.18,142.58,142.58,1499.63,1499.63,10.05,10.05,15.74,401.45,2025-02-23 16:00:00
2025-02-23,17:00:00,24.83,24.83,39.66,39.66,159.26,159.26,1172.76,1172.76,10.46,10.46,18.27,465.92,2025-02-23 17:00:00
2025-02-23,18:00:00,23.85,23.85,39.04,39.04,159.46,159.46,1140.59,1140.59,10,10,20.26,516.6,2025-02-23 18:00:00
2025-02-23,19:00:00,26.59,26.59,38.92,38.92,126.41,126.41,2056.68,2056.68,10.06,10.06,22.84,582.43,2025-02-23 19:00:00
2025-02-23,20:00:00,30.15,30.15,39.83,39.83,150.11,150.11,1085.81,1085.81,10.42,10.42,24.87,634.27,2025-02-23 20:00:00
2025-02-23,21:00:00,37.08,37.08,39.84,39.84,168.7,168.7,817.29,817.29,10.03,10.03,20.78,529.96,2025-02-23 21:00:00
2025-02-23,22:00:00,28.78,28.78,39.41,39.41,163.26,163.26,1043.44,1043.44,10.02,10.02,15.49,395.08,2025-02-23 22:00:00
2025-02-23,23:00:00,34.53,34.53,38.82,38.82,145.16,145.16,1467.16,1467.16,9.99,9.99,11.92,303.97,2025-02-23 23:00:00
2025-02-24,0:00:00,86.4,86.4,39.03,39.03,162.27,162.27,1136.57,1136.57,9.9,9.9,5.37,136.86,2025-02-24 0:00:00
2025-02-24,1:00:00,60.49,60.49,38.72,38.72,151.57,151.57,1324.38,1324.38,10,10,5.85,149.29,2025-02-24 1:00:00
2025-02-24,2:00:00,42.95,42.95,38.58,38.58,146.73,146.73,1200.69,1200.69,10,10,4,101.92,2025-02-24 2:00:00
2025-02-24,3:00:00,35.28,35.28,38.69,38.69,152.85,152.85,1087.19,1087.19,10,10,4,102.1,2025-02-24 3:00:00
2025-02-24,4:00:00,36.1,36.1,38.72,38.72,154.96,154.96,1102.25,1102.25,10,10,4.02,102.5,2025-02-24 4:00:00
2025-02-24,5:00:00,33.72,33.72,39.36,39.36,156.94,156.94,1144.51,1144.51,10,10,13.38,341.08,2025-02-24 5:00:00
2025-02-24,6:00:00,30.04,30.04,39.18,39.18,148.93,148.93,1069.7,1069.7,10,10,21.87,557.67,2025-02-24 6:00:00
2025-02-24,7:00:00,34.15,34.15,39.18,39.18,148.67,148.67,1147.22,1147.22,10,10,22.41,571.51,2025-02-24 7:00:00
2025-02-24,8:00:00,36.97,36.97,38.89,38.89,131.78,131.78,1705.51,1705.51,10,10,21.6,550.87,2025-02-24 8:00:00
2025-02-24,9:00:00,37.47,37.47,39.07,39.07,146.93,146.93,1319.18,1319.18,10,10,12.57,320.41,2025-02-24 9:00:00
2025-02-24,10:00:00,40.36,40.36,39.82,39.82,166.84,166.84,981.26,981.26,10.18,10.18,4,102.01,2025-02-24 10:00:00
2025-02-24,11:00:00,37.86,37.86,38.74,38.74,133.2,133.2,1545.01,1545.01,10,10,4,102.02,2025-02-24 11:00:00
2025-02-24,12:00:00,54.18,54.18,38.48,38.48,143.2,143.2,1335.85,1335.85,9.79,9.79,4.01,102.25,2025-02-24 12:00:00
2025-02-24,13:00:00,57.91,57.91,33.02,33.02,173.89,173.89,1072.69,1072.69,8,8,4,102.02,2025-02-24 13:00:00
2025-02-24,14:00:00,76.51,76.51,37.92,37.92,166.36,166.36,1029.21,1029.21,9.48,9.48,9.32,237.73,2025-02-24 14:00:00
2025-02-24,15:00:00,57.12,57.12,38.99,38.99,161.64,161.64,970.87,970.87,10.02,10.02,16.21,413.23,2025-02-24 15:00:00
2025-02-24,16:00:00,32.14,32.14,39.15,39.15,169.33,169.33,878.29,878.29,10.94,10.94,27.58,703.32,2025-02-24 16:00:00
2025-02-24,17:00:00,30.38,30.38,39.25,39.25,168.3,168.3,900.19,900.19,10.29,10.29,30,765,2025-02-24 17:00:00
2025-02-24,18:00:00,34.29,34.29,39.47,39.47,173.35,173.35,909.57,909.57,10.12,10.12,30,765,2025-02-24 18:00:00
2025-02-24,19:00:00,45.3,45.3,39.77,39.77,175.35,175.35,887.03,887.03,10.44,10.44,29.98,764.52,2025-02-24 19:00:00
2025-02-24,20:00:00,35.14,35.14,39.53,39.53,165.21,165.21,968.94,968.94,10.32,10.32,30,765,2025-02-24 20:00:00
2025-02-24,21:00:00,29.26,29.26,39.5,39.5,167.4,167.4,986.73,986.73,10.18,10.18,30,765,2025-02-24 21:00:00
2025-02-24,22:00:00,28.73,28.73,38.82,38.82,146.44,146.44,1360.68,1360.68,10,10,30,765,2025-02-24 22:00:00
2025-02-24,23:00:00,44.61,44.61,36.2,36.2,160.74,160.74,1314.79,1314.79,9.17,9.17,20.02,510.52,2025-02-24 23:00:00
2025-02-25,0:00:00,62.21,62.21,38.82,38.82,155.33,155.33,1194.34,1194.34,9.86,9.86,10.54,268.64,2025-02-25 0:00:00
2025-02-25,1:00:00,29.3,29.3,39.43,39.43,149.19,149.19,1284.58,1284.58,10.35,10.35,3.05,77.84,2025-02-25 1:00:00
2025-02-25,2:00:00,30.45,30.45,39.05,39.05,152.08,152.08,1207.54,1207.54,10,10,3.12,79.53,2025-02-25 2:00:00
2025-02-25,3:00:00,36.92,36.92,39.39,39.39,151.09,151.09,1213.86,1213.86,10.04,10.04,3.14,79.98,2025-02-25 3:00:00
2025-02-25,4:00:00,41.97,41.97,38.94,38.94,145.79,145.79,1341.48,1341.48,10,10,3.19,81.38,2025-02-25 4:00:00
2025-02-25,5:00:00,41.43,41.43,39.3,39.3,139.45,139.45,1397.66,1397.66,10.1,10.1,3.2,81.6,2025-02-25 5:00:00
2025-02-25,6:00:00,38.07,38.07,39.07,39.07,130.94,130.94,1669.6,1669.6,10.07,10.07,12.4,316.28,2025-02-25 6:00:00
2025-02-25,7:00:00,48.12,48.12,39.49,39.49,156.17,156.17,1204.97,1204.97,10.08,10.08,17.78,453.42,2025-02-25 7:00:00
2025-02-25,8:00:00,52.11,52.11,40.09,40.09,176.68,176.68,930.29,930.29,10.52,10.52,4.64,118.3,2025-02-25 8:00:00
2025-02-25,9:00:00,52.21,52.21,39.33,39.33,140.84,140.84,1483.56,1483.56,10,10,3.64,92.84,2025-02-25 9:00:00
2025-02-25,10:00:00,53.69,53.69,39.11,39.11,152.56,152.56,1364.55,1364.55,10,10,3.84,97.91,2025-02-25 10:00:00
2025-02-25,11:00:00,53.31,53.31,39.49,39.49,172.04,172.04,1085.64,1085.64,10,10,3.95,100.83,2025-02-25 11:00:00
2025-02-25,12:00:00,43.77,43.77,39.3,39.3,162.01,162.01,1262.46,1262.46,10,10,4,101.95,2025-02-25 12:00:00
2025-02-25,13:00:00,48.18,48.18,39.27,39.27,155.71,155.71,1321.21,1321.21,10,10,4,101.88,2025-02-25 13:00:00
2025-02-25,14:00:00,56.02,56.02,39.25,39.25,173.16,173.16,1115.44,1115.44,10,10,4,102,2025-02-25 14:00:00
2025-02-25,15:00:00,52.07,52.07,39.55,39.55,180.51,180.51,1091.04,1091.04,10.04,10.04,4,101.91,2025-02-25 15:00:00
2025-02-25,16:00:00,44.55,44.55,39,39,167.24,167.24,1224.25,1224.25,10.04,10.04,4,102,2025-02-25 16:00:00
2025-02-25,17:00:00,32.98,32.98,39.47,39.47,161.31,161.31,1313.02,1313.02,10.06,10.06,4,101.91,2025-02-25 17:00:00
2025-02-25,18:00:00,28.09,28.09,38.9,38.9,136.44,136.44,1963.27,1963.27,10,10,4,101.97,2025-02-25 18:00:00
2025-02-25,19:00:00,42.83,42.83,38.3,38.3,145.11,145.11,1532.1,1532.1,10,10,19.46,496.34,2025-02-25 19:00:00
2025-02-25,20:00:00,24.2,24.2,37.65,37.65,152.8,152.8,1036.4,1036.4,10.67,10.67,30,765,2025-02-25 20:00:00
2025-02-25,21:00:00,29.87,29.87,39.03,39.03,176.61,176.61,908.65,908.65,10.57,10.57,30,765,2025-02-25 21:00:00
2025-02-25,22:00:00,54.2,54.2,39.88,39.88,183.24,183.24,863.83,863.83,10.97,10.97,30,765,2025-02-25 22:00:00
2025-02-25,23:00:00,56.82,56.82,39.49,39.49,182.9,182.9,914.38,914.38,10.21,10.21,30,765,2025-02-25 23:00:00
2025-02-26,0:00:00,64.08,64.08,39.72,39.72,161.12,161.12,1075.11,1075.11,10.35,10.35,26.71,681.07,2025-02-26 0:00:00
2025-02-26,1:00:00,32.2,32.2,38.93,38.93,152.38,152.38,1163.21,1163.21,10,10,14.61,372.48,2025-02-26 1:00:00
2025-02-26,2:00:00,27.16,27.16,38.99,38.99,149.9,149.9,1432.42,1432.42,10.02,10.02,6.48,165.26,2025-02-26 2:00:00
2025-02-26,3:00:00,26.51,26.51,38.69,38.69,154.76,154.76,1454.29,1454.29,10,10,3.21,81.91,2025-02-26 3:00:00
2025-02-26,4:00:00,32.37,32.37,39.2,39.2,155.18,155.18,1346.65,1346.65,10.02,10.02,3.24,82.72,2025-02-26 4:00:00
2025-02-26,5:00:00,39.23,39.23,39.55,39.55,154.33,154.33,1416.75,1416.75,10.33,10.33,3.25,82.97,2025-02-26 5:00:00
2025-02-26,6:00:00,46.24,46.24,39.28,39.28,159.95,159.95,1332,1332,10.06,10.06,3.36,85.7,2025-02-26 6:00:00
2025-02-26,7:00:00,28.79,28.79,39.33,39.33,177.8,177.8,984.05,984.05,10.57,10.57,3.33,84.9,2025-02-26 7:00:00
2025-02-26,8:00:00,30.21,30.21,39.97,39.97,170.14,170.14,1118.38,1118.38,10.49,10.49,3.58,91.17,2025-02-26 8:00:00
2025-02-26,9:00:00,29.82,29.82,39.64,39.64,180.01,180.01,966.41,966.41,10.28,10.28,3.87,98.65,2025-02-26 9:00:00
2025-02-26,10:00:00,30.46,30.46,39.73,39.73,185.29,185.29,886.36,886.36,10.32,10.32,3.94,100.38,2025-02-26 10:00:00
2025-02-26,11:00:00,41.22,41.22,39.71,39.71,170.24,170.24,945.48,945.48,10.09,10.09,3.99,101.8,2025-02-26 11:00:00
2025-02-26,12:00:00,49.65,49.53,39.73,39.63,168.97,168.58,1044.41,1041.91,10.1,10.08,4,101.74,2025-02-26 12:00:00
2025-02-26,13:00:00,28.19,28.19,39.37,39.37,161.65,161.65,1109.61,1109.61,10.19,10.19,4,101.9,2025-02-26 13:00:00
2025-02-26,14:00:00,25,25,39.62,39.62,176.47,176.47,953.93,953.93,10.37,10.37,4,101.97,2025-02-26 14:00:00
2025-02-26,15:00:00,31.71,31.71,40.18,40.18,171.66,171.66,958.14,958.14,10.69,10.69,3.99,101.83,2025-02-26 15:00:00
2025-02-26,16:00:00,19.85,19.85,39.51,39.51,173.14,173.14,899.04,899.04,10.59,10.59,4,101.88,2025-02-26 16:00:00
2025-02-26,17:00:00,29.98,29.98,40.38,40.38,198.49,198.49,788.67,788.67,10.92,10.92,6.22,158.61,2025-02-26 17:00:00
2025-02-26,18:00:00,27.69,27.69,41.03,41.03,205.13,205.13,777.1,777.1,11,11,24.95,636.12,2025-02-26 18:00:00
2025-02-26,19:00:00,25.72,25.72,40.73,40.73,200.59,200.59,791.91,791.91,11,11,28.73,732.7,2025-02-26 19:00:00
2025-02-26,20:00:00,20.43,20.43,40.86,40.86,198.71,198.71,793.38,793.38,11,11,27.48,700.72,2025-02-26 20:00:00
2025-02-26,21:00:00,19.48,19.48,40.87,40.87,196.92,196.92,805.38,805.38,11,11,30,765,2025-02-26 21:00:00
2025-02-26,22:00:00,21.81,21.81,41,41,203.68,203.68,810.83,810.83,11,11,30,765,2025-02-26 22:00:00
2025-02-26,23:00:00,23.69,23.69,40.76,40.76,205.94,205.94,815.4,815.4,11,11,29.9,762.49,2025-02-26 23:00:00
2025-02-27,0:00:00,26.98,26.98,40.66,40.66,210.47,210.47,810.82,810.82,11,11,27.02,688.89,2025-02-27 0:00:00
2025-02-27,1:00:00,23.42,23.42,40.35,40.35,203.6,203.6,794.07,794.07,10.97,10.97,14.71,375.18,2025-02-27 1:00:00
2025-02-27,2:00:00,19.84,19.84,40.69,40.69,207.39,207.39,801.97,801.97,11,11,5.2,132.7,2025-02-27 2:00:00
2025-02-27,3:00:00,22.33,22.33,40.41,40.41,194.09,194.09,865.5,865.5,11,11,3.99,101.8,2025-02-27 3:00:00
2025-02-27,4:00:00,34.57,34.57,41.13,41.13,212.88,212.88,791.78,791.78,11,11,6.66,169.77,2025-02-27 4:00:00
2025-02-27,5:00:00,59.9,40.07,37.88,28.57,237.64,194.15,780.04,643.34,9.34,7.45,22.8,447.67,2025-02-27 5:00:00
2025-02-27,6:00:00,105,1,230.69,1,37.98,1,189.74,1,18.89,1,29.46,1,2025-02-27 6:00:00
2025-02-27,7:00:00,105,1,256.54,1,41.7,1,44.02,1,19,1,28.28,1,2025-02-27 7:00:00
2025-02-27,8:00:00,105,1,270.61,1,43.98,1,32.17,1,19.2,1,16.62,1,2025-02-27 8:00:00
2025-02-27,9:00:00,105,1,260.91,1,42.39,1,29.3,1,19.07,1,4.5,1,2025-02-27 9:00:00
2025-02-27,10:00:00,105,1,268.28,1,43.53,1,30.87,1,19.2,1,7.85,1,2025-02-27 10:00:00
2025-02-27,11:00:00,105,1,244.42,1,39.64,1,27.46,1,19,1,6.63,1,2025-02-27 11:00:00
2025-02-27,12:00:00,105,1,253.2,1,41.07,1,28.98,1,19.03,1,3.9,1,2025-02-27 12:00:00
2025-02-27,13:00:00,105,1,226.53,1,36.81,1,25.26,1,19,1,3.53,1,2025-02-27 13:00:00
2025-02-27,14:00:00,105,1,230.01,1,37.36,1,26.14,1,19,1,1.29,1,2025-02-27 14:00:00
2025-02-27,15:00:00,105,1,215.47,1,34.95,1,23.9,1,19,1,2.46,1,2025-02-27 15:00:00
2025-02-27,16:00:00,105,1,226.64,1,36.74,1,25.28,1,19,1,11.78,1,2025-02-27 16:00:00
2025-02-27,17:00:00,105,1,217.43,1,35.3,1,24.38,1,19,1,16.32,1,2025-02-27 17:00:00
2025-02-27,18:00:00,105,1,217.96,1,35.44,1,24.39,1,19,1,23.33,1,2025-02-27 18:00:00
2025-02-27,19:00:00,105,1,223.95,1,36.28,1,24.86,1,19.14,1,29.09,1,2025-02-27 19:00:00
2025-02-27,20:00:00,102.58,1,220.33,1,35.88,1,24.33,1,19.04,1,30,1,2025-02-27 20:00:00
2025-02-27,21:00:00,94.69,1,230.22,1,37.34,1,26.01,1,19.51,1,30,1,2025-02-27 21:00:00
2025-02-27,22:00:00,95.42,1,209.06,1,33.97,1,22.89,1,19,1,30,1,2025-02-27 22:00:00
2025-02-27,23:00:00,87.76,1,226.93,1,36.82,1,25.72,1,19.43,1,30,1,2025-02-27 23:00:00
2025-02-28,0:00:00,92.43,1,213.03,1,34.64,1,23.28,1,19.08,1,30,1,2025-02-28 0:00:00
2025-02-28,1:00:00,87.05,1,209.47,1,34.02,1,23.46,1,19,1,30,1,2025-02-28 1:00:00
2025-02-28,2:00:00,84.7,1,224.98,1,36.48,1,25.37,1,19.07,1,30,1,2025-02-28 2:00:00
2025-02-28,3:00:00,88.71,1,203.66,1,33.13,1,22.25,1,19,1,29.71,1,2025-02-28 3:00:00
2025-02-28,4:00:00,96.57,1,223.51,1,36.21,1,25.31,1,19.2,1,30,1,2025-02-28 4:00:00
2025-02-28,5:00:00,101.34,1,236.97,1,38.44,1,26.67,1,19.07,1,30,1,2025-02-28 5:00:00
2025-02-28,6:00:00,79.2,1,226.05,1,36.71,1,24.66,1,19,1,29.81,1,2025-02-28 6:00:00
2025-02-28,7:00:00,46.23,1,251.13,1,40.72,1,28.27,1,19.67,1,20.04,1,2025-02-28 7:00:00
2025-02-28,8:00:00,44.98,1,238.56,1,38.73,1,26.39,1,19.13,1,4.81,1,2025-02-28 8:00:00
2025-02-28,9:00:00,105,1,225.08,1,36.48,1,25.2,1,19.12,1,1,1,2025-02-28 9:00:00
2025-02-28,10:00:00,105,1,232.54,1,37.73,1,26.43,1,19.37,1,1,1,2025-02-28 10:00:00
2025-02-28,11:00:00,56.58,1,190.03,1,30.83,1,81.95,1,18.72,1,3.19,1,2025-02-28 11:00:00
2025-02-28,12:00:00,13.4,1,111.33,1,18,1,23,1,18,1,3.33,1,2025-02-28 12:00:00
2025-02-28,13:00:00,12.06,1,109.52,1,17.85,1,13.19,1,18,1,3.39,1,2025-02-28 13:00:00
2025-02-28,14:00:00,11.8,1,109.84,1,17.96,1,12.1,1,18,1,3.26,1,2025-02-28 14:00:00
2025-02-28,15:00:00,11.09,1,105.74,1,17.17,1,11.31,1,17.19,1,3.56,1,2025-02-28 15:00:00
2025-02-28,16:00:00,25.01,1,104.7,1,16.96,1,296.69,1,17.18,1,3.61,1,2025-02-28 16:00:00
2025-02-28,17:00:00,15.28,1,100.91,1,16.2,1,10.93,1,17,1,3.43,1,2025-02-28 17:00:00
2025-02-28,18:00:00,13.8,1,90.46,1,18.8,1,9.83,1,17,1,3.97,1,2025-02-28 18:00:00
2025-02-28,19:00:00,13.44,1,88.87,1,27.68,1,9.71,1,17,1,14.86,1,2025-02-28 19:00:00
2025-02-28,20:00:00,15.94,1,90.57,1,36.64,1,9.88,1,17,1,27.48,1,2025-02-28 20:00:00
2025-02-28,21:00:00,12.94,1,82,1,74.26,1,9.08,1,16.36,1,30,1,2025-02-28 21:00:00
2025-02-28,22:00:00,13.13,1,76.83,1,100.69,1,8.7,1,16,1,30,1,2025-02-28 22:00:00
2025-02-28,23:00:00,13.09,1,73.88,1,147.62,1,7.9,1,16,1,30,1,2025-02-28 23:00:00
2025-03-01,0:00:00,13.85,1,77.31,1,179.66,1,8.55,1,16,1,30,1,2025-03-01 0:00:00
2025-03-01,1:00:00,41.59,32.01,59.93,40,206.19,138.6,320.03,317.97,13.85,9.66,28.12,500.93,2025-03-01 1:00:00
2025-03-01,2:00:00,38.92,38.92,43.64,43.64,138.52,138.52,578.62,578.62,11.22,11.22,9.35,238.4,2025-03-01 2:00:00
2025-03-01,3:00:00,81.2,81.2,48.23,48.23,175.36,175.36,644.3,644.3,11.92,11.92,4.02,102.44,2025-03-01 3:00:00
2025-03-01,4:00:00,65.94,65.94,47.39,47.39,246.86,246.86,620.17,620.17,11.95,11.95,4.01,102.2,2025-03-01 4:00:00
2025-03-01,5:00:00,103.72,103.72,54.25,54.25,302.14,302.14,1312.45,1312.45,12.96,12.96,4,102.12,2025-03-01 5:00:00
2025-03-01,6:00:00,90.88,90.88,41.51,41.51,322.77,322.77,767.25,767.25,10.43,10.43,3.99,101.71,2025-03-01 6:00:00
2025-03-01,7:00:00,58.44,58.44,38.72,38.72,246.28,246.28,733.06,733.06,9.95,9.95,4,102,2025-03-01 7:00:00
2025-03-01,8:00:00,70.68,70.68,38.25,38.25,234.74,234.74,792.19,792.19,9.85,9.85,4,101.96,2025-03-01 8:00:00
2025-03-01,9:00:00,102.13,102.13,36.19,36.19,224.83,224.83,1302.27,1302.27,8.8,8.8,4.01,102.18,2025-03-01 9:00:00
2025-03-01,10:00:00,56.42,56.42,36.69,36.69,207.62,207.62,878.84,878.84,9.12,9.12,4,102.04,2025-03-01 10:00:00
2025-03-01,11:00:00,40.52,40.52,35.73,35.73,217.03,217.03,928,928,8.97,8.97,4,102.07,2025-03-01 11:00:00
2025-03-01,12:00:00,40.38,40.38,35.99,35.99,208.24,208.24,943.04,943.04,8.97,8.97,4.04,102.89,2025-03-01 12:00:00
2025-03-01,13:00:00,44.51,44.51,35.8,35.8,225.82,225.82,952.49,952.49,8.97,8.97,4.02,102.52,2025-03-01 13:00:00
2025-03-01,14:00:00,49.79,49.79,35.91,35.91,225.89,225.89,1033.14,1033.14,9,9,4.03,102.78,2025-03-01 14:00:00
2025-03-01,15:00:00,57.35,57.35,36.25,36.25,221.76,221.76,1022.72,1022.72,9,9,4.03,102.74,2025-03-01 15:00:00
2025-03-01,16:00:00,50.75,50.75,35.56,35.56,228.8,228.8,1010.16,1010.16,8.95,8.95,4.03,102.65,2025-03-01 16:00:00
2025-03-01,17:00:00,51.44,51.44,36.15,36.15,229.75,229.75,1098.45,1098.45,9.04,9.04,4.04,103.04,2025-03-01 17:00:00
2025-03-01,18:00:00,41.38,41.38,35.73,35.73,234.73,234.73,982.61,982.61,8.97,8.97,4.04,102.99,2025-03-01 18:00:00
2025-03-01,19:00:00,43.69,43.69,35.64,35.64,237.97,237.97,865.45,865.45,9,9,4.01,102.3,2025-03-01 19:00:00
2025-03-01,20:00:00,41.34,41.34,35.61,35.61,232.92,232.92,894.35,894.35,9.02,9.02,4.01,102.36,2025-03-01 20:00:00
2025-03-01,21:00:00,49.63,49.63,37.02,37.02,229.16,229.16,911.47,911.47,9.39,9.39,4.02,102.51,2025-03-01 21:00:00
2025-03-01,22:00:00,43.39,43.39,44.07,44.07,206.66,206.66,865.96,865.96,11.39,11.39,4.01,102.31,2025-03-01 22:00:00
2025-03-01,23:00:00,17.08,17.08,45.47,45.47,234.08,234.08,716.54,716.54,11.76,11.76,4,102.02,2025-03-01 23:00:00
2025-03-02,0:00:00,25.48,25.48,43.87,43.87,299.78,299.78,892.77,892.77,11.24,11.24,8.11,206.72,2025-03-02 0:00:00
2025-03-02,1:00:00,95.66,95.66,35.77,35.77,411.13,411.13,734.82,734.82,8.98,8.98,18,458.96,2025-03-02 1:00:00
2025-03-02,2:00:00,61.02,61.02,36.29,36.29,366.31,366.31,790.09,790.09,8.83,8.83,24.02,612.63,2025-03-02 2:00:00
2025-03-02,3:00:00,8.09,8.09,34.28,34.28,286.41,286.41,1008.89,1008.89,8.4,8.4,29.89,762.2,2025-03-02 3:00:00
2025-03-02,4:00:00,44.19,44.19,36.58,36.58,232.56,232.56,1062.53,1062.53,9.26,9.26,30,765,2025-03-02 4:00:00
2025-03-02,5:00:00,105,105,35.39,35.39,208.61,208.61,1212.86,1212.86,8.31,8.31,30,765,2025-03-02 5:00:00
2025-03-02,6:00:00,105,105,35.64,35.64,202.52,202.52,1761.79,1761.79,8.45,8.45,30,765,2025-03-02 6:00:00
2025-03-02,7:00:00,105,105,34.99,34.99,200.08,200.08,1867.9,1867.9,8.04,8.04,26.15,666.81,2025-03-02 7:00:00
2025-03-02,8:00:00,105,105,34.51,34.51,219.3,219.3,1538.61,1538.61,8,8,20.23,515.83,2025-03-02 8:00:00
2025-03-02,9:00:00,98.84,98.84,35.4,35.4,255.83,255.83,812.17,812.17,8.6,8.6,26.23,668.77,2025-03-02 9:00:00
2025-03-02,10:00:00,81.49,81.49,37.64,37.64,233.98,233.98,1005.13,1005.13,9.43,9.43,23.33,594.87,2025-03-02 10:00:00
2025-03-02,11:00:00,42.39,42.39,42.79,42.79,219.47,219.47,775.7,775.7,11.04,11.04,17.46,445.31,2025-03-02 11:00:00
2025-03-02,12:00:00,43.52,43.52,43.41,43.41,221.98,221.98,803.42,803.42,11,11,10.98,280,2025-03-02 12:00:00
2025-03-02,13:00:00,42.37,42.37,42.89,42.89,218.9,218.9,814.19,814.19,11.03,11.03,5.29,134.86,2025-03-02 13:00:00
2025-03-02,14:00:00,36.29,36.29,42.3,42.3,202.3,202.3,897.63,897.63,11,11,4.09,104.34,2025-03-02 14:00:00
2025-03-02,15:00:00,40.6,40.6,42.21,42.21,216.95,216.95,861.5,861.5,11,11,4.1,104.64,2025-03-02 15:00:00
2025-03-02,16:00:00,29.49,29.49,41.68,41.68,211.52,211.52,834.13,834.13,11,11,4.12,104.97,2025-03-02 16:00:00
2025-03-02,17:00:00,22.84,22.84,41.66,41.66,217.07,217.07,822.72,822.72,11.01,11.01,4.11,104.68,2025-03-02 17:00:00
2025-03-02,18:00:00,22.19,22.19,41.8,41.8,213.53,213.53,835.96,835.96,11,11,4.2,107.19,2025-03-02 18:00:00
2025-03-02,19:00:00,22.58,22.58,42.51,42.51,211.67,211.67,899.87,899.87,11.02,11.02,17.06,434.94,2025-03-02 19:00:00
2025-03-02,20:00:00,21.41,21.41,42.05,42.05,217.76,217.76,849.83,849.83,11,11,27.26,695.2,2025-03-02 20:00:00
2025-03-02,21:00:00,17.33,17.33,42.12,42.12,220.17,220.17,906.97,906.97,11,11,21.37,544.92,2025-03-02 21:00:00
2025-03-02,22:00:00,17.16,17.16,41.88,41.88,217.58,217.58,869.81,869.81,11,11,10.43,265.85,2025-03-02 22:00:00
2025-03-02,23:00:00,17.8,17.8,41.89,41.89,214.93,214.93,876.06,876.06,11,11,4.45,113.35,2025-03-02 23:00:00
2025-03-03,0:00:00,23.14,23.14,40.66,40.66,217.51,217.51,896.61,896.61,11,11,4.6,117.33,2025-03-03 0:00:00
2025-03-03,1:00:00,15.16,15.16,40.93,40.93,218.49,218.49,852.85,852.85,11,11,8.16,208.01,2025-03-03 1:00:00
2025-03-03,2:00:00,15.73,15.73,41.21,41.21,203.77,203.77,878.76,878.76,11,11,16,407.95,2025-03-03 2:00:00
2025-03-03,3:00:00,18.54,18.54,41.3,41.3,207.73,207.73,909.56,909.56,11,11,20.46,521.79,2025-03-03 3:00:00
2025-03-03,4:00:00,17.24,17.24,40.46,40.46,200.97,200.97,899.33,899.33,11,11,29.47,751.38,2025-03-03 4:00:00
2025-03-03,5:00:00,20.38,20.38,41.23,41.23,206.06,206.06,930.78,930.78,11,11,30,765,2025-03-03 5:00:00
2025-03-03,6:00:00,27.45,27.45,40.55,40.55,179.22,179.22,1020.12,1020.12,11,11,30,765,2025-03-03 6:00:00
2025-03-03,7:00:00,31.38,31.38,41.42,41.42,178.25,178.25,1057.07,1057.07,11,11,30,765,2025-03-03 7:00:00
2025-03-03,8:00:00,22.18,22.18,40.67,40.67,174.45,174.45,1174.63,1174.63,10.97,10.97,30,765,2025-03-03 8:00:00
2025-03-03,9:00:00,63.5,63.5,41.46,41.46,195.48,195.48,976.77,976.77,11,11,29.94,763.56,2025-03-03 9:00:00
2025-03-03,10:00:00,40.08,40.08,41.41,41.41,207.77,207.77,910.7,910.7,11,11,24.67,629.13,2025-03-03 10:00:00
2025-03-03,11:00:00,45.85,45.85,41.58,41.58,216,216,911.28,911.28,11,11,15.87,404.73,2025-03-03 11:00:00
2025-03-03,12:00:00,48.74,48.74,40.97,40.97,212.03,212.03,943.56,943.56,11,11,13.18,336.15,2025-03-03 12:00:00
2025-03-03,13:00:00,34.35,34.35,40.68,40.68,212.42,212.42,944.24,944.24,11,11,9.36,238.57,2025-03-03 13:00:00
2025-03-03,14:00:00,46.6,46.6,40.5,40.5,208.12,208.12,1003.13,1003.13,10.75,10.75,6.37,162.47,2025-03-03 14:00:00
2025-03-03,15:00:00,30.46,30.46,40.13,40.13,215.28,215.28,948.59,948.59,10.65,10.65,4.05,103.33,2025-03-03 15:00:00
2025-03-03,16:00:00,27.84,27.84,40.59,40.59,205.2,205.2,1079.58,1079.58,10.7,10.7,4.12,105.18,2025-03-03 16:00:00
2025-03-03,17:00:00,23.46,23.46,40.25,40.25,194.69,194.69,1078.27,1078.27,10.89,10.89,4.1,104.56,2025-03-03 17:00:00
2025-03-03,18:00:00,28.64,28.64,40.32,40.32,195.67,195.67,990.67,990.67,10.99,10.99,4.01,102.2,2025-03-03 18:00:00
2025-03-03,19:00:00,30.31,30.31,40.73,40.73,197.82,197.82,990.38,990.38,10.99,10.99,4.01,102.2,2025-03-03 19:00:00
2025-03-03,20:00:00,26.13,26.13,40.58,40.58,207.7,207.7,889.4,889.4,11,11,4,102.07,2025-03-03 20:00:00
2025-03-03,21:00:00,19.72,19.72,40.88,40.88,207.17,207.17,897.36,897.36,11,11,4,102.12,2025-03-03 21:00:00
2025-03-03,22:00:00,25.56,25.56,41.07,41.07,201.05,201.05,934.57,934.57,11,11,4,102.02,2025-03-03 22:00:00
2025-03-03,23:00:00,26.16,26.16,41.27,41.27,192.08,192.08,998.46,998.46,11,11,4.01,102.2,2025-03-03 23:00:00
2025-03-04,0:00:00,30.97,30.97,39.22,39.22,193.43,193.43,971.65,971.65,10.51,10.51,4,102.07,2025-03-04 0:00:00
2025-03-04,1:00:00,84.85,84.85,34.63,34.63,218.86,218.86,1002.26,1002.26,8.74,8.74,4,102,2025-03-04 1:00:00
2025-03-04,2:00:00,92.09,92.09,34.42,34.42,215.42,215.42,1041.8,1041.8,8.35,8.35,4.22,107.72,2025-03-04 2:00:00
2025-03-04,3:00:00,83.4,83.4,35.44,35.44,228.91,228.91,935.39,935.39,8.91,8.91,6.69,170.71,2025-03-04 3:00:00
2025-03-04,4:00:00,90.27,90.27,39.33,39.33,217.72,217.72,938.91,938.91,10.26,10.26,12.74,324.76,2025-03-04 4:00:00
2025-03-04,5:00:00,48.24,48.24,40.93,40.93,209.24,209.24,897.37,897.37,11,11,19.52,497.84,2025-03-04 5:00:00
2025-03-04,6:00:00,32.06,32.06,41.31,41.31,220.74,220.74,876.83,876.83,11,11,22.51,573.94,2025-03-04 6:00:00
2025-03-04,7:00:00,25.66,25.66,41.48,41.48,217.72,217.72,898.66,898.66,11.02,11.02,23.8,606.92,2025-03-04 7:00:00
2025-03-04,8:00:00,33.22,33.22,39.97,39.97,191.98,191.98,1104.63,1104.63,10.36,10.36,13.21,336.84,2025-03-04 8:00:00
2025-03-04,9:00:00,64.62,64.62,37.81,37.81,198.33,198.33,1163.54,1163.54,9.79,9.79,4.36,111.06,2025-03-04 9:00:00
2025-03-04,10:00:00,48.69,48.69,39.12,39.12,202.02,202.02,1087.32,1087.32,10.17,10.17,4,102.04,2025-03-04 10:00:00
2025-03-04,11:00:00,21.96,21.96,40.02,40.02,197.86,197.86,1021.19,1021.19,10.84,10.84,4.03,102.88,2025-03-04 11:00:00
2025-03-04,12:00:00,20.09,20.09,39.44,39.44,172.79,172.79,1509.51,1509.51,10.19,10.19,15.78,402.26,2025-03-04 12:00:00
2025-03-04,13:00:00,37.88,37.88,39.32,39.32,172.97,172.97,1663.8,1663.8,10,10,27.59,703.42,2025-03-04 13:00:00
2025-03-04,14:00:00,41.22,41.22,39.49,39.49,179.8,179.8,1391.85,1391.85,10,10,14.46,368.65,2025-03-04 14:00:00
2025-03-04,15:00:00,38.18,38.18,39.42,39.42,178.44,178.44,1357.39,1357.39,10,10,4.14,105.47,2025-03-04 15:00:00
2025-03-04,16:00:00,44.6,44.6,39.42,39.42,170.64,170.64,1702.73,1702.73,10.06,10.06,4.06,103.45,2025-03-04 16:00:00
2025-03-04,17:00:00,58.34,58.34,39.83,39.83,177.82,177.82,1363.15,1363.15,10.32,10.32,4.11,104.79,2025-03-04 17:00:00
2025-03-04,18:00:00,41.62,41.62,39.87,39.87,179.76,179.76,1298.55,1298.55,10.17,10.17,4.08,104.05,2025-03-04 18:00:00
2025-03-04,19:00:00,49.08,49.08,39.98,39.98,187.73,187.73,1175.38,1175.38,10.43,10.43,4.04,103.14,2025-03-04 19:00:00
2025-03-04,20:00:00,67.6,67.6,40.13,40.13,189.33,189.33,1163.2,1163.2,10.52,10.52,5.18,132.16,2025-03-04 20:00:00
2025-03-04,21:00:00,69.26,69.26,40.23,40.23,187.13,187.13,1158.21,1158.21,10.58,10.58,14.6,372.19,2025-03-04 21:00:00
2025-03-04,22:00:00,70.26,70.26,40.41,40.41,190.16,190.16,1124.56,1124.56,10.99,10.99,20.35,518.87,2025-03-04 22:00:00
2025-03-04,23:00:00,37.96,37.96,40.23,40.23,193.11,193.11,1102.95,1102.95,11,11,22.21,566.47,2025-03-04 23:00:00
2025-03-05,0:00:00,30.69,30.69,40.27,40.27,191.01,191.01,1113.37,1113.37,11,11,27.67,705.71,2025-03-05 0:00:00
2025-03-05,1:00:00,43.86,43.86,40.22,40.22,185.65,185.65,1230.51,1230.51,10.83,10.83,28.11,716.89,2025-03-05 1:00:00
2025-03-05,2:00:00,33.11,33.11,39.96,39.96,179.39,179.39,1231.76,1231.76,10.88,10.88,30,765,2025-03-05 2:00:00
2025-03-05,3:00:00,30.75,30.75,39.58,39.58,172.25,172.25,1323.18,1323.18,10.42,10.42,30,765,2025-03-05 3:00:00
2025-03-05,4:00:00,31.47,31.47,39.14,39.14,175.61,175.61,1345.87,1345.87,10.06,10.06,30,765,2025-03-05 4:00:00
2025-03-05,5:00:00,32.08,32.08,39.29,39.29,185.01,185.01,1167.61,1167.61,10.06,10.06,30,765,2025-03-05 5:00:00
2025-03-05,6:00:00,24.96,24.96,39.17,39.17,179.42,179.42,1286.68,1286.68,10.03,10.03,30,765,2025-03-05 6:00:00
2025-03-05,7:00:00,44.71,44.71,39.3,39.3,182.08,182.08,1396.07,1396.07,10.01,10.01,29.98,764.44,2025-03-05 7:00:00
2025-03-05,8:00:00,31.66,31.66,39.11,39.11,175.69,175.69,1738.1,1738.1,10,10,26.26,669.51,2025-03-05 8:00:00
2025-03-05,9:00:00,19.77,19.77,39.62,39.62,173.42,173.42,1688.19,1688.19,10.44,10.44,13.55,345.41,2025-03-05 9:00:00
2025-03-05,10:00:00,15.12,15.12,38.82,38.82,160.54,160.54,2122.59,2122.59,10.21,10.21,5.3,135.09,2025-03-05 10:00:00
2025-03-05,11:00:00,30.19,30.19,38.83,38.83,162.62,162.62,2233.3,2233.3,10.07,10.07,4.09,104.37,2025-03-05 11:00:00
2025-03-05,12:00:00,40.43,40.43,39.14,39.14,169.43,169.43,1911.24,1911.24,10.05,10.05,4.15,105.89,2025-03-05 12:00:00
2025-03-05,13:00:00,48.45,48.45,39.12,39.12,174.23,174.23,1816.29,1816.29,10.05,10.05,4.07,103.8,2025-03-05 13:00:00
2025-03-05,14:00:00,53.46,53.46,39.22,39.22,170.76,170.76,1825.36,1825.36,10,10,4.07,103.74,2025-03-05 14:00:00
2025-03-05,15:00:00,47.94,47.94,39.57,39.57,171.21,171.21,1612.37,1612.37,10.24,10.24,4.05,103.37,2025-03-05 15:00:00
2025-03-05,16:00:00,52.01,52.01,39.77,39.77,168.96,168.96,1582.67,1582.67,10.22,10.22,4.1,104.54,2025-03-05 16:00:00
2025-03-05,17:00:00,57.31,57.31,39.96,39.96,165.94,165.94,1884.99,1884.99,10.23,10.23,4.11,104.77,2025-03-05 17:00:00
2025-03-05,18:00:00,45.83,45.83,39.65,39.65,150.39,150.39,2529.52,2529.52,10.04,10.04,4.05,103.36,2025-03-05 18:00:00
2025-03-05,19:00:00,57.25,57.25,40.23,40.23,154.59,154.59,2341.22,2341.22,10.45,10.45,4.06,103.66,2025-03-05 19:00:00
2025-03-05,20:00:00,84.44,84.44,40.27,40.27,175.88,175.88,1605.21,1605.21,10.58,10.58,4.02,102.53,2025-03-05 20:00:00
2025-03-05,21:00:00,80.26,80.26,40.25,40.25,181.07,181.07,1400.3,1400.3,10.51,10.51,4.02,102.4,2025-03-05 21:00:00
2025-03-05,22:00:00,49.39,49.39,40.38,40.38,188.08,188.08,1246.17,1246.17,10.95,10.95,4.01,102.29,2025-03-05 22:00:00
2025-03-05,23:00:00,61.1,61.1,40.62,40.62,197.55,197.55,1150.61,1150.61,10.9,10.9,4.02,102.55,2025-03-05 23:00:00
2025-03-06,0:00:00,74.63,74.63,40,40,199.26,199.26,1163.16,1163.16,10.48,10.48,4.04,102.95,2025-03-06 0:00:00
2025-03-06,1:00:00,31.12,31.12,40.23,40.23,187.01,187.01,1179.29,1179.29,10.8,10.8,4.04,102.97,2025-03-06 1:00:00
2025-03-06,2:00:00,29.14,29.14,39.78,39.78,180.32,180.32,1346.67,1346.67,10.37,10.37,8.35,212.9,2025-03-06 2:00:00
2025-03-06,3:00:00,32.8,32.8,39.86,39.86,197.91,197.91,1100.39,1100.39,10.5,10.5,25.9,660.44,2025-03-06 3:00:00
2025-03-06,4:00:00,36.25,36.25,40.11,40.11,200.19,200.19,1078.2,1078.2,10.91,10.91,30,765,2025-03-06 4:00:00
2025-03-06,5:00:00,43.6,43.6,39.96,39.96,193.04,193.04,1117.45,1117.45,10.68,10.68,30,765,2025-03-06 5:00:00
2025-03-06,6:00:00,36.12,36.12,40.04,40.04,197.74,197.74,1125.75,1125.75,10.9,10.9,30,765,2025-03-06 6:00:00
2025-03-06,7:00:00,38.88,38.88,40.26,40.26,200.88,200.88,1057.02,1057.02,11,11,29.62,755.28,2025-03-06 7:00:00
2025-03-06,8:00:00,27.27,27.27,39.56,39.56,196.91,196.91,1189.56,1189.56,10.23,10.23,15.32,390.67,2025-03-06 8:00:00
2025-03-06,9:00:00,30.25,30.25,39.73,39.73,196.18,196.18,1198.64,1198.64,10.39,10.39,10.96,279.44,2025-03-06 9:00:00
2025-03-06,10:00:00,33.46,33.46,39.8,39.8,198.52,198.52,1214.59,1214.59,10.33,10.33,4.11,104.84,2025-03-06 10:00:00
2025-03-06,11:00:00,41,41,39.85,39.85,194.38,194.38,1218.09,1218.09,10.43,10.43,4.02,102.43,2025-03-06 11:00:00
2025-03-06,12:00:00,52.93,52.93,39.97,39.97,204.36,204.36,1189.19,1189.19,10.29,10.29,4.06,103.43,2025-03-06 12:00:00
2025-03-06,13:00:00,33.37,33.37,39.79,39.79,196.15,196.15,1232.06,1232.06,10.13,10.13,4.09,104.21,2025-03-06 13:00:00
2025-03-06,14:00:00,53.97,53.97,39.59,39.59,191.75,191.75,1369.19,1369.19,10.03,10.03,4.08,104.03,2025-03-06 14:00:00
2025-03-06,15:00:00,51.52,51.52,39.49,39.49,203.4,203.4,1234.44,1234.44,10,10,4.03,102.64,2025-03-06 15:00:00
2025-03-06,16:00:00,50.79,50.79,39.53,39.53,188.74,188.74,1511.23,1511.23,10.03,10.03,4.06,103.43,2025-03-06 16:00:00
2025-03-06,17:00:00,54.87,54.87,39.59,39.59,188.15,188.15,1432.67,1432.67,10.01,10.01,4.07,103.66,2025-03-06 17:00:00
2025-03-06,18:00:00,37.7,37.7,39.63,39.63,180.19,180.19,1560.59,1560.59,10.01,10.01,4.04,103.01,2025-03-06 18:00:00
2025-03-06,19:00:00,37.32,37.32,39.5,39.5,165.74,165.74,1870.73,1870.73,10,10,4.68,119.33,2025-03-06 19:00:00
2025-03-06,20:00:00,45.6,45.6,39.7,39.7,166.09,166.09,1721.58,1721.58,10.01,10.01,15.6,397.89,2025-03-06 20:00:00
2025-03-06,21:00:00,46.11,46.11,39.59,39.59,170.31,170.31,1804.41,1804.41,10.04,10.04,29.26,746.12,2025-03-06 21:00:00
2025-03-06,22:00:00,46.24,46.24,39.58,39.58,174.57,174.57,1697.71,1697.71,10.06,10.06,30,765,2025-03-06 22:00:00
2025-03-06,23:00:00,50.3,50.3,39.45,39.45,180.14,180.14,1589.92,1589.92,10.01,10.01,30,765,2025-03-06 23:00:00
2025-03-07,0:00:00,43.46,43.46,39.75,39.75,200.98,200.98,1170.55,1170.55,10.21,10.21,30,765,2025-03-07 0:00:00
2025-03-07,1:00:00,42.16,42.16,39.68,39.68,195.12,195.12,1214.77,1214.77,10.06,10.06,30,765,2025-03-07 1:00:00
2025-03-07,2:00:00,43.04,43.04,39.72,39.72,185.5,185.5,1334.16,1334.16,10.17,10.17,30,765,2025-03-07 2:00:00
2025-03-07,3:00:00,46.29,46.29,39.72,39.72,195.94,195.94,1266.88,1266.88,10.09,10.09,30,765,2025-03-07 3:00:00
2025-03-07,4:00:00,48.63,48.63,39.67,39.67,202.25,202.25,1153.06,1153.06,10.02,10.02,29.89,762.26,2025-03-07 4:00:00
2025-03-07,5:00:00,42.88,42.88,40.21,40.21,208.88,208.88,1190.32,1190.32,10.54,10.54,20.3,517.6,2025-03-07 5:00:00
2025-03-07,6:00:00,37.79,37.79,40.44,40.44,214.77,214.77,1132.07,1132.07,10.84,10.84,14.99,382.13,2025-03-07 6:00:00
2025-03-07,7:00:00,32.68,32.68,40.5,40.5,221.29,221.29,1061.82,1061.82,10.78,10.78,9.7,247.29,2025-03-07 7:00:00
2025-03-07,8:00:00,37.9,37.9,40.14,40.14,189.25,189.25,1284.33,1284.33,10.53,10.53,8.51,216.98,2025-03-07 8:00:00
2025-03-07,9:00:00,26.01,26.01,40.15,40.15,202.37,202.37,1158.74,1158.74,10.5,10.5,4.14,105.59,2025-03-07 9:00:00
2025-03-07,10:00:00,21.34,21.34,39.6,39.6,215.05,215.05,1063.29,1063.29,10.1,10.1,4.04,103.13,2025-03-07 10:00:00
2025-03-07,11:00:00,28.58,28.58,39.42,39.42,207.76,207.76,1112.69,1112.69,10.06,10.06,3.93,100.21,2025-03-07 11:00:00
2025-03-07,12:00:00,18.04,18.04,38.79,38.79,203.83,203.83,1145.15,1145.15,10.03,10.03,3.28,83.59,2025-03-07 12:00:00
2025-03-07,13:00:00,14.2,14.2,38.51,38.51,187.29,187.29,1344.39,1344.39,10,10,3.63,92.56,2025-03-07 13:00:00
2025-03-07,14:00:00,12.68,12.68,38.54,38.54,195.03,195.03,1189.43,1189.43,10,10,3.99,101.63,2025-03-07 14:00:00
2025-03-07,15:00:00,12.74,12.74,38.78,38.78,203.24,203.24,1180.37,1180.37,10,10,4,101.97,2025-03-07 15:00:00
2025-03-07,16:00:00,26.4,26.4,37.13,37.13,218.98,218.98,1057.8,1057.8,9.46,9.46,4,102.02,2025-03-07 16:00:00
2025-03-07,17:00:00,79.97,79.97,33,33,230.22,230.22,1176.89,1176.89,8.03,8.03,3.99,101.79,2025-03-07 17:00:00
2025-03-07,18:00:00,71.69,71.69,32.77,32.77,236.08,236.08,1223.53,1223.53,8,8,4,101.97,2025-03-07 18:00:00
2025-03-07,19:00:00,39.98,39.98,33.09,33.09,238.47,238.47,1172.02,1172.02,8,8,4,101.95,2025-03-07 19:00:00
2025-03-07,20:00:00,32.34,32.34,33.33,33.33,235.15,235.15,1148.83,1148.83,8.05,8.05,3.99,101.86,2025-03-07 20:00:00
2025-03-07,21:00:00,44.02,44.02,32.89,32.89,227.42,227.42,1168.22,1168.22,8.27,8.27,6.01,153.19,2025-03-07 21:00:00
2025-03-07,22:00:00,34.04,34.04,32.84,32.84,201.49,201.49,1359.82,1359.82,8.11,8.11,25.29,644.83,2025-03-07 22:00:00
2025-03-07,23:00:00,34.47,34.47,32.63,32.63,225.39,225.39,1168.67,1168.67,8.15,8.15,30,765,2025-03-07 23:00:00
2025-03-08,0:00:00,43.6,43.6,33.84,33.84,231.47,231.47,999.89,999.89,8.74,8.74,29.98,764.5,2025-03-08 0:00:00
2025-03-08,1:00:00,52.74,52.74,34.02,34.02,238.18,238.18,959.24,959.24,8.46,8.46,26.16,667.08,2025-03-08 1:00:00
2025-03-08,2:00:00,86.36,86.36,38.62,38.62,223.44,223.44,1023.3,1023.3,9.93,9.93,17.54,447.39,2025-03-08 2:00:00
2025-03-08,3:00:00,29.05,29.05,44.47,44.47,220.53,220.53,817,817,11.99,11.99,12.07,307.7,2025-03-08 3:00:00
2025-03-08,4:00:00,14.57,14.57,44.69,44.69,218.05,218.05,834.76,834.76,12,12,20.91,533.1,2025-03-08 4:00:00
2025-03-08,5:00:00,61.06,61.06,43.59,43.59,209.23,209.23,1022.34,1022.34,11.74,11.74,23.16,590.53,2025-03-08 5:00:00
2025-03-08,6:00:00,49.99,49.99,42.83,42.83,189,189,1258.25,1258.25,11.45,11.45,21.8,556.01,2025-03-08 6:00:00
2025-03-08,7:00:00,62.93,62.93,40.68,40.68,180.71,180.71,1302.56,1302.56,10.99,10.99,7.57,192.97,2025-03-08 7:00:00
2025-03-08,8:00:00,43.09,43.09,40.35,40.35,198.78,198.78,1269.62,1269.62,10.89,10.89,3.85,98.07,2025-03-08 8:00:00
2025-03-08,9:00:00,52.2,52.2,40.83,40.83,212.92,212.92,1069.75,1069.75,10.97,10.97,3.98,101.55,2025-03-08 9:00:00
2025-03-08,10:00:00,44.22,44.22,41.07,41.07,201.78,201.78,1250.43,1250.43,10.97,10.97,4,101.88,2025-03-08 10:00:00
2025-03-08,11:00:00,26.68,26.68,41.21,41.21,204.35,204.35,1202.6,1202.6,10.99,10.99,4,102,2025-03-08 11:00:00
2025-03-08,12:00:00,19.15,19.15,40.61,40.61,200.8,200.8,1142.8,1142.8,10.78,10.78,4,102,2025-03-08 12:00:00
2025-03-08,13:00:00,22.42,22.42,40.95,40.95,221.66,221.66,1014.6,1014.6,11,11,4,102.05,2025-03-08 13:00:00
2025-03-08,14:00:00,41.86,41.86,40.64,40.64,228.17,228.17,1050.87,1050.87,11,11,4,101.96,2025-03-08 14:00:00
2025-03-08,15:00:00,40.18,40.18,40.19,40.19,207.47,207.47,1160.87,1160.87,10.76,10.76,4,102.04,2025-03-08 15:00:00
2025-03-08,16:00:00,29.01,29.01,39.99,39.99,191.28,191.28,1230.66,1230.66,10.67,10.67,4,102.04,2025-03-08 16:00:00
2025-03-08,17:00:00,33.55,33.55,40.12,40.12,203.12,203.12,1157.61,1157.61,10.71,10.71,4.01,102.14,2025-03-08 17:00:00
2025-03-08,18:00:00,28.15,28.15,40.94,40.94,219.01,219.01,1124.95,1124.95,11,11,4.16,106.06,2025-03-08 18:00:00
2025-03-08,19:00:00,36.22,36.22,39.95,39.95,216.39,216.39,1086.18,1086.18,10.8,10.8,13.8,351.82,2025-03-08 19:00:00
2025-03-08,20:00:00,28.71,28.71,39.68,39.68,207.33,207.33,1112.36,1112.36,10.81,10.81,27.71,706.5,2025-03-08 20:00:00
2025-03-08,21:00:00,25.38,25.38,39.51,39.51,212.89,212.89,983.82,983.82,11,11,30,765,2025-03-08 21:00:00
2025-03-08,22:00:00,18.87,18.87,40.1,40.1,206.57,206.57,1102.97,1102.97,11,11,30,765,2025-03-08 22:00:00
2025-03-08,23:00:00,26.4,26.4,38.89,38.89,188.1,188.1,1687.1,1687.1,10.61,10.61,30,765,2025-03-08 23:00:00
2025-03-09,0:00:00,44.66,44.66,40.23,40.23,190.3,190.3,1305.9,1305.9,10.85,10.85,30,765,2025-03-09 0:00:00
2025-03-09,1:00:00,46.6,46.6,39.62,39.62,189.01,189.01,1219.92,1219.92,10.61,10.61,29.87,761.74,2025-03-09 1:00:00
2025-03-09,2:00:00,40.01,40.01,40.65,40.65,197.24,197.24,1079.77,1079.77,11,11,22.16,564.97,2025-03-09 2:00:00
2025-03-09,3:00:00,37.46,37.46,40.15,40.15,188.11,188.11,1203.45,1203.45,10.91,10.91,19.35,493.45,2025-03-09 3:00:00
2025-03-09,4:00:00,36.91,36.91,40.32,40.32,193.54,193.54,1145.93,1145.93,10.97,10.97,5.65,144.03,2025-03-09 4:00:00
2025-03-09,5:00:00,36.46,36.46,39.68,39.68,190.6,190.6,1223.33,1223.33,10.53,10.53,3.97,101.22,2025-03-09 5:00:00
2025-03-09,6:00:00,63.32,63.32,40.36,40.36,194.61,194.61,1140.67,1140.67,10.93,10.93,3.97,101.19,2025-03-09 6:00:00
2025-03-09,7:00:00,78.91,78.91,40.77,40.77,201.58,201.58,1085.49,1085.49,10.99,10.99,3.97,101.3,2025-03-09 7:00:00
2025-03-09,8:00:00,54.91,54.91,40.57,40.57,195.75,195.75,1110.47,1110.47,10.98,10.98,3.98,101.6,2025-03-09 8:00:00
2025-03-09,9:00:00,45.02,45.02,40.6,40.6,205.82,205.82,1088.01,1088.01,10.99,10.99,4,101.91,2025-03-09 9:00:00
2025-03-09,10:00:00,42.47,42.47,41.15,41.15,204.08,204.08,1058.67,1058.67,11,11,4,101.88,2025-03-09 10:00:00
2025-03-09,11:00:00,42.24,42.24,40.52,40.52,198.86,198.86,1041.17,1041.17,10.98,10.98,4,102.02,2025-03-09 11:00:00
2025-03-09,12:00:00,70.98,70.98,36.34,36.34,210.05,210.05,1142.24,1142.24,9.43,9.43,4.01,102.25,2025-03-09 12:00:00
2025-03-09,13:00:00,71.98,71.98,40.07,40.07,213.67,213.67,1037.39,1037.39,10.54,10.54,4.01,102.3,2025-03-09 13:00:00
2025-03-09,14:00:00,32.25,32.25,41.06,41.06,205.44,205.44,1093.21,1093.21,11,11,4.13,105.37,2025-03-09 14:00:00
2025-03-09,15:00:00,32.85,32.85,40.59,40.59,193.67,193.67,1187.66,1187.66,10.93,10.93,4.94,126.1,2025-03-09 15:00:00
2025-03-09,16:00:00,28.48,28.48,40.82,40.82,204.06,204.06,1166.79,1166.79,11,11,7.43,189.47,2025-03-09 16:00:00
2025-03-09,17:00:00,33.16,33.16,41.06,41.06,203.24,203.24,1171.4,1171.4,11,11,4.03,102.84,2025-03-09 17:00:00
2025-03-09,18:00:00,56.85,56.85,40.59,40.59,199.39,199.39,1264.48,1264.48,10.96,10.96,4.01,102.34,2025-03-09 18:00:00
2025-03-09,19:00:00,40.26,40.26,41.04,41.04,193.98,193.98,1282.36,1282.36,11,11,4.01,102.2,2025-03-09 19:00:00
2025-03-09,20:00:00,58.47,58.47,41.17,41.17,195.38,195.38,1204.21,1204.21,11,11,4.01,102.17,2025-03-09 20:00:00
2025-03-09,21:00:00,74.62,74.62,41.63,41.63,199.6,199.6,1194.84,1194.84,10.97,10.97,4,102.03,2025-03-09 21:00:00
2025-03-09,22:00:00,69.1,69.1,41.37,41.37,193.29,193.29,1228.93,1228.93,11,11,4,102.07,2025-03-09 22:00:00
2025-03-09,23:00:00,65.06,65.06,40.99,40.99,188.38,188.38,1285.06,1285.06,11,11,15.36,391.76,2025-03-09 23:00:00
2025-03-10,0:00:00,64.64,64.64,40.97,40.97,196.83,196.83,1204.36,1204.36,10.9,10.9,29.71,757.5,2025-03-10 0:00:00
2025-03-10,1:00:00,50.87,50.87,40.35,40.35,192.73,192.73,1320.64,1320.64,10.82,10.82,30,765,2025-03-10 1:00:00
2025-03-10,2:00:00,51.1,51.1,40.94,40.94,203.53,203.53,1166.51,1166.51,11,11,30,765,2025-03-10 2:00:00
2025-03-10,3:00:00,50.15,50.15,40.95,40.95,203.53,203.53,1078.86,1078.86,11,11,30,765,2025-03-10 3:00:00
2025-03-10,4:00:00,77.99,77.99,38.81,38.81,202.34,202.34,1196.45,1196.45,10.22,10.22,30,765,2025-03-10 4:00:00
2025-03-10,5:00:00,33.73,33.73,40.36,40.36,192.32,192.32,1154.29,1154.29,10.99,10.99,30,765,2025-03-10 5:00:00
2025-03-10,6:00:00,23.93,23.93,41.07,41.07,204.53,204.53,1046.48,1046.48,11,11,30,765,2025-03-10 6:00:00
2025-03-10,7:00:00,66.84,66.84,37.96,37.96,209.54,209.54,1061.54,1061.54,9.95,9.95,29.97,764.16,2025-03-10 7:00:00
2025-03-10,8:00:00,83.97,83.97,39.22,39.22,195.26,195.26,1130.37,1130.37,10.26,10.26,30,765,2025-03-10 8:00:00
2025-03-10,9:00:00,38.23,38.23,40.76,40.76,187.81,187.81,1144.7,1144.7,11,11,30,765,2025-03-10 9:00:00
2025-03-10,10:00:00,61.93,61.93,34.93,34.93,204.12,204.12,1287.65,1287.65,8.9,8.9,30,765,2025-03-10 10:00:00
2025-03-10,11:00:00,76.9,76.9,33.11,33.11,211.43,211.43,1393.57,1393.57,8.16,8.16,30,765,2025-03-10 11:00:00
2025-03-10,12:00:00,90.06,90.06,35.6,35.6,218.12,218.12,1157.87,1157.87,8.99,8.99,24.2,617.12,2025-03-10 12:00:00
2025-03-10,13:00:00,40.26,40.26,40.44,40.44,205.59,205.59,986.31,986.31,10.98,10.98,5.26,134.05,2025-03-10 13:00:00
2025-03-10,14:00:00,27.33,27.33,40.63,40.63,197.1,197.1,1054.27,1054.27,11,11,3.07,78.29,2025-03-10 14:00:00
2025-03-10,15:00:00,28.91,28.91,40.49,40.49,187.96,187.96,1185.29,1185.29,10.98,10.98,3.28,83.68,2025-03-10 15:00:00
2025-03-10,16:00:00,29.13,29.13,40.42,40.42,204.24,204.24,1064.09,1064.09,11,11,3.5,89.26,2025-03-10 16:00:00
2025-03-10,17:00:00,27.54,27.54,40.82,40.82,202.95,202.95,1077.24,1077.24,11,11,3.79,96.61,2025-03-10 17:00:00
2025-03-10,18:00:00,30,30,40.61,40.61,204.88,204.88,1096.67,1096.67,10.99,10.99,3.86,98.51,2025-03-10 18:00:00
2025-03-10,19:00:00,39.38,39.38,40.91,40.91,199.96,199.96,1056.63,1056.63,11,11,3.9,99.48,2025-03-10 19:00:00
2025-03-10,20:00:00,41.15,41.15,41.14,41.14,197.11,197.11,1110.48,1110.48,11,11,5.42,138.25,2025-03-10 20:00:00
2025-03-10,21:00:00,35.65,35.65,41.06,41.06,199.61,199.61,1084.31,1084.31,11,11,18,458.88,2025-03-10 21:00:00
2025-03-10,22:00:00,32.34,32.34,41.41,41.41,198.58,198.58,1090.26,1090.26,11,11,15.1,385.09,2025-03-10 22:00:00
2025-03-10,23:00:00,49.69,49.69,40.83,40.83,196.21,196.21,1257.02,1257.02,10.99,10.99,6.26,159.64,2025-03-10 23:00:00
2025-03-11,0:00:00,84.95,84.95,40.62,40.62,178.49,178.49,1476.32,1476.32,10.93,10.93,3.99,101.69,2025-03-11 0:00:00
2025-03-11,1:00:00,70.66,70.66,40.08,40.08,184.6,184.6,1476.26,1476.26,10.66,10.66,4.88,124.39,2025-03-11 1:00:00
2025-03-11,2:00:00,72.89,72.89,39.99,39.99,180.84,180.84,1490.21,1490.21,10.44,10.44,7.08,180.47,2025-03-11 2:00:00
2025-03-11,3:00:00,23.95,23.95,40.59,40.59,183.9,183.9,1412.69,1412.69,11,11,22.1,563.45,2025-03-11 3:00:00
2025-03-11,4:00:00,21.67,21.67,39.82,39.82,183.97,183.97,1400.76,1400.76,10.73,10.73,25.01,637.78,2025-03-11 4:00:00
2025-03-11,5:00:00,22.92,22.92,39.71,39.71,188.14,188.14,1372.7,1372.7,10.7,10.7,13.39,341.44,2025-03-11 5:00:00
2025-03-11,6:00:00,23.74,23.74,39.72,39.72,172.11,172.11,1816.35,1816.35,10.74,10.74,16.08,410.04,2025-03-11 6:00:00
2025-03-11,7:00:00,29.12,29.12,39.35,39.35,179.1,179.1,1595.62,1595.62,10.2,10.2,29.69,757.2,2025-03-11 7:00:00
2025-03-11,8:00:00,23.15,23.15,40.22,40.22,184.31,184.31,1484.21,1484.21,10.87,10.87,21.29,542.83,2025-03-11 8:00:00
2025-03-11,9:00:00,27.61,27.61,40.4,40.4,192.59,192.59,1145.43,1145.43,10.98,10.98,4,102,2025-03-11 9:00:00
2025-03-11,10:00:00,100.45,100.45,41.26,41.26,199.01,199.01,1152.04,1152.04,11,11,4,102.09,2025-03-11 10:00:00
2025-03-11,11:00:00,81.17,81.17,40.76,40.76,205.47,205.47,1208.36,1208.36,10.8,10.8,4.03,102.86,2025-03-11 11:00:00
2025-03-11,12:00:00,32.19,32.19,40.84,40.84,197.31,197.31,1208.12,1208.12,11,11,4.05,103.4,2025-03-11 12:00:00
2025-03-11,13:00:00,24.74,24.74,40.42,40.42,193.63,193.63,1194.07,1194.07,10.99,10.99,4.02,102.42,2025-03-11 13:00:00
2025-03-11,14:00:00,25.07,25.07,40.56,40.56,209.57,209.57,1251.73,1251.73,11,11,4.04,103.05,2025-03-11 14:00:00
2025-03-11,15:00:00,23.23,23.23,40.47,40.47,200.67,200.67,1336.09,1336.09,11,11,4.06,103.46,2025-03-11 15:00:00
2025-03-11,16:00:00,30.32,30.32,38.8,38.8,204.47,204.47,1361.47,1361.47,10.4,10.4,4.04,102.96,2025-03-11 16:00:00
2025-03-11,17:00:00,43.21,43.21,37.45,37.45,199.13,199.13,1327.35,1327.35,10.79,10.79,4.02,102.52,2025-03-11 17:00:00
2025-03-11,18:00:00,62.88,62.88,35.22,35.22,194.92,194.92,1260.25,1260.25,10.74,10.74,4.01,102.21,2025-03-11 18:00:00
2025-03-11,19:00:00,74.32,74.32,40.6,40.6,201.28,201.28,1262.22,1262.22,10.94,10.94,4.02,102.49,2025-03-11 19:00:00
2025-03-11,20:00:00,62.56,62.56,40.34,40.34,214.58,214.58,1137.12,1137.12,10.78,10.78,7.11,181.29,2025-03-11 20:00:00
2025-03-11,21:00:00,60.36,60.36,40.21,40.21,203.09,203.09,1129.56,1129.56,10.47,10.47,19.25,490.78,2025-03-11 21:00:00
2025-03-11,22:00:00,55.49,55.49,39.42,39.42,174.58,174.58,1279.48,1279.48,10,10,25.32,645.66,2025-03-11 22:00:00
2025-03-11,23:00:00,73.42,73.42,39.32,39.32,148.11,148.11,1845.07,1845.07,10,10,24.47,623.95,2025-03-11 23:00:00
2025-03-12,0:00:00,53.78,53.78,22.31,22.31,140.26,140.26,2361.8,2361.8,10,10,19.28,491.59,2025-03-12 0:00:00
2025-03-12,1:00:00,71.13,71.13,34.47,34.47,158.51,158.51,1550.62,1550.62,10,10,11.49,293.06,2025-03-12 1:00:00
2025-03-12,2:00:00,58.05,58.05,28.42,28.42,158.08,158.08,1433.36,1433.36,10,10,7.97,203.27,2025-03-12 2:00:00
2025-03-12,3:00:00,49.04,49.04,32.47,32.47,161.99,161.99,1345.7,1345.7,10.08,10.08,5.97,152.26,2025-03-12 3:00:00
2025-03-12,4:00:00,52.42,52.42,27.23,27.23,158.93,158.93,1633.66,1633.66,10.02,10.02,7.74,197.41,2025-03-12 4:00:00
2025-03-12,5:00:00,54.91,54.91,40,40,151.29,151.29,1724.24,1724.24,10.38,10.38,13.33,339.95,2025-03-12 5:00:00
2025-03-12,6:00:00,67.6,67.6,32.76,32.76,146.35,146.35,1850.72,1850.72,10,10,15.27,389.29,2025-03-12 6:00:00
2025-03-12,7:00:00,81.32,81.32,40.97,40.97,148.32,148.32,1531.23,1531.23,10.71,10.71,13.15,335.45,2025-03-12 7:00:00
2025-03-12,8:00:00,72.29,72.29,31.61,31.61,151.28,151.28,1811.28,1811.28,10.6,10.6,4,102,2025-03-12 8:00:00
2025-03-12,9:00:00,76.53,76.53,38.73,38.73,183.67,183.67,1030,1030,11,11,4,102,2025-03-12 9:00:00
2025-03-12,10:00:00,60.11,60.11,41.02,41.02,173.94,173.94,1132.8,1132.8,11,11,16.15,411.77,2025-03-12 10:00:00
2025-03-12,11:00:00,61.5,61.5,37.16,37.16,182.7,182.7,1077.85,1077.85,10.95,10.95,19.73,503.22,2025-03-12 11:00:00
2025-03-12,12:00:00,52.08,52.08,41.06,41.06,186.03,186.03,1097.55,1097.55,11,11,5.16,131.61,2025-03-12 12:00:00
2025-03-12,13:00:00,51.37,51.37,36.91,36.91,185.92,185.92,1203.6,1203.6,11,11,4,102.02,2025-03-12 13:00:00
2025-03-12,14:00:00,38.72,38.72,40.38,40.38,178.93,178.93,1256.15,1256.15,10.71,10.71,4.01,102.21,2025-03-12 14:00:00
2025-03-12,15:00:00,35.56,35.56,34.55,34.55,179.38,179.38,1220.33,1220.33,10.64,10.64,4.01,102.18,2025-03-12 15:00:00
2025-03-12,16:00:00,35.4,35.4,40.12,40.12,165.61,165.61,1406.85,1406.85,10.56,10.56,4.01,102.22,2025-03-12 16:00:00
2025-03-12,17:00:00,53.92,53.92,35.02,35.02,164.82,164.82,1209.58,1209.58,10.91,10.91,6.43,164.02,2025-03-12 17:00:00
2025-03-12,18:00:00,51.87,51.87,33.46,33.46,166.46,166.46,1244.87,1244.87,10.38,10.38,11.88,302.95,2025-03-12 18:00:00
2025-03-12,19:00:00,51.76,51.76,40.47,40.47,168.57,168.57,1167.89,1167.89,10.88,10.88,13.1,334.09,2025-03-12 19:00:00
2025-03-12,20:00:00,47.2,47.2,30.03,30.03,183.26,183.26,1041.71,1041.71,10.9,10.9,14.26,363.6,2025-03-12 20:00:00
2025-03-12,21:00:00,48.98,48.98,40.69,40.69,175.58,175.58,1081.16,1081.16,11,11,15.46,394.2,2025-03-12 21:00:00
2025-03-12,22:00:00,50.1,50.1,27.4,27.4,182.49,182.49,1014.58,1014.58,10.99,10.99,21.7,553.23,2025-03-12 22:00:00
2025-03-12,23:00:00,51.47,51.47,40.65,40.65,192.32,192.32,960,960,11,11,29.15,743.37,2025-03-12 23:00:00
2025-03-13,0:00:00,60.15,60.15,31.63,31.63,188.12,188.12,989.88,989.88,11,11,30,765,2025-03-13 0:00:00
2025-03-13,1:00:00,58.94,58.94,41.09,41.09,183.63,183.63,1032.05,1032.05,11,11,30,765,2025-03-13 1:00:00
2025-03-13,2:00:00,54.68,54.68,34.39,34.39,189.81,189.81,1043.06,1043.06,11,11,30,765,2025-03-13 2:00:00
2025-03-13,3:00:00,45.06,45.06,32.44,32.44,178.6,178.6,1138.52,1138.52,10.95,10.95,29.87,761.61,2025-03-13 3:00:00
2025-03-13,4:00:00,44.29,44.29,40.32,40.32,165.32,165.32,1403.46,1403.46,10.73,10.73,26.38,672.7,2025-03-13 4:00:00
2025-03-13,5:00:00,79.01,79.01,40.2,40.2,174.72,174.72,1137.31,1137.31,10.52,10.52,19.84,505.83,2025-03-13 5:00:00
2025-03-13,6:00:00,49.89,49.89,40.46,40.46,186.17,186.17,1070.53,1070.53,10.86,10.86,10.24,261.2,2025-03-13 6:00:00
2025-03-13,7:00:00,72.37,72.37,33.93,33.93,187.25,187.25,1071.62,1071.62,10.78,10.78,4,102.02,2025-03-13 7:00:00
2025-03-13,8:00:00,87.82,87.82,40.69,40.69,168.09,168.09,1389.29,1389.29,10.55,10.55,4,102.04,2025-03-13 8:00:00
2025-03-13,9:00:00,53.76,53.76,23.44,23.44,136.55,136.55,1627.73,1627.73,10.14,10.14,4,101.97,2025-03-13 9:00:00
2025-03-13,10:00:00,50.18,50.18,39.56,39.56,158.62,158.62,1631.81,1631.81,10.06,10.06,4,102,2025-03-13 10:00:00
2025-03-13,11:00:00,41.84,41.84,26.49,26.49,158.8,158.8,1272.38,1272.38,10.73,10.73,4,102,2025-03-13 11:00:00
2025-03-13,12:00:00,31.41,31.41,40.05,40.05,164.92,164.92,1240.33,1240.33,10.51,10.51,4,102.02,2025-03-13 12:00:00
2025-03-13,13:00:00,30.59,30.59,39.97,39.97,166.07,166.07,1186.32,1186.32,10.67,10.67,4,102,2025-03-13 13:00:00
2025-03-13,14:00:00,29.07,29.07,39.67,39.67,159.28,159.28,1305.1,1305.1,10.28,10.28,4,102,2025-03-13 14:00:00
2025-03-13,15:00:00,63.19,63.19,39.97,39.97,167.2,167.2,1145.03,1145.03,10.43,10.43,4,102.05,2025-03-13 15:00:00
2025-03-13,16:00:00,43.72,43.72,39.68,39.68,158.68,158.68,1478.47,1478.47,10.15,10.15,5.64,143.91,2025-03-13 16:00:00
2025-03-13,17:00:00,59.04,59.04,4.98,4.98,163.74,163.74,1947.7,1947.7,8.02,8.02,12.67,323.07,2025-03-13 17:00:00
2025-03-13,18:00:00,44.94,44.94,3,3,166.16,166.16,2116.46,2116.46,7.92,7.92,14.19,361.89,2025-03-13 18:00:00
2025-03-13,19:00:00,73.59,73.59,3,3,188.83,188.83,1289.82,1289.82,8.08,8.08,11.57,294.98,2025-03-13 19:00:00
2025-03-13,20:00:00,83.77,83.77,3,3,204.33,204.33,961.5,961.5,8.54,8.54,9.11,232.42,2025-03-13 20:00:00
2025-03-13,21:00:00,88.03,88.03,23.05,23.05,206.13,206.13,985.85,985.85,8.48,8.48,13.81,352.07,2025-03-13 21:00:00
2025-03-13,22:00:00,96.72,96.72,14.42,14.42,204.35,204.35,926.77,926.77,9.13,9.13,12.05,307.28,2025-03-13 22:00:00
2025-03-13,23:00:00,54.06,54.06,22.76,22.76,192.26,192.26,831.93,831.93,11,11,17.79,453.69,2025-03-13 23:00:00
2025-03-14,0:00:00,46.42,46.42,41.07,41.07,175.19,175.19,969.08,969.08,11,11,29.75,758.63,2025-03-14 0:00:00
2025-03-14,1:00:00,79.75,79.75,32.44,32.44,178.77,178.77,954.17,954.17,11,11,30,765,2025-03-14 1:00:00
2025-03-14,2:00:00,53.07,53.07,30.04,30.04,171.95,171.95,1022.94,1022.94,11,11,29.88,761.9,2025-03-14 2:00:00
2025-03-14,3:00:00,50.11,50.11,41.67,41.67,160.91,160.91,1077.58,1077.58,11,11,25.53,651.14,2025-03-14 3:00:00
2025-03-14,4:00:00,69.6,69.6,35.13,35.13,172.81,172.81,1030.08,1030.08,11,11,20.73,528.49,2025-03-14 4:00:00
2025-03-14,5:00:00,58.67,58.67,39.75,39.75,180.79,180.79,1133.54,1133.54,10.96,10.96,19.9,507.41,2025-03-14 5:00:00
2025-03-14,6:00:00,27.64,27.64,34.73,34.73,167.14,167.14,1262.97,1262.97,10.98,10.98,18.97,483.63,2025-03-14 6:00:00
2025-03-14,7:00:00,69.84,69.84,40.61,40.61,182.5,182.5,1164.09,1164.09,10.9,10.9,15.72,400.77,2025-03-14 7:00:00
2025-03-14,8:00:00,80.03,80.03,28.94,28.94,180.56,180.56,1463.03,1463.03,9.12,9.12,4,101.9,2025-03-14 8:00:00
2025-03-14,9:00:00,63.42,63.42,15.05,15.05,205.84,205.84,1193.84,1193.84,8.17,8.17,4,102,2025-03-14 9:00:00
2025-03-14,10:00:00,71.84,71.84,24.32,24.32,211.25,211.25,1222.94,1222.94,8.92,8.92,3.33,84.93,2025-03-14 10:00:00
2025-03-14,11:00:00,44.37,44.37,7.68,7.68,194.59,194.59,1445.89,1445.89,8.75,8.75,21.62,551.41,2025-03-14 11:00:00
2025-03-14,12:00:00,78.97,78.97,28.31,28.31,197.1,197.1,1388.55,1388.55,9.6,9.6,30,765,2025-03-14 12:00:00
2025-03-14,13:00:00,31.35,31.35,37.29,37.29,165.88,165.88,1705.56,1705.56,10.97,10.97,29.81,760.27,2025-03-14 13:00:00
2025-03-14,14:00:00,26.64,26.64,31.08,31.08,148.2,148.2,2293.75,2293.75,10.28,10.28,22.89,583.67,2025-03-14 14:00:00
2025-03-14,15:00:00,37.7,37.7,39.73,39.73,154.26,154.26,1715.61,1715.61,10.23,10.23,17.28,440.61,2025-03-14 15:00:00
2025-03-14,16:00:00,38.93,38.93,29.23,29.23,156.04,156.04,1738.4,1738.4,10.09,10.09,12.75,325.14,2025-03-14 16:00:00
2025-03-14,17:00:00,43.38,43.38,39.29,39.29,142.52,142.52,2734.58,2734.58,10.01,10.01,4.32,110.22,2025-03-14 17:00:00
2025-03-14,18:00:00,53.71,53.71,27.67,27.67,150.79,150.79,2010.66,2010.66,10.22,10.22,4.6,117.29,2025-03-14 18:00:00
2025-03-14,19:00:00,36.91,36.91,29.91,29.91,155.5,155.5,1543.28,1543.28,10.88,10.88,7.57,192.99,2025-03-14 19:00:00
2025-03-14,20:00:00,21.29,21.29,40.52,40.52,162.06,162.06,1210.62,1210.62,10.94,10.94,9.34,238.24,2025-03-14 20:00:00
2025-03-14,21:00:00,22.23,22.23,26.43,26.43,154.72,154.72,1265.94,1265.94,10.65,10.65,14.57,371.49,2025-03-14 21:00:00
2025-03-14,22:00:00,20.16,20.16,37.06,37.06,167.73,167.73,1078.38,1078.38,10.9,10.9,26.85,684.67,2025-03-14 22:00:00
2025-03-14,23:00:00,20.02,20.02,32.22,32.22,179.86,179.86,962.7,962.7,11,11,29.99,764.66,2025-03-14 23:00:00
2025-03-15,0:00:00,21.76,21.76,35.98,35.98,176.94,176.94,1014.56,1014.56,10.98,10.98,30,765,2025-03-15 0:00:00
2025-03-15,1:00:00,20.54,20.54,40.83,40.83,178.98,178.98,1086.64,1086.64,11,11,27.27,695.51,2025-03-15 1:00:00
2025-03-15,2:00:00,18.74,18.74,41.17,41.17,152.56,152.56,1397.52,1397.52,10.94,10.94,21.56,549.83,2025-03-15 2:00:00
2025-03-15,3:00:00,19.66,19.66,39.95,39.95,158.07,158.07,1409.35,1409.35,10.81,10.81,14.25,363.35,2025-03-15 3:00:00
2025-03-15,4:00:00,20.97,20.97,38.54,38.54,161.11,161.11,1185.96,1185.96,10.95,10.95,5.46,139.21,2025-03-15 4:00:00
2025-03-15,5:00:00,38.04,38.04,39.13,39.13,164.62,164.62,1268.42,1268.42,10.83,10.83,4.02,102.43,2025-03-15 5:00:00
2025-03-15,6:00:00,62.98,62.98,40.98,40.98,180.98,180.98,1084.63,1084.63,11,11,5.13,130.69,2025-03-15 6:00:00
2025-03-15,7:00:00,97.36,97.36,25.14,25.14,194.93,194.93,988.8,988.8,10.14,10.14,15.93,406.12,2025-03-15 7:00:00
2025-03-15,8:00:00,65.81,65.81,41.42,41.42,188.13,188.13,952,952,11,11,13.92,355.02,2025-03-15 8:00:00
2025-03-15,9:00:00,38.15,38.15,37.38,37.38,175.84,175.84,1037.89,1037.89,10.66,10.66,4.2,107.16,2025-03-15 9:00:00
2025-03-15,10:00:00,63.63,63.63,40.97,40.97,169.76,169.76,1199.56,1199.56,10.82,10.82,4,102,2025-03-15 10:00:00
2025-03-15,11:00:00,18.9,18.9,34.26,34.26,162.24,162.24,1253.43,1253.43,10.33,10.33,4,102,2025-03-15 11:00:00
2025-03-15,12:00:00,21.97,21.97,38.39,38.39,154.55,154.55,1347.07,1347.07,10.76,10.76,4.01,102.17,2025-03-15 12:00:00
2025-03-15,13:00:00,27.59,27.59,37.23,37.23,167.87,167.87,1208.98,1208.98,10.49,10.49,4.3,109.54,2025-03-15 13:00:00
2025-03-15,14:00:00,34.29,34.29,39.37,39.37,186.39,186.39,1107.23,1107.23,10.31,10.31,5.75,146.69,2025-03-15 14:00:00
2025-03-15,15:00:00,22.13,22.13,40.58,40.58,177.59,177.59,1122.09,1122.09,10.94,10.94,4.1,104.43,2025-03-15 15:00:00
2025-03-15,16:00:00,15.88,15.88,34.19,34.19,156.38,156.38,1702.24,1702.24,10.59,10.59,4.01,102.19,2025-03-15 16:00:00
2025-03-15,17:00:00,20.25,20.25,33.45,33.45,156.84,156.84,1469.12,1469.12,10.46,10.46,9.24,235.73,2025-03-15 17:00:00
2025-03-15,18:00:00,17.28,17.28,39.1,39.1,144.81,144.81,1646.95,1646.95,10.72,10.72,28.6,729.38,2025-03-15 18:00:00
2025-03-15,19:00:00,13.19,13.19,37.86,37.86,152.67,152.67,1332.21,1332.21,10.62,10.62,30,765,2025-03-15 19:00:00
2025-03-15,20:00:00,13.23,13.23,39.63,39.63,159.38,159.38,1428.94,1428.94,10.92,10.92,30,765,2025-03-15 20:00:00
2025-03-15,21:00:00,11.78,11.78,36.59,36.59,162.14,162.14,1365.7,1365.7,10.84,10.84,30,765,2025-03-15 21:00:00
2025-03-15,22:00:00,11.44,11.44,34.42,34.42,140.87,140.87,1901.06,1901.06,10.73,10.73,30,765,2025-03-15 22:00:00
2025-03-15,23:00:00,18.14,18.14,39.53,39.53,151.14,151.14,1952.53,1952.53,10.55,10.55,29.49,752.02,2025-03-15 23:00:00
2025-03-16,0:00:00,18.75,18.75,34.64,34.64,151.1,151.1,1564.82,1564.82,10.11,10.11,24.87,634.21,2025-03-16 0:00:00
2025-03-16,1:00:00,18.67,18.67,39.98,39.98,157.92,157.92,1375.14,1375.14,10.83,10.83,18.3,466.69,2025-03-16 1:00:00
2025-03-16,2:00:00,20.99,20.99,40.3,40.3,178.12,178.12,1035.2,1035.2,11,11,4.66,118.85,2025-03-16 2:00:00
2025-03-16,3:00:00,21,21,40.17,40.17,163.1,163.1,1328.2,1328.2,10.99,10.99,3.96,101.1,2025-03-16 3:00:00
2025-03-16,4:00:00,18.99,18.99,39.83,39.83,164.74,164.74,1226.43,1226.43,10.84,10.84,3.9,99.38,2025-03-16 4:00:00
2025-03-16,5:00:00,14.23,14.23,40.25,40.25,177.15,177.15,1071.26,1071.26,11,11,3.93,100.1,2025-03-16 5:00:00
2025-03-16,6:00:00,12.38,12.38,40.15,40.15,163.54,163.54,1316.42,1316.42,10.9,10.9,3.94,100.44,2025-03-16 6:00:00
2025-03-16,7:00:00,14.14,14.14,39.95,39.95,150.63,150.63,1641.29,1641.29,10.71,10.71,3.94,100.52,2025-03-16 7:00:00
2025-03-16,8:00:00,42.06,42.06,40.81,40.81,160.11,160.11,1394.19,1394.19,10.96,10.96,3.98,101.48,2025-03-16 8:00:00
2025-03-16,9:00:00,46.55,46.55,33.87,33.87,163.9,163.9,1380.54,1380.54,9.99,9.99,3.99,101.85,2025-03-16 9:00:00
2025-03-16,10:00:00,66.19,66.19,25.94,25.94,179.52,179.52,1296.54,1296.54,8.88,8.88,3.99,101.85,2025-03-16 10:00:00
2025-03-16,11:00:00,46.59,46.59,30.37,30.37,215.91,215.91,881.89,881.89,10.46,10.46,3.99,101.75,2025-03-16 11:00:00
2025-03-16,12:00:00,24.89,24.89,44.55,44.55,257.57,257.57,680.14,680.14,11.56,11.56,4,101.98,2025-03-16 12:00:00
2025-03-16,13:00:00,15.91,15.91,46.56,46.56,244.06,244.06,651.94,651.94,12.24,12.24,4,102,2025-03-16 13:00:00
2025-03-16,14:00:00,55.61,55.61,41.68,41.68,180.99,180.99,1055.1,1055.1,11.07,11.07,4,102,2025-03-16 14:00:00
2025-03-16,15:00:00,47.59,47.59,40.64,40.64,172.78,172.78,1286.5,1286.5,10.8,10.8,4,102.02,2025-03-16 15:00:00
2025-03-16,16:00:00,33.78,33.78,21.78,21.78,161.05,161.05,1516.56,1516.56,10,10,4,102.1,2025-03-16 16:00:00
2025-03-16,17:00:00,34.24,34.24,36.92,36.92,159.99,159.99,1800.74,1800.74,10,10,4.49,114.56,2025-03-16 17:00:00
2025-03-16,18:00:00,57.28,57.28,23.85,23.85,165.06,165.06,1694.07,1694.07,10.06,10.06,11.97,305.21,2025-03-16 18:00:00
2025-03-16,19:00:00,24.39,24.39,38.09,38.09,167.03,167.03,1455.92,1455.92,10,10,14.79,377.14,2025-03-16 19:00:00
2025-03-16,20:00:00,17.99,17.99,24.74,24.74,154.57,154.57,1989.5,1989.5,10.09,10.09,21.93,559.11,2025-03-16 20:00:00
2025-03-16,21:00:00,17.35,17.35,28.48,28.48,171.52,171.52,1243.46,1243.46,10.08,10.08,28.83,735.17,2025-03-16 21:00:00
2025-03-16,22:00:00,10.81,10.81,31.32,31.32,174.37,174.37,1272.85,1272.85,10.68,10.68,30,765,2025-03-16 22:00:00
2025-03-16,23:00:00,42.4,42.4,16.64,16.64,186.01,186.01,1292.86,1292.86,8.91,8.91,29.96,764.09,2025-03-16 23:00:00
2025-03-17,0:00:00,64.13,64.13,17.67,17.67,181.84,181.84,1884.22,1884.22,8,8,30,765,2025-03-17 0:00:00
2025-03-17,1:00:00,72.06,72.06,5.33,5.33,180.77,180.77,1793.72,1793.72,8.01,8.01,29.11,742.26,2025-03-17 1:00:00
2025-03-17,2:00:00,52.78,52.78,28.29,28.29,188.3,188.3,1208.67,1208.67,9.53,9.53,15.54,396.3,2025-03-17 2:00:00
2025-03-17,3:00:00,19.89,19.89,35.82,35.82,172.31,172.31,1109.38,1109.38,10.96,10.96,7.63,194.54,2025-03-17 3:00:00
2025-03-17,4:00:00,20.52,20.52,35.62,35.62,166.87,166.87,1471.87,1471.87,10.09,10.09,6.17,157.41,2025-03-17 4:00:00
2025-03-17,5:00:00,24.29,24.29,28.71,28.71,169.5,169.5,1516.6,1516.6,10.19,10.19,4,102,2025-03-17 5:00:00
2025-03-17,6:00:00,56.22,56.22,33.3,33.3,190.78,190.78,1269.85,1269.85,9.16,9.16,10.49,267.39,2025-03-17 6:00:00
2025-03-17,7:00:00,68.5,68.5,3,3,177.67,177.67,1366.56,1366.56,8.17,8.17,5.3,135.1,2025-03-17 7:00:00
2025-03-17,8:00:00,56.24,56.24,26.21,26.21,188.99,188.99,1195.13,1195.13,8.36,8.36,3.99,101.84,2025-03-17 8:00:00
2025-03-17,9:00:00,52.13,52.13,3.89,3.89,211.4,211.4,987.13,987.13,8.83,8.83,4,102.03,2025-03-17 9:00:00
2025-03-17,10:00:00,84.27,84.27,26.95,26.95,196.62,196.62,1509.02,1509.02,9.74,9.74,3.89,99.2,2025-03-17 10:00:00
2025-03-17,11:00:00,97.17,97.17,18.13,18.13,251.99,251.99,711.84,711.84,9.11,9.11,3.7,94.3,2025-03-17 11:00:00
2025-03-17,12:00:00,78.97,78.97,25.89,25.89,230.33,230.33,967.61,967.61,8.96,8.96,3.98,101.39,2025-03-17 12:00:00
2025-03-17,13:00:00,28.84,28.84,10.75,10.75,211.83,211.83,972.52,972.52,9.02,9.02,4,101.94,2025-03-17 13:00:00
2025-03-17,14:00:00,37.88,37.88,20.26,20.26,208.99,208.99,1104.82,1104.82,8.91,8.91,4,102,2025-03-17 14:00:00
2025-03-17,15:00:00,43.87,43.87,16.62,16.62,192.94,192.94,1430.44,1430.44,8.6,8.6,4.65,118.63,2025-03-17 15:00:00
2025-03-17,16:00:00,40.51,40.51,9.71,9.71,204.84,204.84,1360.58,1360.58,8.3,8.3,16.35,416.87,2025-03-17 16:00:00
2025-03-17,17:00:00,58.66,58.66,25.35,25.35,187.42,187.42,1657.65,1657.65,8.63,8.63,19.63,500.45,2025-03-17 17:00:00
2025-03-17,18:00:00,57.73,57.73,3,3,210.39,210.39,1376.52,1376.52,8.66,8.66,21.86,557.34,2025-03-17 18:00:00
2025-03-17,19:00:00,82.19,82.19,24.39,24.39,219.4,219.4,1176.41,1176.41,9.11,9.11,22.87,583.28,2025-03-17 19:00:00
2025-03-17,20:00:00,42.11,42.11,39.55,39.55,190.55,190.55,1350.02,1350.02,10.92,10.92,16.47,420.02,2025-03-17 20:00:00
2025-03-17,21:00:00,31.52,31.52,23.95,23.95,177.94,177.94,1602.33,1602.33,10.43,10.43,19.43,495.49,2025-03-17 21:00:00
2025-03-17,22:00:00,21.88,21.88,37.02,37.02,185.02,185.02,1321.52,1321.52,11,11,21.71,553.5,2025-03-17 22:00:00
2025-03-17,23:00:00,18.39,18.39,22.71,22.71,183.01,183.01,1703.1,1703.1,10.91,10.91,19.25,490.94,2025-03-17 23:00:00
2025-03-18,0:00:00,16.93,16.93,40.28,40.28,203.18,203.18,1915.37,1915.37,10.98,10.98,17.03,434.22,2025-03-18 0:00:00
2025-03-18,1:00:00,17.55,17.55,22.29,22.29,196.79,196.79,1898.79,1898.79,10.74,10.74,18.11,461.79,2025-03-18 1:00:00
2025-03-18,2:00:00,16.99,16.99,41.31,41.31,200.96,200.96,1157.5,1157.5,11,11,20.81,530.55,2025-03-18 2:00:00
2025-03-18,3:00:00,16.64,16.64,31.86,31.86,195.95,195.95,1064.91,1064.91,11,11,23.27,593.47,2025-03-18 3:00:00
2025-03-18,4:00:00,29.27,29.27,38.91,38.91,200.52,200.52,1265.59,1265.59,10.25,10.25,22.41,571.43,2025-03-18 4:00:00
2025-03-18,5:00:00,51.77,51.77,13.19,13.19,193.91,193.91,1813.03,1813.03,8.4,8.4,19.77,504.17,2025-03-18 5:00:00
2025-03-18,6:00:00,58.56,58.56,15.67,15.67,215.26,215.26,1363.47,1363.47,8.8,8.8,16.03,408.87,2025-03-18 6:00:00
2025-03-18,7:00:00,58.27,58.27,12.08,12.08,225.59,225.59,1073.41,1073.41,9,9,8.21,209.29,2025-03-18 7:00:00
2025-03-18,8:00:00,58.11,58.11,15.92,15.92,224.39,224.39,1163.06,1163.06,9,9,4,101.95,2025-03-18 8:00:00
2025-03-18,9:00:00,59.53,59.53,15.46,15.46,213.14,213.14,1176.89,1176.89,9,9,4,102,2025-03-18 9:00:00
2025-03-18,10:00:00,55.98,55.98,17.92,17.92,220.1,220.1,1185.82,1185.82,9,9,4,102.03,2025-03-18 10:00:00
2025-03-18,11:00:00,53.29,53.29,12.26,12.26,237.2,237.2,977.61,977.61,9,9,4,102.02,2025-03-18 11:00:00
2025-03-18,12:00:00,63.76,63.76,26.74,26.74,246.61,246.61,905.59,905.59,9.05,9.05,4.01,102.2,2025-03-18 12:00:00
2025-03-18,13:00:00,58.1,58.1,24.42,24.42,203.25,203.25,1017.27,1017.27,10.19,10.19,4,101.98,2025-03-18 13:00:00
2025-03-18,14:00:00,13.27,13.27,31.33,31.33,178.6,178.6,1403.61,1403.61,10.78,10.78,4,102.05,2025-03-18 14:00:00
2025-03-18,15:00:00,24.9,24.9,33.69,33.69,190.13,190.13,1222.25,1222.25,11,11,4,102.05,2025-03-18 15:00:00
2025-03-18,16:00:00,19.28,19.28,25.81,25.81,205.02,205.02,1212.55,1212.55,11,11,4.02,102.54,2025-03-18 16:00:00
2025-03-18,17:00:00,20.79,20.79,40.45,40.45,216.34,216.34,1187.18,1187.18,11,11,4.02,102.6,2025-03-18 17:00:00
2025-03-18,18:00:00,18.08,18.08,17.08,17.08,201.53,201.53,1338.86,1338.86,11,11,4.98,127.01,2025-03-18 18:00:00
2025-03-18,19:00:00,15.19,15.19,40.36,40.36,199.81,199.81,1330.58,1330.58,11,11,12.05,307.32,2025-03-18 19:00:00
2025-03-18,20:00:00,16.02,16.02,19.73,19.73,197.79,197.79,1229.78,1229.78,11,11,12.94,329.97,2025-03-18 20:00:00
2025-03-18,21:00:00,19.31,19.31,36.09,36.09,218.82,218.82,1004.27,1004.27,11,11,12.54,319.69,2025-03-18 21:00:00
2025-03-18,22:00:00,39.57,39.57,24.8,24.8,234.23,234.23,1066.69,1066.69,9.6,9.6,14.81,377.62,2025-03-18 22:00:00
2025-03-18,23:00:00,59.92,59.92,9.05,9.05,242.9,242.9,1167.3,1167.3,9,9,11.49,292.98,2025-03-18 23:00:00
2025-03-19,0:00:00,43.29,43.29,20.35,20.35,240.86,240.86,1184.33,1184.33,9.04,9.04,4,102,2025-03-19 0:00:00
2025-03-19,1:00:00,37.61,37.61,17.1,17.1,254.43,254.43,999.74,999.74,9.05,9.05,4.01,102.2,2025-03-19 1:00:00
2025-03-19,2:00:00,46.19,46.19,17.63,17.63,260.82,260.82,882.12,882.12,9.71,9.71,4.01,102.28,2025-03-19 2:00:00
2025-03-19,3:00:00,17.22,17.22,36.29,36.29,243.76,243.76,869.92,869.92,11.5,11.5,7.1,181.03,2025-03-19 3:00:00
2025-03-19,4:00:00,13.23,13.23,12.82,12.82,224.99,224.99,1015.79,1015.79,11,11,14.27,363.84,2025-03-19 4:00:00
2025-03-19,5:00:00,11.92,11.92,32.02,32.02,225.11,225.11,1021.34,1021.34,11,11,16.47,419.93,2025-03-19 5:00:00
2025-03-19,6:00:00,13.19,13.19,12.3,12.3,222.75,222.75,1008.41,1008.41,11,11,18.84,480.32,2025-03-19 6:00:00
2025-03-19,7:00:00,13.85,13.85,40.19,40.19,225.34,225.34,1001.74,1001.74,11,11,12.37,315.4,2025-03-19 7:00:00
2025-03-19,8:00:00,26.51,26.51,10.72,10.72,205.14,205.14,1416.18,1416.18,10.4,10.4,4,101.9,2025-03-19 8:00:00
2025-03-19,9:00:00,54.36,54.36,20.05,20.05,255.64,255.64,1228.15,1228.15,8.58,8.58,4,101.93,2025-03-19 9:00:00
2025-03-19,10:00:00,61.84,61.84,3,3,280.08,280.08,969.72,969.72,8.81,8.81,4,102,2025-03-19 10:00:00
2025-03-19,11:00:00,49.38,49.38,35.99,35.99,273.42,273.42,903.12,903.12,9.87,9.87,4.01,102.17,2025-03-19 11:00:00
2025-03-19,12:00:00,9.45,9.45,13.72,13.72,221.84,221.84,1371.08,1371.08,11.05,11.05,4.02,102.61,2025-03-19 12:00:00
2025-03-19,13:00:00,18.47,18.47,36.21,36.21,209.72,209.72,1483.56,1483.56,11,11,9.22,235.12,2025-03-19 13:00:00
2025-03-19,14:00:00,56.53,56.53,5.78,5.78,244.24,244.24,921.77,921.77,9.56,9.56,26.4,673.26,2025-03-19 14:00:00
2025-03-19,15:00:00,29.73,29.73,25.68,25.68,255.81,255.81,821.5,821.5,10.62,10.62,30,765,2025-03-19 15:00:00
2025-03-19,16:00:00,10.99,10.99,25.62,25.62,236.78,236.78,858.33,858.33,11,11,30,765,2025-03-19 16:00:00
2025-03-19,17:00:00,9.63,9.63,18.53,18.53,238.08,238.08,916.45,916.45,11,11,30,765,2025-03-19 17:00:00
2025-03-19,18:00:00,8.53,8.53,28.92,28.92,238.97,238.97,907.24,907.24,11.04,11.04,30,765,2025-03-19 18:00:00
2025-03-19,19:00:00,8.5,8.5,11.18,11.18,233.36,233.36,1048.94,1048.94,11,11,28.64,730.22,2025-03-19 19:00:00
2025-03-19,20:00:00,9.65,9.65,22.04,22.04,246.59,246.59,1044.54,1044.54,11.03,11.03,23.77,606.12,2025-03-19 20:00:00
2025-03-19,21:00:00,9.42,9.42,8.72,8.72,238.34,238.34,1084.54,1084.54,11,11,18.98,483.89,2025-03-19 21:00:00
2025-03-19,22:00:00,9.28,9.28,16.12,16.12,237.48,237.48,1111.24,1111.24,11,11,13.88,354,2025-03-19 22:00:00
2025-03-19,23:00:00,9.57,9.57,13.76,13.76,234.83,234.83,1068.36,1068.36,11,11,10.09,257.25,2025-03-19 23:00:00
2025-03-20,0:00:00,11.29,11.29,13.49,13.49,240.89,240.89,1176.61,1176.61,11.03,11.03,6.83,174.24,2025-03-20 0:00:00
2025-03-20,1:00:00,11.34,11.34,24.05,24.05,228.23,228.23,1252.58,1252.58,11,11,9.47,241.39,2025-03-20 1:00:00
2025-03-20,2:00:00,11.6,11.6,23.55,23.55,233.51,233.51,1155.64,1155.64,11.02,11.02,4.43,113.09,2025-03-20 2:00:00
2025-03-20,3:00:00,11.42,11.42,41.57,41.57,247.42,247.42,934.41,934.41,11,11,11.27,287.3,2025-03-20 3:00:00
2025-03-20,4:00:00,10.48,10.48,12.69,12.69,231.62,231.62,1073.69,1073.69,11,11,14.93,380.72,2025-03-20 4:00:00
2025-03-20,5:00:00,9.7,9.7,21.31,21.31,239.66,239.66,904.58,904.58,11,11,9.61,245.13,2025-03-20 5:00:00
2025-03-20,6:00:00,9.65,9.65,29.86,29.86,251.09,251.09,851.08,851.08,11.03,11.03,5.04,128.56,2025-03-20 6:00:00
2025-03-20,7:00:00,31.17,31.17,34.02,34.02,241.73,241.73,1045.79,1045.79,10.98,10.98,8.8,224.36,2025-03-20 7:00:00
2025-03-20,8:00:00,31.63,31.63,4.44,4.44,251.8,251.8,945.75,945.75,11,11,4,101.9,2025-03-20 8:00:00
2025-03-20,9:00:00,13.77,13.77,11.95,11.95,234.06,234.06,1169.45,1169.45,11,11,4,101.97,2025-03-20 9:00:00
2025-03-20,10:00:00,10.8,10.8,14.62,14.62,225.2,225.2,1212.83,1212.83,11,11,4,102,2025-03-20 10:00:00
2025-03-20,11:00:00,10.19,10.19,17.02,17.02,220.98,220.98,1329.2,1329.2,10.99,10.99,4,102,2025-03-20 11:00:00
2025-03-20,12:00:00,10.38,10.38,12.06,12.06,213.2,213.2,1301.55,1301.55,11,11,4,102.04,2025-03-20 12:00:00
2025-03-20,13:00:00,11.02,11.02,30.52,30.52,223.97,223.97,1166.64,1166.64,10.96,10.96,4,102.07,2025-03-20 13:00:00
2025-03-20,14:00:00,9.85,9.85,4.22,4.22,219.75,219.75,1238.15,1238.15,11,11,4,102.01,2025-03-20 14:00:00
2025-03-20,15:00:00,10.37,10.37,29.36,29.36,218.04,218.04,1408.55,1408.55,11,11,4,102.07,2025-03-20 15:00:00
2025-03-20,16:00:00,14.82,14.82,15.29,15.29,210.88,210.88,1511.49,1511.49,10.9,10.9,5.97,152.31,2025-03-20 16:00:00
2025-03-20,17:00:00,15.53,15.53,18.9,18.9,227.16,227.16,1116.21,1116.21,10.62,10.62,14.12,360,2025-03-20 17:00:00
2025-03-20,18:00:00,17.86,17.86,24.51,24.51,239.08,239.08,1003.69,1003.69,10.98,10.98,20.64,526.2,2025-03-20 18:00:00
2025-03-20,19:00:00,18.78,18.78,21.73,21.73,227.84,227.84,1104.29,1104.29,10.81,10.81,23.83,607.57,2025-03-20 19:00:00
2025-03-20,20:00:00,19.21,19.21,3.07,3.07,224.26,224.26,1147.38,1147.38,10.98,10.98,22.3,568.67,2025-03-20 20:00:00
2025-03-20,21:00:00,25.45,25.45,26.48,26.48,222.69,222.69,1189.79,1189.79,10.89,10.89,22.73,579.59,2025-03-20 21:00:00
2025-03-20,22:00:00,35.93,35.93,13.69,13.69,224.61,224.61,1225.78,1225.78,10.91,10.91,25.12,640.63,2025-03-20 22:00:00
2025-03-20,23:00:00,29.14,29.14,15.53,15.53,220.28,220.28,1210,1210,10.86,10.86,26.54,676.74,2025-03-20 23:00:00
2025-03-21,0:00:00,36.37,36.37,23.23,23.23,208.43,208.43,1680.5,1680.5,10.85,10.85,24.78,631.77,2025-03-21 0:00:00
2025-03-21,1:00:00,33.36,33.36,6.04,6.04,178.42,178.42,1344.23,1344.23,10.98,10.98,19.51,497.45,2025-03-21 1:00:00
2025-03-21,2:00:00,27.7,27.7,26.99,26.99,178.57,178.57,1363.95,1363.95,10.64,10.64,16.93,431.71,2025-03-21 2:00:00
2025-03-21,3:00:00,28.88,28.88,3.01,3.01,161.84,161.84,1384.65,1384.65,10.81,10.81,18.06,460.55,2025-03-21 3:00:00
2025-03-21,4:00:00,30.9,30.9,24.87,24.87,143.2,143.2,1529.31,1529.31,11,11,18.43,469.99,2025-03-21 4:00:00
2025-03-21,5:00:00,22.96,22.96,3,3,158.87,158.87,1201.35,1201.35,11,11,16.72,426.26,2025-03-21 5:00:00
2025-03-21,6:00:00,24,24,26.85,26.85,172.26,172.26,1022.39,1022.39,11,11,17.21,438.9,2025-03-21 6:00:00
2025-03-21,7:00:00,22.9,22.9,3,3,167.58,167.58,1033.17,1033.17,11,11,13.01,331.86,2025-03-21 7:00:00
2025-03-21,8:00:00,32.86,32.86,24.08,24.08,158.86,158.86,1331.92,1331.92,10.47,10.47,4.08,104.15,2025-03-21 8:00:00
2025-03-21,9:00:00,56.49,56.49,13.73,13.73,145.92,145.92,1444.23,1444.23,10.61,10.61,4,102.02,2025-03-21 9:00:00
2025-03-21,10:00:00,37.59,37.59,18.48,18.48,150.88,150.88,1425.87,1425.87,10.22,10.22,4.01,102.26,2025-03-21 10:00:00
2025-03-21,11:00:00,16.89,16.89,5.4,5.4,179.46,179.46,1351.65,1351.65,8.42,8.42,4,102.07,2025-03-21 11:00:00
2025-03-21,12:00:00,23.79,23.79,3,3,180.76,180.76,1169.1,1169.1,8.07,8.07,4,102.07,2025-03-21 12:00:00
2025-03-21,13:00:00,24.15,24.15,8.81,8.81,183.86,183.86,1138.53,1138.53,8.24,8.24,4.01,102.15,2025-03-21 13:00:00
2025-03-21,14:00:00,24.3,24.3,6.23,6.23,162.09,162.09,1206.92,1206.92,10.64,10.64,4.02,102.47,2025-03-21 14:00:00
2025-03-21,15:00:00,9.66,9.66,41.21,41.21,158.53,158.53,1247.79,1247.79,11,11,4.02,102.47,2025-03-21 15:00:00
2025-03-21,16:00:00,10.32,10.32,11.4,11.4,156.52,156.52,1031.51,1031.51,11,11,4.01,102.24,2025-03-21 16:00:00
2025-03-21,17:00:00,9.92,9.92,35.58,35.58,161.31,161.31,1220.93,1220.93,10.96,10.96,4.01,102.25,2025-03-21 17:00:00
2025-03-21,18:00:00,34.01,34.01,13.7,13.7,170.02,170.02,1088.29,1088.29,10.4,10.4,4.22,107.67,2025-03-21 18:00:00
2025-03-21,19:00:00,27.48,27.48,5.49,5.49,198.3,198.3,1161.07,1161.07,8.99,8.99,11.53,294.12,2025-03-21 19:00:00
2025-03-21,20:00:00,47.12,47.12,16.24,16.24,191.07,191.07,1076.79,1076.79,9.48,9.48,6.95,177.3,2025-03-21 20:00:00
2025-03-21,21:00:00,24.81,24.81,17.95,17.95,162.84,162.84,1756.62,1756.62,11,11,10.4,265.29,2025-03-21 21:00:00
2025-03-21,22:00:00,23.57,23.57,28.92,28.92,171.2,171.2,1368.38,1368.38,11.06,11.06,5.36,136.63,2025-03-21 22:00:00
2025-03-21,23:00:00,19.65,19.65,6.03,6.03,167.95,167.95,1255.58,1255.58,9.59,9.59,9.7,247.47,2025-03-21 23:00:00
2025-03-22,0:00:00,44.88,44.88,27.42,27.42,175.2,175.2,995.64,995.64,10.15,10.15,12.62,321.68,2025-03-22 0:00:00
2025-03-22,1:00:00,26.12,26.12,13.03,13.03,158.28,158.28,1089.25,1089.25,11.01,11.01,16.81,428.61,2025-03-22 1:00:00
2025-03-22,2:00:00,49.52,49.52,20.15,20.15,169.36,169.36,1028.6,1028.6,11,11,17.79,453.67,2025-03-22 2:00:00
2025-03-22,3:00:00,43.1,43.1,24.29,24.29,167.09,167.09,1072.94,1072.94,11,11,14.7,374.74,2025-03-22 3:00:00
2025-03-22,4:00:00,23.95,23.95,6.11,6.11,191.99,191.99,903.23,903.23,9.64,9.64,17.02,434.04,2025-03-22 4:00:00
2025-03-22,5:00:00,20.02,20.02,29.91,29.91,217.34,217.34,662.76,662.76,10.6,10.6,12.35,314.96,2025-03-22 5:00:00
2025-03-22,6:00:00,19.62,19.62,17.45,17.45,224.91,224.91,676.98,676.98,11,11,4.68,119.36,2025-03-22 6:00:00
2025-03-22,7:00:00,18.53,18.53,20.97,20.97,236.01,236.01,666.27,666.27,10.34,10.34,4,101.88,2025-03-22 7:00:00
2025-03-22,8:00:00,17.99,17.99,22.65,22.65,238.32,238.32,651.22,651.22,9.98,9.98,3.99,101.75,2025-03-22 8:00:00
2025-03-22,9:00:00,12.67,12.67,6.28,6.28,220.99,220.99,703.38,703.38,9.07,9.07,4,101.95,2025-03-22 9:00:00
2025-03-22,10:00:00,9.7,9.7,19.96,19.96,198.18,198.18,782.4,782.4,9,9,4,101.97,2025-03-22 10:00:00
2025-03-22,11:00:00,7.89,7.89,3.15,3.15,187.27,187.27,842.96,842.96,9,9,4,101.92,2025-03-22 11:00:00
2025-03-22,12:00:00,6.95,6.95,22.75,22.75,194.38,194.38,794.1,794.1,9.25,9.25,4,102.01,2025-03-22 12:00:00
2025-03-22,13:00:00,15.75,15.75,14.7,14.7,185.97,185.97,744.48,744.48,10.84,10.84,4.08,104.11,2025-03-22 13:00:00
2025-03-22,14:00:00,8.95,8.95,29.6,29.6,145.66,145.66,937.74,937.74,11.79,11.79,19.85,506.14,2025-03-22 14:00:00
2025-03-22,15:00:00,12.57,12.57,19.79,19.79,157.48,157.48,1144.17,1144.17,11.12,11.12,29.96,763.98,2025-03-22 15:00:00
2025-03-22,16:00:00,30.47,30.47,13.86,13.86,163,163,1249.11,1249.11,11,11,30,765,2025-03-22 16:00:00
2025-03-22,17:00:00,41.78,41.78,28.42,28.42,163.84,163.84,1293.38,1293.38,11.02,11.02,29.74,758.49,2025-03-22 17:00:00
2025-03-22,18:00:00,26.62,26.62,3.11,3.11,167.55,167.55,1057.8,1057.8,11,11,25.72,655.93,2025-03-22 18:00:00
2025-03-22,19:00:00,29.12,29.12,26.56,26.56,179.73,179.73,1046.48,1046.48,11,11,25.07,639.29,2025-03-22 19:00:00
2025-03-22,20:00:00,28.05,28.05,3,3,178.53,178.53,1121.4,1121.4,11,11,27.42,699.11,2025-03-22 20:00:00
2025-03-22,21:00:00,25.25,25.25,24.76,24.76,176,176,1428.68,1428.68,11,11,27.72,706.91,2025-03-22 21:00:00
2025-03-22,22:00:00,26.31,26.31,4.49,4.49,172.69,172.69,1568.38,1568.38,11.01,11.01,26.22,668.56,2025-03-22 22:00:00
2025-03-22,23:00:00,26.19,26.19,24.26,24.26,180.41,180.41,1358.89,1358.89,11,11,22.74,579.96,2025-03-22 23:00:00
2025-03-23,0:00:00,21.53,21.53,4.24,4.24,173.25,173.25,1620.55,1620.55,11,11,17.96,457.99,2025-03-23 0:00:00
2025-03-23,1:00:00,17.39,17.39,22.91,22.91,172.2,172.2,1700.87,1700.87,11.01,11.01,12.13,309.4,2025-03-23 1:00:00
2025-03-23,2:00:00,15.76,15.76,3.48,3.48,168.83,168.83,1445.85,1445.85,11,11,4.02,102.43,2025-03-23 2:00:00
2025-03-23,3:00:00,15.49,15.49,23.47,23.47,157.68,157.68,1649.01,1649.01,10.65,10.65,4.49,114.5,2025-03-23 3:00:00
2025-03-23,4:00:00,14.68,14.68,3,3,170.63,170.63,1540.03,1540.03,10.21,10.21,4.03,102.87,2025-03-23 4:00:00
2025-03-23,5:00:00,34.6,34.6,13.62,13.62,247.42,247.42,727.98,727.98,9.83,9.83,3.95,100.81,2025-03-23 5:00:00
2025-03-23,6:00:00,40.25,40.25,3,3,297.07,297.07,603.88,603.88,9.51,9.51,3.95,100.63,2025-03-23 6:00:00
2025-03-23,7:00:00,43.65,43.65,21.29,21.29,278.65,278.65,630.38,630.38,9.38,9.38,3.94,100.42,2025-03-23 7:00:00
2025-03-23,8:00:00,17.92,17.92,5.64,5.64,270.19,270.19,626.72,626.72,9.84,9.84,3.97,101.19,2025-03-23 8:00:00
2025-03-23,9:00:00,7.77,7.77,19.23,19.23,267.95,267.95,625.62,625.62,9.93,9.93,3.98,101.46,2025-03-23 9:00:00
2025-03-23,10:00:00,7.37,7.37,14.74,14.74,260.82,260.82,626.06,626.06,9.49,9.49,3.94,100.54,2025-03-23 10:00:00
2025-03-23,11:00:00,6.21,6.21,6.3,6.3,259.85,259.85,638.26,638.26,9.4,9.4,3.96,100.89,2025-03-23 11:00:00
2025-03-23,12:00:00,5.88,5.87,18.74,18.74,245.73,245.43,625.36,624.65,9.73,9.72,3.97,101.11,2025-03-23 12:00:00
2025-03-23,13:00:00,5.9,5.9,3,3,247.56,247.56,624.92,624.92,10,10,3.96,100.96,2025-03-23 13:00:00
2025-03-23,14:00:00,5.93,5.93,22.1,22.1,257.99,257.99,618.59,618.59,10,10,5.29,135.01,2025-03-23 14:00:00
2025-03-23,15:00:00,6.19,6.19,9.11,9.11,270.79,270.79,624.78,624.78,10,10,11.85,302.09,2025-03-23 15:00:00
2025-03-23,16:00:00,6.31,6.31,17.12,17.12,278.54,278.54,612.39,612.39,10,10,17.9,456.34,2025-03-23 16:00:00
2025-03-23,17:00:00,6.69,6.69,18.8,18.8,278.42,278.42,600,600,10,10,19.6,499.73,2025-03-23 17:00:00
2025-03-23,18:00:00,6.62,6.62,6.46,6.46,273.58,273.58,603.81,603.81,10,10,19.26,491.25,2025-03-23 18:00:00
2025-03-23,19:00:00,12.93,12.93,3.02,3.02,279.54,279.54,630.84,630.84,10.33,10.33,16.84,429.35,2025-03-23 19:00:00
2025-03-23,20:00:00,12.39,12.39,40.6,40.6,267.36,267.36,593.02,593.02,12.66,12.66,16.45,419.55,2025-03-23 20:00:00
2025-03-23,21:00:00,11.88,11.88,6.81,6.81,238.97,238.97,627.85,627.85,12.77,12.77,15.03,383.3,2025-03-23 21:00:00
2025-03-23,22:00:00,11.45,11.45,37.74,37.74,233.56,233.56,673.32,673.32,12.41,12.41,16.36,417.24,2025-03-23 22:00:00
2025-03-23,23:00:00,11.13,11.13,9.56,9.56,238.39,238.39,651.36,651.36,12.43,12.43,18.01,459.15,2025-03-23 23:00:00
2025-03-24,0:00:00,10.02,10.02,28.08,28.08,219.48,219.48,806.8,806.8,11.94,11.94,16.74,426.91,2025-03-24 0:00:00
2025-03-24,1:00:00,9.33,9.33,12.43,12.43,192.47,192.47,868.85,868.85,11.82,11.82,15.66,399.45,2025-03-24 1:00:00
2025-03-24,2:00:00,11.4,11.4,17.28,17.28,165.77,165.77,1113.85,1113.85,11.1,11.1,10.5,267.67,2025-03-24 2:00:00
2025-03-24,3:00:00,10.05,10.05,16.47,16.47,169.53,169.53,1257.75,1257.75,11.05,11.05,21.12,538.47,2025-03-24 3:00:00
2025-03-24,4:00:00,15.82,15.82,8.09,8.09,154.78,154.78,1713.55,1713.55,11.11,11.11,29.25,745.85,2025-03-24 4:00:00
2025-03-24,5:00:00,14.36,14.36,18.23,18.23,178.37,178.37,1081.26,1081.26,11.18,11.18,25.67,654.59,2025-03-24 5:00:00
2025-03-24,6:00:00,11.64,11.64,3.26,3.26,198.83,198.83,796.46,796.46,11.35,11.35,23.5,599.12,2025-03-24 6:00:00
2025-03-24,7:00:00,13.16,13.16,18.69,18.69,196.84,196.84,827.29,827.29,11.25,11.25,19.52,497.82,2025-03-24 7:00:00
2025-03-24,8:00:00,16.93,16.93,9.07,9.07,189.61,189.61,835.31,835.31,11.18,11.18,9.21,234.75,2025-03-24 8:00:00
2025-03-24,9:00:00,18.32,18.32,12.65,12.65,173.72,173.72,757.33,757.33,11.39,11.39,3.97,101.14,2025-03-24 9:00:00
2025-03-24,10:00:00,22.42,22.42,9.17,9.17,162.54,162.54,864.47,864.47,11,11,4,101.93,2025-03-24 10:00:00
2025-03-24,11:00:00,28.19,28.19,16.61,16.61,188.14,188.14,998.75,998.75,11.02,11.02,4,102.03,2025-03-24 11:00:00
2025-03-24,12:00:00,43.1,43.1,3.17,3.17,173.16,173.16,901.11,901.11,11,11,4.01,102.16,2025-03-24 12:00:00
2025-03-24,13:00:00,23.31,23.31,17.94,17.94,170.01,170.01,855.6,855.6,11,11,4,102,2025-03-24 13:00:00
2025-03-24,14:00:00,23.05,23.05,3.06,3.06,171.09,171.09,776.12,776.12,11.02,11.02,4,102.05,2025-03-24 14:00:00
2025-03-24,15:00:00,31.93,31.93,25.36,25.36,192.92,192.92,707.73,707.73,11,11,4,102.05,2025-03-24 15:00:00
2025-03-24,16:00:00,41.55,41.55,11.18,11.18,172.86,172.86,879.21,879.21,11.05,11.05,4.01,102.2,2025-03-24 16:00:00
2025-03-24,17:00:00,50.39,50.39,18.73,18.73,188.19,188.19,808.88,808.88,11,11,4.02,102.55,2025-03-24 17:00:00
2025-03-24,18:00:00,59.25,59.25,20.3,20.3,200.62,200.62,804,804,11,11,4,102.1,2025-03-24 18:00:00
2025-03-24,19:00:00,56.72,56.72,4.06,4.06,207.26,207.26,805.67,805.67,10.66,10.66,4,102.12,2025-03-24 19:00:00
2025-03-24,20:00:00,57.76,57.76,13.69,13.69,236.39,236.39,716.74,716.74,10.67,10.67,4,102,2025-03-24 20:00:00
2025-03-24,21:00:00,22.51,22.51,4,4,213.55,213.55,667.96,667.96,11.96,11.96,4,102.02,2025-03-24 21:00:00
2025-03-24,22:00:00,12.6,12.6,25.27,25.27,208.06,208.06,634.15,634.15,11.09,11.09,7.08,180.59,2025-03-24 22:00:00
2025-03-24,23:00:00,13.23,13.23,16.03,16.03,222.24,222.24,609.46,609.46,11.66,11.66,7.65,195.1,2025-03-24 23:00:00
2025-03-25,0:00:00,15.38,15.38,13.06,13.06,208.81,208.81,784.38,784.38,10.86,10.86,11.26,287.13,2025-03-25 0:00:00
2025-03-25,1:00:00,12.13,12.13,25,25,183.92,183.92,867.46,867.46,11.05,11.05,9.34,238.06,2025-03-25 1:00:00
2025-03-25,2:00:00,19.81,19.81,4.08,4.08,213.37,213.37,644.42,644.42,11,11,4.24,108.13,2025-03-25 2:00:00
2025-03-25,3:00:00,22.04,22.04,27.69,27.69,204.43,204.43,664.33,664.33,11,11,4,102.08,2025-03-25 3:00:00
2025-03-25,4:00:00,14.34,14.34,3,3,203.32,203.32,661.15,661.15,11,11,4.22,107.55,2025-03-25 4:00:00
2025-03-25,5:00:00,12.53,12.53,22.45,22.45,171,171,860.17,860.17,11.06,11.06,15.66,399.28,2025-03-25 5:00:00
2025-03-25,6:00:00,10.93,10.93,3,3,171.1,171.1,769.06,769.06,11,11,19.05,485.88,2025-03-25 6:00:00
2025-03-25,7:00:00,11.76,11.76,22.11,22.11,190.31,190.31,724.71,724.71,11,11,19.7,502.35,2025-03-25 7:00:00
2025-03-25,8:00:00,13.07,13.07,4.05,4.05,179.44,179.44,802.56,802.56,11,11,17.63,449.54,2025-03-25 8:00:00
2025-03-25,9:00:00,13.77,13.77,22.62,22.62,157.17,157.17,938.53,938.53,11,11,4,102,2025-03-25 9:00:00
2025-03-25,10:00:00,10.22,10.22,14.53,14.53,154.56,154.56,868.89,868.89,11,11,4,102.03,2025-03-25 10:00:00
2025-03-25,11:00:00,8.96,8.96,6.42,6.42,183.13,183.13,814.38,814.38,10.94,10.94,4,102.07,2025-03-25 11:00:00
2025-03-25,12:00:00,9.21,9.21,18.19,18.19,176.83,176.83,955.87,955.87,11,11,4,102.03,2025-03-25 12:00:00
2025-03-25,13:00:00,9.29,9.29,3,3,174.33,174.33,1013.24,1013.24,10.97,10.97,4,102,2025-03-25 13:00:00
2025-03-25,14:00:00,9.38,9.38,12.88,12.88,192.5,192.5,879.18,879.18,11,11,4,102.02,2025-03-25 14:00:00
2025-03-25,15:00:00,17.49,17.49,9.26,9.26,191.73,191.73,791.15,791.15,10.95,10.95,4,102.03,2025-03-25 15:00:00
2025-03-25,16:00:00,59.01,59.01,5.18,5.18,198.95,198.95,1224.55,1224.55,10.13,10.13,4,102.09,2025-03-25 16:00:00
2025-03-25,17:00:00,14.3,14.3,5.44,5.44,202.32,202.32,736.23,736.23,11,11,4,102,2025-03-25 17:00:00
2025-03-25,18:00:00,11.12,11.12,3,3,181.49,181.49,844.81,844.81,10.99,10.99,4,101.97,2025-03-25 18:00:00
2025-03-25,19:00:00,12.65,12.65,4.8,4.8,173.32,173.32,887,887,11,11,7.13,181.71,2025-03-25 19:00:00
2025-03-25,20:00:00,24.43,24.43,3,3,188.33,188.33,868.99,868.99,11,11,11.12,283.44,2025-03-25 20:00:00
2025-03-25,21:00:00,24.74,24.74,6.58,6.58,196.03,196.03,824.01,824.01,11,11,9.43,240.4,2025-03-25 21:00:00
2025-03-25,22:00:00,19.25,19.25,3,3,203.2,203.2,735.04,735.04,11,11,10.88,277.54,2025-03-25 22:00:00
2025-03-25,23:00:00,21.09,21.09,3.01,3.01,211.95,211.95,771.69,771.69,11,11,6.8,173.39,2025-03-25 23:00:00
2025-03-26,0:00:00,35.24,35.24,3,3,227.99,227.99,741.54,741.54,10.81,10.81,12.08,307.95,2025-03-26 0:00:00
2025-03-26,1:00:00,23.24,23.24,3.13,3.13,218.34,218.34,768.3,768.3,10.89,10.89,4.8,122.52,2025-03-26 1:00:00
2025-03-26,2:00:00,13.22,13.22,3,3,220.09,220.09,764.88,764.88,11,11,4.52,115.21,2025-03-26 2:00:00
2025-03-26,3:00:00,12.88,12.88,3,3,213.03,213.03,761.29,761.29,11,11,4.26,108.66,2025-03-26 3:00:00
2025-03-26,4:00:00,13.35,13.35,3,3,221.43,221.43,762.34,762.34,11,11,4.64,118.22,2025-03-26 4:00:00
2025-03-26,5:00:00,13.14,13.14,3,3,215.29,215.29,733.18,733.18,11,11,4.24,108.09,2025-03-26 5:00:00
2025-03-26,6:00:00,11.76,11.76,3,3,218.28,218.28,711.07,711.07,11,11,15.52,395.75,2025-03-26 6:00:00
2025-03-26,7:00:00,12.16,12.16,3.22,3.22,206.18,206.18,710.47,710.47,11,11,9.27,236.31,2025-03-26 7:00:00
2025-03-26,8:00:00,12.28,12.28,3,3,200.45,200.45,737.3,737.3,10.62,10.62,4,102,2025-03-26 8:00:00
2025-03-26,9:00:00,36.51,36.51,3,3,226.74,226.74,748.04,748.04,10.55,10.55,4,102,2025-03-26 9:00:00
2025-03-26,10:00:00,48.05,48.05,3,3,224.04,224.04,743.15,743.15,10.18,10.18,4,102,2025-03-26 10:00:00
2025-03-26,11:00:00,64.7,64.7,3,3,231.68,231.68,785.26,785.26,10.08,10.08,4,102,2025-03-26 11:00:00
2025-03-26,12:00:00,50.88,50.88,3,3,237.46,237.46,819.07,819.07,10,10,4,102,2025-03-26 12:00:00
2025-03-26,13:00:00,18.88,18.88,3.03,3.03,219.88,219.88,822.35,822.35,10.79,10.79,4,102.09,2025-03-26 13:00:00
2025-03-26,14:00:00,11.15,11.15,3.01,3.01,198.34,198.34,825.76,825.76,11,11,4.01,102.16,2025-03-26 14:00:00
2025-03-26,15:00:00,11.58,11.58,3,3,197.68,197.68,808.84,808.84,11,11,5.37,137.01,2025-03-26 15:00:00
2025-03-26,16:00:00,10.86,10.86,3,3,160.67,160.67,1160.29,1160.29,11,11,15.04,383.4,2025-03-26 16:00:00
2025-03-26,17:00:00,11.76,11.76,3.01,3.01,160.11,160.11,1212.98,1212.98,10.88,10.88,18.1,461.47,2025-03-26 17:00:00
2025-03-26,18:00:00,21.18,21.18,3,3,161.3,161.3,1114.33,1114.33,10.1,10.1,18.63,474.95,2025-03-26 18:00:00
2025-03-26,19:00:00,35.42,35.42,3,3,191.22,191.22,818.61,818.61,9.85,9.85,15.95,406.76,2025-03-26 19:00:00
2025-03-26,20:00:00,15.63,15.63,3,3,175.51,175.51,798.84,798.84,11,11,13.98,356.52,2025-03-26 20:00:00
2025-03-26,21:00:00,17.68,17.68,3,3,202.29,202.29,766.71,766.71,11,11,14.21,362.4,2025-03-26 21:00:00
2025-03-26,22:00:00,18.82,18.82,4.3,4.3,186.37,186.37,1011.53,1011.53,11,11,17.5,446.16,2025-03-26 22:00:00
2025-03-26,23:00:00,16.94,16.94,3,3,176.3,176.3,1228.29,1228.29,11,11,16.9,431.02,2025-03-26 23:00:00
2025-03-27,0:00:00,19.56,19.56,6.1,6.1,178.22,178.22,1394.59,1394.59,11,11,12.21,311.32,2025-03-27 0:00:00
2025-03-27,1:00:00,33.11,33.11,3,3,180.74,180.74,1458.32,1458.32,11,11,4,101.95,2025-03-27 1:00:00
2025-03-27,2:00:00,38.22,38.22,5.6,5.6,187.17,187.17,1730.47,1730.47,11,11,3.99,101.87,2025-03-27 2:00:00
2025-03-27,3:00:00,44.42,44.42,5.98,5.98,203.43,203.43,1204.6,1204.6,10.56,10.56,3.99,101.68,2025-03-27 3:00:00
2025-03-27,4:00:00,14.47,14.47,7.46,7.46,207.67,207.67,1276.42,1276.42,10.79,10.79,4,101.89,2025-03-27 4:00:00
2025-03-27,5:00:00,13.8,13.8,13.35,13.35,218.76,218.76,928.42,928.42,11,11,4,101.99,2025-03-27 5:00:00
2025-03-27,6:00:00,12.93,12.93,3.13,3.13,205.97,205.97,939.4,939.4,11.03,11.03,6.33,161.34,2025-03-27 6:00:00
2025-03-27,7:00:00,14.98,14.98,9.9,9.9,212.69,212.69,887.49,887.49,11,11,4.02,102.58,2025-03-27 7:00:00
2025-03-27,8:00:00,17.27,17.27,7.17,7.17,206.2,206.2,886.13,886.13,11,11,4,102.1,2025-03-27 8:00:00
2025-03-27,9:00:00,15.05,15.05,9.26,9.26,203.64,203.64,816.92,816.92,11,11,4.02,102.39,2025-03-27 9:00:00
2025-03-27,10:00:00,22.04,22.04,3,3,186.89,186.89,1109.44,1109.44,10.53,10.53,4.03,102.74,2025-03-27 10:00:00
2025-03-27,11:00:00,37.59,37.59,3,3,162.94,162.94,1165.5,1165.5,10,10,4.02,102.41,2025-03-27 11:00:00
2025-03-27,12:00:00,47.65,47.65,3,3,180.93,180.93,1008.85,1008.85,9.11,9.11,4,102.1,2025-03-27 12:00:00
2025-03-27,13:00:00,25.13,25.13,3,3,158.57,158.57,1212.75,1212.75,10.12,10.12,4.01,102.17,2025-03-27 13:00:00
2025-03-27,14:00:00,30.09,30.09,3,3,160.17,160.17,1379.69,1379.69,10.22,10.22,4,102.01,2025-03-27 14:00:00
2025-03-27,15:00:00,33.25,33.25,3,3,171.68,171.68,1173.65,1173.65,10.67,10.67,4,102.02,2025-03-27 15:00:00
2025-03-27,16:00:00,29.48,29.48,3,3,185.63,185.63,988.74,988.74,11,11,4,102.12,2025-03-27 16:00:00
2025-03-27,17:00:00,39.76,39.76,3,3,188.54,188.54,995.88,995.88,11,11,4.7,119.86,2025-03-27 17:00:00
2025-03-27,18:00:00,50.77,50.77,3.15,3.15,201.24,201.24,1013.05,1013.05,11.01,11.01,8.77,223.57,2025-03-27 18:00:00
2025-03-27,19:00:00,55.29,55.29,3,3,227.64,227.64,963.84,963.84,11,11,11.21,285.94,2025-03-27 19:00:00
2025-03-27,20:00:00,35.64,35.64,3,3,228.73,228.73,984.74,984.74,10.93,10.93,14.05,358.18,2025-03-27 20:00:00
2025-03-27,21:00:00,27.93,27.93,3,3,208.12,208.12,1014.97,1014.97,11,11,17.16,437.52,2025-03-27 21:00:00
2025-03-27,22:00:00,29.31,29.31,3,3,202.86,202.86,998.85,998.85,11,11,16.85,429.7,2025-03-27 22:00:00
2025-03-27,23:00:00,24.58,24.58,3.01,3.01,159.37,159.37,1249.83,1249.83,10.89,10.89,16.91,431.15,2025-03-27 23:00:00
2025-03-28,0:00:00,28.89,28.89,3,3,153.64,153.64,1279.88,1279.88,10.32,10.32,15.07,384.18,2025-03-28 0:00:00
2025-03-28,1:00:00,36.66,36.66,3,3,163.91,163.91,1102.65,1102.65,10.71,10.71,19.41,495.01,2025-03-28 1:00:00
2025-03-28,2:00:00,36.33,36.33,3,3,173.81,173.81,1036.22,1036.22,10.73,10.73,13.35,340.51,2025-03-28 2:00:00
2025-03-28,3:00:00,28.32,28.32,3,3,160.74,160.74,1135.89,1135.89,10.8,10.8,13.65,347.99,2025-03-28 3:00:00
2025-03-28,4:00:00,32.06,32.06,3,3,175.48,175.48,1120.15,1120.15,10.93,10.93,6.86,174.93,2025-03-28 4:00:00
2025-03-28,5:00:00,29.96,29.96,3,3,167.34,167.34,1066.07,1066.07,10.21,10.21,5.94,151.54,2025-03-28 5:00:00
2025-03-28,6:00:00,34.22,34.22,3,3,180.35,180.35,1056.55,1056.55,10.5,10.5,4.86,123.83,2025-03-28 6:00:00
2025-03-28,7:00:00,47.67,47.67,3,3,192.55,192.55,1070.05,1070.05,9.36,9.36,4,102,2025-03-28 7:00:00
2025-03-28,8:00:00,59.25,59.25,3.02,3.02,201.19,201.19,1005.93,1005.93,10.92,10.92,4,102,2025-03-28 8:00:00
2025-03-28,9:00:00,40.95,40.95,3,3,198,198,976.05,976.05,11,11,4,102,2025-03-28 9:00:00
2025-03-28,10:00:00,49.55,49.55,3,3,205.42,205.42,980.38,980.38,11,11,4,102.08,2025-03-28 10:00:00
2025-03-28,11:00:00,63.02,63.02,3,3,185.8,185.8,1002.69,1002.69,10.75,10.75,4,102.03,2025-03-28 11:00:00
2025-03-28,12:00:00,58.91,58.91,3,3,163.32,163.32,1099.22,1099.22,10,10,4.01,102.26,2025-03-28 12:00:00
2025-03-28,13:00:00,47.45,47.45,3,3,165.29,165.29,1125.88,1125.88,10.28,10.28,4,102,2025-03-28 13:00:00
2025-03-28,14:00:00,66.64,66.64,3,3,187.21,187.21,1260.82,1260.82,9.98,9.98,9.49,242.03,2025-03-28 14:00:00
2025-03-28,15:00:00,62.77,62.77,3,3,183.87,183.87,1139.63,1139.63,10.35,10.35,17.68,450.77,2025-03-28 15:00:00
2025-03-28,16:00:00,95.06,95.06,3,3,220.25,220.25,1063.13,1063.13,8.91,8.91,22.97,585.69,2025-03-28 16:00:00
2025-03-28,17:00:00,101.58,101.58,2.98,2.98,237.6,237.6,964.71,964.71,8.61,8.61,29.12,742.49,2025-03-28 17:00:00
2025-03-28,18:00:00,105,105,3.07,3.07,224.31,224.31,990.99,990.99,9.61,9.61,29,739.49,2025-03-28 18:00:00
2025-03-28,19:00:00,104.43,104.43,3,3,208.9,208.9,919.29,919.29,11,11,29.33,747.92,2025-03-28 19:00:00
2025-03-28,20:00:00,100.14,100.14,3.04,3.04,211.18,211.18,1006.09,1006.09,10.79,10.79,30,765,2025-03-28 20:00:00
2025-03-28,21:00:00,63.86,63.86,3.03,3.03,205.75,205.75,968.64,968.64,11.01,11.01,30,765,2025-03-28 21:00:00
2025-03-28,22:00:00,48.78,48.78,3,3,201.91,201.91,866.95,866.95,11,11,28.6,729.37,2025-03-28 22:00:00
2025-03-28,23:00:00,52.47,52.47,3.07,3.07,216.53,216.53,879.03,879.03,11.07,11.07,27.21,693.78,2025-03-28 23:00:00
2025-03-29,0:00:00,43.61,43.61,3,3,186.35,186.35,1028.62,1028.62,11,11,30,765,2025-03-29 0:00:00
2025-03-29,1:00:00,38.39,38.39,3,3,170.87,170.87,1110.11,1110.11,10.67,10.67,30,765,2025-03-29 1:00:00
2025-03-29,2:00:00,37.97,37.97,3,3,164.22,164.22,1458.05,1458.05,10.83,10.83,29.87,761.59,2025-03-29 2:00:00
2025-03-29,3:00:00,38.35,38.35,3,3,151.61,151.61,1309.95,1309.95,10.33,10.33,28.9,736.87,2025-03-29 3:00:00
2025-03-29,4:00:00,85.35,85.35,3,3,178.69,178.69,1170.24,1170.24,9.28,9.28,29.6,754.81,2025-03-29 4:00:00
2025-03-29,5:00:00,62.06,62.06,3,3,184.37,184.37,1002.45,1002.45,10.85,10.85,26.02,663.63,2025-03-29 5:00:00
2025-03-29,6:00:00,40.93,40.93,3,3,167.88,167.88,1003.12,1003.12,10.97,10.97,21,535.47,2025-03-29 6:00:00
2025-03-29,7:00:00,52.15,52.15,3,3,173.28,173.28,1015.31,1015.31,10.88,10.88,11.25,286.79,2025-03-29 7:00:00
2025-03-29,8:00:00,53.43,53.43,3,3,159.12,159.12,1115.62,1115.62,10.9,10.9,4,102,2025-03-29 8:00:00
2025-03-29,9:00:00,56.85,56.85,3.01,3.01,170.23,170.23,1291.58,1291.58,10.9,10.9,4,101.91,2025-03-29 9:00:00
2025-03-29,10:00:00,53.5,53.5,3,3,173.63,173.63,1068.43,1068.43,10.4,10.4,4,102.02,2025-03-29 10:00:00
2025-03-29,11:00:00,49.62,49.62,3,3,194.63,194.63,932.59,932.59,10.6,10.6,4,102.09,2025-03-29 11:00:00
2025-03-29,12:00:00,48.89,48.89,3,3,178.03,178.03,960.99,960.99,10.66,10.66,4,102.09,2025-03-29 12:00:00
2025-03-29,13:00:00,56.72,56.72,3,3,180.82,180.82,1060.09,1060.09,10.61,10.61,4.02,102.45,2025-03-29 13:00:00
2025-03-29,14:00:00,52.71,52.71,3,3,178.57,178.57,1181.1,1181.1,10.93,10.93,4.01,102.31,2025-03-29 14:00:00
2025-03-29,15:00:00,35.87,35.87,3,3,196.3,196.3,874.27,874.27,11,11,4,102.06,2025-03-29 15:00:00
2025-03-29,16:00:00,38.22,38.22,3,3,219.59,219.59,808.64,808.64,11,11,4,102.09,2025-03-29 16:00:00
2025-03-29,17:00:00,37.83,37.83,3,3,203.13,203.13,856.81,856.81,11,11,4.01,102.13,2025-03-29 17:00:00
2025-03-29,18:00:00,35.9,35.9,3,3,209.94,209.94,834.68,834.68,11,11,4,102,2025-03-29 18:00:00
2025-03-29,19:00:00,35.38,35.38,3.07,3.07,206.91,206.91,826.05,826.05,11.04,11.04,7.75,197.64,2025-03-29 19:00:00
2025-03-29,20:00:00,36.43,36.43,3,3,209.36,209.36,809.88,809.88,11,11,16.57,422.52,2025-03-29 20:00:00
2025-03-29,21:00:00,32.25,32.25,3,3,204.56,204.56,881.83,881.83,11,11,20.37,519.56,2025-03-29 21:00:00
2025-03-29,22:00:00,29.59,29.59,3,3,198.06,198.06,865.76,865.76,10.98,10.98,15.12,385.68,2025-03-29 22:00:00
2025-03-29,23:00:00,36.45,36.45,3,3,196.25,196.25,862.03,862.03,10.98,10.98,12.64,322.43,2025-03-29 23:00:00
2025-03-30,0:00:00,43.81,43.81,3,3,192.57,192.57,1006.16,1006.16,10.46,10.46,15.48,394.66,2025-03-30 0:00:00
2025-03-30,1:00:00,45.92,45.92,3,3,200.71,200.71,962.32,962.32,10.93,10.93,19.42,495.1,2025-03-30 1:00:00
2025-03-30,2:00:00,40.74,40.74,3,3,217.01,217.01,801.48,801.48,11,11,28.53,727.5,2025-03-30 2:00:00
2025-03-30,3:00:00,41.2,41.2,3.02,3.02,222.45,222.45,778.85,778.85,11,11,29.99,764.83,2025-03-30 3:00:00
2025-03-30,4:00:00,66.77,66.77,3,3,211.23,211.23,752.53,752.53,11,11,26.19,667.72,2025-03-30 4:00:00
2025-03-30,5:00:00,58.82,58.82,3.09,3.09,211.33,211.33,821.85,821.85,11,11,20.04,510.94,2025-03-30 5:00:00
2025-03-30,6:00:00,41.79,41.79,3,3,186.06,186.06,1051.77,1051.77,10.88,10.88,11.08,282.46,2025-03-30 6:00:00
2025-03-30,7:00:00,49.48,49.48,3,3,168.98,168.98,1223.03,1223.03,10.79,10.79,15.28,389.58,2025-03-30 7:00:00
2025-03-30,8:00:00,67.61,67.61,3,3,187.43,187.43,959.32,959.32,10.18,10.18,8.9,226.89,2025-03-30 8:00:00
2025-03-30,9:00:00,72.68,72.68,3,3,189.02,189.02,1107.91,1107.91,10.46,10.46,4,102.06,2025-03-30 9:00:00
2025-03-30,10:00:00,74.08,74.08,3,3,181.91,181.91,1173.4,1173.4,10.74,10.74,4.01,102.23,2025-03-30 10:00:00
2025-03-30,11:00:00,75.1,75.1,3,3,178.16,178.16,1156.54,1156.54,10.22,10.22,4.01,102.27,2025-03-30 11:00:00
2025-03-30,12:00:00,81.16,81.16,3,3,193.05,193.05,983.88,983.88,10.62,10.62,4,101.97,2025-03-30 12:00:00
2025-03-30,13:00:00,92.75,92.75,3,3,177.63,177.63,1038.36,1038.36,10.16,10.16,4,102.12,2025-03-30 13:00:00
2025-03-30,14:00:00,95.84,95.84,3,3,185.85,185.85,1027.26,1027.26,10.7,10.7,4.01,102.2,2025-03-30 14:00:00
2025-03-30,15:00:00,97.85,97.85,3,3,183.5,183.5,1078.9,1078.9,10.48,10.48,4,102.11,2025-03-30 15:00:00
2025-03-30,16:00:00,72.39,72.39,3.02,3.02,174.03,174.03,999.48,999.48,10.96,10.96,4.02,102.38,2025-03-30 16:00:00
2025-03-30,17:00:00,77.24,77.24,3,3,176.54,176.54,1128.03,1128.03,10.76,10.76,4.01,102.15,2025-03-30 17:00:00
2025-03-30,18:00:00,86.89,86.89,3,3,172.92,172.92,968.05,968.05,10.72,10.72,4,102.08,2025-03-30 18:00:00
2025-03-30,19:00:00,66.84,66.84,3,3,180.02,180.02,926.64,926.64,10.57,10.57,3.99,101.86,2025-03-30 19:00:00
2025-03-30,20:00:00,75.87,9.43,3,1.26,172.56,24.32,937.82,120.56,10.32,2.19,4,14.06,2025-03-30 20:00:00
2025-03-30,21:00:00,60.62,1,3,1,176.45,1,927.54,1,10.83,1,12.86,1,2025-03-30 21:00:00
2025-03-30,22:00:00,68.28,1,3,1,190.17,1,932.31,1,10.86,1,25.78,1,2025-03-30 22:00:00
2025-03-30,23:00:00,61.05,42.92,3,2.41,191.1,133.61,922.09,655.82,11,8.05,30,539.75,2025-03-30 23:00:00
2025-03-31,0:00:00,58.68,58.68,3,3,177.75,177.75,940.32,940.32,10.96,10.96,30,765,2025-03-31 0:00:00
2025-03-31,1:00:00,64.56,64.56,3,3,182.33,182.33,930.31,930.31,10.98,10.98,30,765,2025-03-31 1:00:00
2025-03-31,2:00:00,59.76,59.76,3,3,182.67,182.67,1082.72,1082.72,10.76,10.76,30,765,2025-03-31 2:00:00
2025-03-31,3:00:00,57.71,57.71,3,3,176.2,176.2,968.03,968.03,10.99,10.99,30,765,2025-03-31 3:00:00
2025-03-31,4:00:00,64.84,64.84,3,3,195.06,195.06,900.64,900.64,11,11,30,765,2025-03-31 4:00:00
2025-03-31,5:00:00,72.23,72.23,3,3,192.72,192.72,919.19,919.19,10.95,10.95,30,765,2025-03-31 5:00:00
2025-03-31,6:00:00,80.15,80.15,3,3,189.22,189.22,909.14,909.14,10.99,10.99,30,765,2025-03-31 6:00:00
2025-03-31,7:00:00,61.48,61.48,3,3,182.73,182.73,889.26,889.26,10.99,10.99,30,765,2025-03-31 7:00:00
2025-03-31,8:00:00,55.67,55.67,3,3,183.17,183.17,906.22,906.22,11,11,22.33,569.49,2025-03-31 8:00:00
2025-03-31,9:00:00,54.64,54.64,3,3,188.62,188.62,877.01,877.01,11,11,5.7,145.34,2025-03-31 9:00:00
2025-03-31,10:00:00,56.69,56.69,3,3,196.51,196.51,934.57,934.57,10.95,10.95,4.01,102.28,2025-03-31 10:00:00
2025-03-31,11:00:00,67.32,43.93,3.9,2.54,188.34,150.72,873.93,662.48,11.91,8.65,4.02,78.83,2025-03-31 11:00:00
2025-03-31,12:00:00,105,1,181.29,1,34.42,1,256.25,1,19,1,3.87,1,2025-03-31 12:00:00
2025-03-31,13:00:00,78.84,56.28,71.76,25.77,127.53,120.25,642.69,614.37,12.64,8.74,3.85,78.55,2025-03-31 13:00:00
2025-03-31,14:00:00,51.03,51.03,3.19,3.19,162.51,162.51,908.77,908.77,9.82,9.82,4.03,102.82,2025-03-31 14:00:00
2025-03-31,15:00:00,58.07,58.07,3.08,3.08,174.28,174.28,1033.52,1033.52,10.68,10.68,4.01,102.14,2025-03-31 15:00:00
2025-03-31,16:00:00,63.21,63.21,3,3,166.45,166.45,1284.06,1284.06,10.25,10.25,4.01,102.31,2025-03-31 16:00:00
2025-03-31,17:00:00,48.98,48.98,3,3,162.97,162.97,1476.59,1476.59,10,10,4.01,102.32,2025-03-31 17:00:00
2025-03-31,18:00:00,45.45,45.45,3,3,176.12,176.12,1359.66,1359.66,9.91,9.91,4.01,102.26,2025-03-31 18:00:00
2025-03-31,19:00:00,71.5,71.5,3,3,197.91,197.91,988.38,988.38,10.09,10.09,10.13,258.21,2025-03-31 19:00:00
2025-03-31,20:00:00,63.92,63.92,3,3,184.52,184.52,1103.81,1103.81,10.47,10.47,28.94,737.95,2025-03-31 20:00:00
2025-03-31,21:00:00,55.16,55.16,3,3,187.81,187.81,1028.47,1028.47,10.75,10.75,30,765,2025-03-31 21:00:00
2025-03-31,22:00:00,57.52,57.52,3,3,189.76,189.76,1015.42,1015.42,10.87,10.87,30,765,2025-03-31 22:00:00
2025-03-31,23:00:00,56.64,56.64,3,3,193.7,193.7,992.14,992.14,10.71,10.71,30,765,2025-03-31 23:00:00
2025-04-01,0:00:00,58.66,58.66,3,3,191.32,191.32,923.49,923.49,10.87,10.87,29.71,757.51,2025-04-01 0:00:00
2025-04-01,1:00:00,58.68,58.68,3,3,199.97,199.97,915.96,915.96,11,11,24.03,612.73,2025-04-01 1:00:00
2025-04-01,2:00:00,60.56,60.56,3,3,202.29,202.29,920.76,920.76,10.88,10.88,17.55,447.46,2025-04-01 2:00:00
2025-04-01,3:00:00,93.18,93.18,3,3,213.03,213.03,936.14,936.14,10.99,10.99,11.51,293.5,2025-04-01 3:00:00
2025-04-01,4:00:00,80.21,80.21,3,3,202.58,202.58,1004.75,1004.75,10.88,10.88,4.26,108.51,2025-04-01 4:00:00
2025-04-01,5:00:00,49.18,49.18,3,3,198.2,198.2,1004.9,1004.9,10.91,10.91,4.01,102.17,2025-04-01 5:00:00
2025-04-01,6:00:00,37.1,37.1,3,3,200.61,200.61,965.23,965.23,10.83,10.83,4.07,103.81,2025-04-01 6:00:00
2025-04-01,7:00:00,32.06,32.06,3.01,3.01,210.84,210.84,929.25,929.25,10.99,10.99,11.36,289.63,2025-04-01 7:00:00
2025-04-01,8:00:00,42.05,42.05,3,3,213.84,213.84,910.05,910.05,10.99,10.99,19.94,508.45,2025-04-01 8:00:00
2025-04-01,9:00:00,42.3,42.3,3,3,221.92,221.92,962.93,962.93,10.97,10.97,17.99,458.73,2025-04-01 9:00:00
2025-04-01,10:00:00,49.73,49.73,3,3,206.83,206.83,1047.79,1047.79,10.54,10.54,4.72,120.34,2025-04-01 10:00:00
2025-04-01,11:00:00,79.71,79.71,3,3,204.77,204.77,1061.93,1061.93,10.52,10.52,4.02,102.43,2025-04-01 11:00:00
2025-04-01,12:00:00,59.24,59.24,3,3,199.9,199.9,1075.64,1075.64,10.46,10.46,4.01,102.3,2025-04-01 12:00:00
2025-04-01,13:00:00,48.83,48.83,3,3,204.78,204.78,997.87,997.87,10.3,10.3,4.01,102.38,2025-04-01 13:00:00
2025-04-01,14:00:00,39.59,39.59,3,3,197.95,197.95,1019.82,1019.82,10.57,10.57,4.01,102.17,2025-04-01 14:00:00
2025-04-01,15:00:00,38.4,38.4,3,3,189.87,189.87,1087.86,1087.86,10.63,10.63,4,102.11,2025-04-01 15:00:00
2025-04-01,16:00:00,41.93,41.93,3,3,204.46,204.46,1001.5,1001.5,10.5,10.5,4.01,102.16,2025-04-01 16:00:00
2025-04-01,17:00:00,57.4,57.4,3,3,208.33,208.33,995.56,995.56,10.42,10.42,4.01,102.15,2025-04-01 17:00:00
2025-04-01,18:00:00,54.98,54.98,3,3,196.17,196.17,1038.9,1038.9,10.34,10.34,4.37,111.49,2025-04-01 18:00:00
2025-04-01,19:00:00,35.15,35.15,3,3,191.97,191.97,1014.61,1014.61,10.34,10.34,13.23,337.44,2025-04-01 19:00:00
2025-04-01,20:00:00,30.66,30.66,3,3,199.71,199.71,995.48,995.48,10.82,10.82,16.88,430.54,2025-04-01 20:00:00
2025-04-01,21:00:00,34.18,34.18,3,3,186.33,186.33,1056.97,1056.97,10.6,10.6,17.51,446.46,2025-04-01 21:00:00
2025-04-01,22:00:00,38.17,38.17,3,3,195.89,195.89,1019.66,1019.66,10.53,10.53,21.19,540.42,2025-04-01 22:00:00
2025-04-01,23:00:00,39.74,39.74,3,3,188.68,188.68,1049.63,1049.63,10.29,10.29,25.77,657.06,2025-04-01 23:00:00
2025-04-02,0:00:00,53.55,53.55,3,3,189.42,189.42,1069.61,1069.61,10.44,10.44,30,765,2025-04-02 0:00:00
2025-04-02,1:00:00,48.93,48.93,3,3,177.54,177.54,1080.21,1080.21,10.69,10.69,30,765,2025-04-02 1:00:00
2025-04-02,2:00:00,52.31,52.31,3,3,179.83,179.83,1020.96,1020.96,10.94,10.94,30,765,2025-04-02 2:00:00
2025-04-02,3:00:00,48.75,48.75,3,3,184.74,184.74,1013.85,1013.85,10.93,10.93,30,765,2025-04-02 3:00:00
2025-04-02,4:00:00,46.95,46.95,3,3,185.79,185.79,983.58,983.58,10.91,10.91,30,765,2025-04-02 4:00:00
2025-04-02,5:00:00,37.54,37.54,3,3,177.58,177.58,1003.51,1003.51,10.99,10.99,30,765,2025-04-02 5:00:00
2025-04-02,6:00:00,43.56,43.56,3,3,162.35,162.35,1018.6,1018.6,11,11,29.76,758.84,2025-04-02 6:00:00
2025-04-02,7:00:00,59.9,59.9,3,3,170.51,170.51,1041.58,1041.58,10.96,10.96,21.64,551.85,2025-04-02 7:00:00
2025-04-02,8:00:00,51.9,51.9,3,3,180.04,180.04,1054.26,1054.26,10.96,10.96,4,102.08,2025-04-02 8:00:00
2025-04-02,9:00:00,33.33,33.33,3,3,193.39,193.39,993.7,993.7,10.49,10.49,4.01,102.19,2025-04-02 9:00:00
2025-04-02,10:00:00,33.09,33.09,3,3,187.86,187.86,1039.53,1039.53,10.83,10.83,4.01,102.24,2025-04-02 10:00:00
2025-04-02,11:00:00,33.26,33.26,3,3,181.11,181.11,1104.97,1104.97,10.01,10.01,4.01,102.16,2025-04-02 11:00:00
2025-04-02,12:00:00,82.94,82.94,3,3,207.23,207.23,1090.65,1090.65,8.97,8.97,4,102,2025-04-02 12:00:00
2025-04-02,13:00:00,97.98,97.98,3,3,219.57,219.57,1049.4,1049.4,7.96,7.96,19.01,484.64,2025-04-02 13:00:00
2025-04-02,14:00:00,98.82,98.82,3,3,215.39,215.39,1092.92,1092.92,7.99,7.99,29.4,749.81,2025-04-02 14:00:00
2025-04-02,15:00:00,66.95,66.95,3,3,211.7,211.7,1115.48,1115.48,8,8,18.01,459.24,2025-04-02 15:00:00
2025-04-02,16:00:00,57.27,57.27,3,3,185.07,185.07,1210.32,1210.32,8,8,4.07,103.8,2025-04-02 16:00:00
2025-04-02,17:00:00,60.15,60.15,3,3,177.78,177.78,1201.57,1201.57,8,8,4.01,102.27,2025-04-02 17:00:00
2025-04-02,18:00:00,63.98,63.98,3,3,179.5,179.5,1223.57,1223.57,8.12,8.12,4,102,2025-04-02 18:00:00
2025-04-02,19:00:00,63.24,63.24,3,3,193.04,193.04,1072.25,1072.25,8.04,8.04,5.26,134.05,2025-04-02 19:00:00
2025-04-02,20:00:00,67.43,67.43,3,3,193.23,193.23,1108.59,1108.59,8.25,8.25,22.61,576.43,2025-04-02 20:00:00
2025-04-02,21:00:00,67.03,67.03,3,3,197.11,197.11,1044.6,1044.6,8.04,8.04,30,765,2025-04-02 21:00:00
2025-04-02,22:00:00,67.16,67.16,3,3,188.07,188.07,1137.26,1137.26,8.17,8.17,30,765,2025-04-02 22:00:00
2025-04-02,23:00:00,88.04,88.04,3,3,177.15,177.15,1123.62,1123.62,9.29,9.29,30,765,2025-04-02 23:00:00
2025-04-03,0:00:00,57.87,57.76,3,3,170.36,170.04,1151.64,1149.32,10.81,10.79,30,763.49,2025-04-03 0:00:00
2025-04-03,1:00:00,54.83,54.83,3,3,170.07,170.07,1051.32,1051.32,10.8,10.8,30,765,2025-04-03 1:00:00
2025-04-03,2:00:00,71.12,71.12,3,3,167.26,167.26,1093.12,1093.12,10.75,10.75,30,765,2025-04-03 2:00:00
2025-04-03,3:00:00,79.59,79.59,3,3,182.59,182.59,1120.38,1120.38,9.78,9.78,29.45,750.98,2025-04-03 3:00:00
2025-04-03,4:00:00,105,105,3,3,188.97,188.97,1158.47,1158.47,9,9,17.7,451.23,2025-04-03 4:00:00
2025-04-03,5:00:00,105,105,3,3,186.43,186.43,1140.48,1140.48,8.86,8.86,5.58,142.38,2025-04-03 5:00:00
2025-04-03,6:00:00,98.68,98.68,3,3,188.83,188.83,1096.36,1096.36,8.61,8.61,4.95,126.32,2025-04-03 6:00:00
2025-04-03,7:00:00,89.47,89.47,3,3,196.83,196.83,1102.15,1102.15,8.28,8.28,4,102,2025-04-03 7:00:00
2025-04-03,8:00:00,61.91,61.91,3,3,200.44,200.44,1043.26,1043.26,8.05,8.05,4,102,2025-04-03 8:00:00
2025-04-03,9:00:00,58.71,58.71,3,3,208.48,208.48,994.74,994.74,8.31,8.31,4,101.94,2025-04-03 9:00:00
2025-04-03,10:00:00,64.6,64.6,3,3,206.77,206.77,1010.75,1010.75,8.4,8.4,4,102,2025-04-03 10:00:00
2025-04-03,11:00:00,67.04,67.04,3,3,215.82,215.82,1040.34,1040.34,8.06,8.06,4,102,2025-04-03 11:00:00
2025-04-03,12:00:00,87.93,87.93,3,3,204.76,204.76,1074.99,1074.99,9.01,9.01,4.02,102.57,2025-04-03 12:00:00
2025-04-03,13:00:00,54.67,54.67,3,3,176.79,176.79,1160.23,1160.23,10.69,10.69,4.02,102.57,2025-04-03 13:00:00
2025-04-03,14:00:00,44.18,44.18,3,3,176.59,176.59,1133.35,1133.35,10.94,10.94,5.38,137.17,2025-04-03 14:00:00
2025-04-03,15:00:00,48,48,3,3,179.34,179.34,1151.42,1151.42,10.93,10.93,4.31,109.79,2025-04-03 15:00:00
2025-04-03,16:00:00,48.4,48.4,3,3,178.72,178.72,1044.68,1044.68,10.99,10.99,4.99,127.25,2025-04-03 16:00:00
2025-04-03,17:00:00,50.13,29.52,3,2.05,181.14,91.69,1069.76,569.28,11,6.23,4.03,54.12,2025-04-03 17:00:00
2025-04-03,18:00:00,34.87,1,3,1,178.65,1,1162.43,1,10.57,1,14.93,1,2025-04-03 18:00:00
2025-04-03,19:00:00,40.75,30.68,3,2.48,174.11,129.12,1254.71,929.67,10.83,8.4,29.01,567.41,2025-04-03 19:00:00
2025-04-03,20:00:00,51.21,51.21,3,3,160.89,160.89,1484.99,1484.99,10.81,10.81,30,765,2025-04-03 20:00:00
2025-04-03,21:00:00,57.26,57.26,3,3,170.29,170.29,1341.05,1341.05,10.91,10.91,30,765,2025-04-03 21:00:00
2025-04-03,22:00:00,73.35,73.35,3,3,168.91,168.91,1397.23,1397.23,10.35,10.35,30,765,2025-04-03 22:00:00
2025-04-03,23:00:00,79.28,79.28,3,3,162.32,162.32,1537.99,1537.99,10.42,10.42,30,765,2025-04-03 23:00:00
2025-04-04,0:00:00,91.91,91.91,3,3,169.23,169.23,1126.02,1126.02,10.81,10.81,30,765,2025-04-04 0:00:00
2025-04-04,1:00:00,88.39,88.39,3,3,177.61,177.61,1099.39,1099.39,10.99,10.99,30,765,2025-04-04 1:00:00
2025-04-04,2:00:00,70.73,70.73,3,3,186.39,186.39,1081.36,1081.36,11,11,25.5,650.36,2025-04-04 2:00:00
2025-04-04,3:00:00,57.42,57.42,3,3,179.97,179.97,1085.56,1085.56,11,11,14.8,377.28,2025-04-04 3:00:00
2025-04-04,4:00:00,43.2,43.2,3,3,163.42,163.42,1287.81,1287.81,10.94,10.94,25.11,640.25,2025-04-04 4:00:00
2025-04-04,5:00:00,45.39,45.39,3,3,169.78,169.78,1223.31,1223.31,11,11,30,765,2025-04-04 5:00:00
2025-04-04,6:00:00,51.01,51.01,3,3,165.17,165.17,1181.89,1181.89,11,11,30,765,2025-04-04 6:00:00
2025-04-04,7:00:00,61.9,61.9,3,3,161.37,161.37,1199.57,1199.57,11,11,28.67,731.02,2025-04-04 7:00:00
2025-04-04,8:00:00,58.58,58.58,3,3,161.18,161.18,1105.01,1105.01,11,11,23.06,588.02,2025-04-04 8:00:00
2025-04-04,9:00:00,62.22,62.22,3,3,172.82,172.82,1098.61,1098.61,11,11,14.7,374.81,2025-04-04 9:00:00
2025-04-04,10:00:00,68.08,68.08,3,3,170.57,170.57,1066.7,1066.7,10.9,10.9,4.1,104.56,2025-04-04 10:00:00
2025-04-04,11:00:00,69.22,69.22,3,3,174.27,174.27,1142.36,1142.36,11,11,4.01,102.32,2025-04-04 11:00:00
2025-04-04,12:00:00,57.23,57.23,3,3,175.91,175.91,1140.56,1140.56,10.86,10.86,4.03,102.74,2025-04-04 12:00:00
2025-04-04,13:00:00,58.56,58.56,3,3,184.39,184.39,1171.8,1171.8,10.91,10.91,4.03,102.66,2025-04-04 13:00:00
2025-04-04,14:00:00,95.78,95.78,3,3,185.6,185.6,1124.45,1124.45,10.51,10.51,4.02,102.61,2025-04-04 14:00:00
2025-04-04,15:00:00,47.88,47.88,3,3,165.83,165.83,1293.03,1293.03,10.39,10.39,4.01,102.37,2025-04-04 15:00:00
2025-04-04,16:00:00,82.84,82.84,3,3,189.35,189.35,1180.59,1180.59,9.04,9.04,4.01,102.26,2025-04-04 16:00:00
2025-04-04,17:00:00,70.78,70.78,3,3,208.82,208.82,1155.08,1155.08,8.29,8.29,4.01,102.14,2025-04-04 17:00:00
2025-04-04,18:00:00,73.02,73.02,3,3,210.82,210.82,996.57,996.57,8.71,8.71,4.01,102.19,2025-04-04 18:00:00
2025-04-04,19:00:00,91.8,91.8,3,3,195.9,195.9,1001.99,1001.99,10.84,10.84,4.01,102.16,2025-04-04 19:00:00
2025-04-04,20:00:00,95.74,69.33,3,2.49,206.72,151.48,1007.83,767.29,9.37,7.22,7.92,81.52,2025-04-04 20:00:00
2025-04-04,21:00:00,104.13,1,3,1,222.72,1,957.33,1,8.72,1,29.82,1,2025-04-04 21:00:00
2025-04-04,22:00:00,99.29,1,3,1,201.02,1,1050.84,1,10.48,1,30,1,2025-04-04 22:00:00
2025-04-04,23:00:00,70.68,1,3,1,185.84,1,1086.23,1,10.72,1,30,1,2025-04-04 23:00:00
2025-04-05,0:00:00,51.55,33.46,3,2.33,177.6,119.43,1095.73,729.6,10.98,7.65,29.99,510.37,2025-04-05 0:00:00
2025-04-05,1:00:00,44.83,44.83,3,3,181.38,181.38,1067.7,1067.7,10.81,10.81,27.63,704.56,2025-04-05 1:00:00
2025-04-05,2:00:00,50.69,50.69,3,3,183.82,183.82,1074.94,1074.94,10.89,10.89,24.42,622.7,2025-04-05 2:00:00
2025-04-05,3:00:00,63.58,63.58,3,3,178.65,178.65,1036.07,1036.07,10.99,10.99,21,535.58,2025-04-05 3:00:00
2025-04-05,4:00:00,39.62,39.62,3,3,193.04,193.04,950.91,950.91,10.87,10.87,29.03,740.2,2025-04-05 4:00:00
2025-04-05,5:00:00,47.06,47.06,3,3,191.03,191.03,956.11,956.11,11,11,30,765,2025-04-05 5:00:00
2025-04-05,6:00:00,41.61,41.61,3,3,185.61,185.61,965.96,965.96,11,11,30,765,2025-04-05 6:00:00
2025-04-05,7:00:00,42,42,3,3,195.32,195.32,985.26,985.26,10.93,10.93,30,765,2025-04-05 7:00:00
2025-04-05,8:00:00,49.24,49.24,3,3,178.5,178.5,1086.97,1086.97,10.65,10.65,29.87,761.69,2025-04-05 8:00:00
2025-04-05,9:00:00,64.68,64.68,3,3,187.25,187.25,1035.94,1035.94,10.88,10.88,30,765,2025-04-05 9:00:00
2025-04-05,10:00:00,51.56,51.56,3,3,182.1,182.1,1017.6,1017.6,10.64,10.64,29.98,764.47,2025-04-05 10:00:00
2025-04-05,11:00:00,45.03,45.03,3,3,182.29,182.29,1034.22,1034.22,10.84,10.84,25.02,637.92,2025-04-05 11:00:00
2025-04-05,12:00:00,63.41,63.41,3,3,187.31,187.31,983.55,983.55,10.96,10.96,12.56,320.27,2025-04-05 12:00:00
2025-04-05,13:00:00,51.11,51.11,3,3,178.65,178.65,983.13,983.13,10.44,10.44,5.21,132.83,2025-04-05 13:00:00
2025-04-05,14:00:00,29.4,29.4,3,3,176.42,176.42,985.09,985.09,10.5,10.5,18.22,464.64,2025-04-05 14:00:00
2025-04-05,15:00:00,18.65,18.65,3,3,172.01,172.01,1100.78,1100.78,10.16,10.16,8.31,211.99,2025-04-05 15:00:00
2025-04-05,16:00:00,15.13,15.13,3,3,177.78,177.78,1120.02,1120.02,10.53,10.53,4,101.91,2025-04-05 16:00:00
2025-04-05,17:00:00,28.22,28.22,3,3,187.06,187.06,1096.75,1096.75,10.07,10.07,4,101.9,2025-04-05 17:00:00
2025-04-05,18:00:00,30.57,30.57,3,3,188.4,188.4,1079.66,1079.66,10.29,10.29,4,101.95,2025-04-05 18:00:00
2025-04-05,19:00:00,37.22,37.22,3,3,194.56,194.56,1014.22,1014.22,10.68,10.68,3.99,101.83,2025-04-05 19:00:00
2025-04-05,20:00:00,66.09,66.09,3,3,188.83,188.83,1035.33,1035.33,10.08,10.08,4,101.9,2025-04-05 20:00:00
2025-04-05,21:00:00,65.68,65.68,3,3,182.23,182.23,1047.89,1047.89,10.08,10.08,4,102,2025-04-05 21:00:00
2025-04-05,22:00:00,63.95,63.95,3,3,182.59,182.59,1044.93,1044.93,10.06,10.06,4,102,2025-04-05 22:00:00
2025-04-05,23:00:00,55.38,55.38,3,3,183.4,183.4,1050.12,1050.12,10,10,4.82,123.04,2025-04-05 23:00:00
2025-04-06,0:00:00,70.86,70.86,3,3,196.54,196.54,1015.05,1015.05,10.18,10.18,14.62,372.87,2025-04-06 0:00:00
2025-04-06,1:00:00,74.73,74.73,3,3,191.65,191.65,1018.88,1018.88,10.01,10.01,19.04,485.56,2025-04-06 1:00:00
2025-04-06,2:00:00,79.04,79.04,3,3,177.44,177.44,1092.93,1092.93,10.25,10.25,22.35,569.87,2025-04-06 2:00:00
2025-04-06,3:00:00,79.38,79.38,3,3,182.24,182.24,1092.77,1092.77,10,10,28.66,730.94,2025-04-06 3:00:00
2025-04-06,4:00:00,61.57,61.57,3,3,193.61,193.61,1053.98,1053.98,10.74,10.74,30,765,2025-04-06 4:00:00
2025-04-06,5:00:00,63.1,63.1,3,3,188.86,188.86,1223.6,1223.6,10.33,10.33,30,765,2025-04-06 5:00:00
2025-04-06,6:00:00,51.38,51.38,3,3,188.46,188.46,1117.2,1117.2,10.14,10.14,30,765,2025-04-06 6:00:00
2025-04-06,7:00:00,45.27,45.27,3,3,186.65,186.65,1054.06,1054.06,10.2,10.2,30,765,2025-04-06 7:00:00
2025-04-06,8:00:00,50.48,50.48,3,3,183.17,183.17,1033.59,1033.59,10.63,10.63,29.89,762.16,2025-04-06 8:00:00
2025-04-06,9:00:00,58.6,58.6,3,3,187.61,187.61,1015.8,1015.8,10.15,10.15,22.04,561.9,2025-04-06 9:00:00
2025-04-06,10:00:00,53.39,53.39,3,3,193.36,193.36,1035.37,1035.37,10.55,10.55,10.14,258.56,2025-04-06 10:00:00
2025-04-06,11:00:00,64.58,64.58,3,3,200.67,200.67,1057.88,1057.88,9.14,9.14,4.01,102.18,2025-04-06 11:00:00
2025-04-06,12:00:00,79.54,79.54,3,3,207.55,207.55,1093.21,1093.21,8.4,8.4,4,102.02,2025-04-06 12:00:00
2025-04-06,13:00:00,68.08,68.08,3,3,211.44,211.44,1104.01,1104.01,8.14,8.14,4.01,102.31,2025-04-06 13:00:00
2025-04-06,14:00:00,49.74,49.74,3,3,185.1,185.1,1058.65,1058.65,10.59,10.59,4.01,102.25,2025-04-06 14:00:00
2025-04-06,15:00:00,32.88,32.88,3,3,158.64,158.64,1394.12,1394.12,10.17,10.17,4.01,102.35,2025-04-06 15:00:00
2025-04-06,16:00:00,57.21,57.21,3,3,183.25,183.25,1272.39,1272.39,9.27,9.27,4,102,2025-04-06 16:00:00
2025-04-06,17:00:00,104.97,104.97,3,3,209.63,209.63,1179.66,1179.66,8.48,8.48,4,102.04,2025-04-06 17:00:00
2025-04-06,18:00:00,71.9,71.9,3,3,190.38,190.38,1121.7,1121.7,10.67,10.67,6.67,170.17,2025-04-06 18:00:00
2025-04-06,19:00:00,49.46,49.46,3,3,182.87,182.87,1194.78,1194.78,10.54,10.54,4,102.03,2025-04-06 19:00:00
2025-04-06,20:00:00,47.09,47.09,3,3,175.2,175.2,1205.89,1205.89,10.82,10.82,4,102.01,2025-04-06 20:00:00
2025-04-06,21:00:00,51.52,51.52,3,3,169.04,169.04,1177.67,1177.67,10.94,10.94,4,102,2025-04-06 21:00:00
2025-04-06,22:00:00,63.6,63.6,3,3,170.88,170.88,1287.71,1287.71,10.48,10.48,4,101.99,2025-04-06 22:00:00
2025-04-06,23:00:00,66.44,66.44,3,3,196.03,196.03,1180.29,1180.29,10.55,10.55,3.99,101.66,2025-04-06 23:00:00
2025-04-07,0:00:00,62.55,62.55,3,3,199.21,199.21,1022.1,1022.1,10.75,10.75,4.07,103.7,2025-04-07 0:00:00
2025-04-07,1:00:00,84.5,84.5,3,3,193.83,193.83,1079,1079,10.94,10.94,5.71,145.62,2025-04-07 1:00:00
2025-04-07,2:00:00,104.12,104.12,3,3,205.46,205.46,1095.28,1095.28,9.74,9.74,23.93,610.15,2025-04-07 2:00:00
2025-04-07,3:00:00,53.15,53.15,3,3,183.6,183.6,1075.75,1075.75,10.89,10.89,30,765,2025-04-07 3:00:00
2025-04-07,4:00:00,39.38,39.38,3,3,185.55,185.55,1032.19,1032.19,11,11,30,765,2025-04-07 4:00:00
2025-04-07,5:00:00,38.39,38.39,3,3,188.63,188.63,1075.92,1075.92,11,11,30,765,2025-04-07 5:00:00
2025-04-07,6:00:00,45.75,45.75,3,3,178.68,178.68,1189.29,1189.29,10.57,10.57,30,765,2025-04-07 6:00:00
2025-04-07,7:00:00,52.92,52.92,3.03,3.03,185.03,185.03,1182.11,1182.11,10.98,10.98,30,765,2025-04-07 7:00:00
2025-04-07,8:00:00,66.76,66.76,3,3,181.36,181.36,1167.27,1167.27,10.5,10.5,27.89,711.09,2025-04-07 8:00:00
2025-04-07,9:00:00,69.89,69.89,3,3,161.28,161.28,1368.16,1368.16,10.29,10.29,15.79,402.71,2025-04-07 9:00:00
2025-04-07,10:00:00,62.26,62.26,3,3,181.53,181.53,1208.37,1208.37,10.23,10.23,3.99,101.78,2025-04-07 10:00:00
2025-04-07,11:00:00,88.17,88.17,3,3,204.39,204.39,1033.09,1033.09,10.04,10.04,4,102,2025-04-07 11:00:00
2025-04-07,12:00:00,104.82,104.82,3,3,201.06,201.06,1195.2,1195.2,8.07,8.07,4.05,103.16,2025-04-07 12:00:00
2025-04-07,13:00:00,56.38,56.38,3,3,166.84,166.84,1394.36,1394.36,10.38,10.38,4.03,102.74,2025-04-07 13:00:00
2025-04-07,14:00:00,23.93,23.93,3,3,155.62,155.62,1641.4,1641.4,10.3,10.3,4.03,102.72,2025-04-07 14:00:00
2025-04-07,15:00:00,19.37,19.37,3,3,165.43,165.43,1563.9,1563.9,10.91,10.91,4.02,102.59,2025-04-07 15:00:00
2025-04-07,16:00:00,18.02,18.02,3,3,173.62,173.62,1258.96,1258.96,11,11,4.07,103.77,2025-04-07 16:00:00
2025-04-07,17:00:00,18.28,18.28,3,3,174.56,174.56,1252.91,1252.91,11,11,4.03,102.79,2025-04-07 17:00:00
2025-04-07,18:00:00,14.96,14.96,3,3,179.45,179.45,1238.86,1238.86,11,11,4.02,102.51,2025-04-07 18:00:00
2025-04-07,19:00:00,15.03,15.03,3,3,182.52,182.52,1197.62,1197.62,11,11,4.02,102.55,2025-04-07 19:00:00
2025-04-07,20:00:00,21.95,21.95,3,3,180.02,180.02,1221.95,1221.95,11,11,13.21,336.97,2025-04-07 20:00:00
2025-04-07,21:00:00,16.12,16.12,3,3,174.2,174.2,1367.69,1367.69,10.6,10.6,30,765,2025-04-07 21:00:00
2025-04-07,22:00:00,14.29,14.29,3,3,172.78,172.78,1334.35,1334.35,10.73,10.73,30,765,2025-04-07 22:00:00
2025-04-07,23:00:00,19.51,19.51,3,3,168.96,168.96,1477.62,1477.62,10.6,10.6,30,765,2025-04-07 23:00:00
2025-04-08,0:00:00,23.39,23.39,3,3,173.72,173.72,1410.94,1410.94,10.77,10.77,30,765,2025-04-08 0:00:00
2025-04-08,1:00:00,39.75,39.75,3,3,178.27,178.27,1363.91,1363.91,10.9,10.9,30,765,2025-04-08 1:00:00
2025-04-08,2:00:00,42.33,42.33,3,3,171.86,171.86,1379.98,1379.98,10.74,10.74,30,765,2025-04-08 2:00:00
2025-04-08,3:00:00,45.94,45.94,3,3,178.28,178.28,1434.95,1434.95,11,11,29.89,762.07,2025-04-08 3:00:00
2025-04-08,4:00:00,100.67,100.67,3,3,185.9,185.9,1820.16,1820.16,8.7,8.7,28.01,714.37,2025-04-08 4:00:00
2025-04-08,5:00:00,88.2,88.2,3,3,188.47,188.47,1570.72,1570.72,8.95,8.95,28.45,725.49,2025-04-08 5:00:00
2025-04-08,6:00:00,30,30,3,3,180.41,180.41,1419.35,1419.35,10.98,10.98,29.73,758.15,2025-04-08 6:00:00
2025-04-08,7:00:00,25.61,25.61,3,3,181.73,181.73,1492.91,1492.91,10.9,10.9,23.65,602.98,2025-04-08 7:00:00
2025-04-08,8:00:00,64.22,64.22,3,3,186.56,186.56,1698.25,1698.25,10.42,10.42,9.49,242.01,2025-04-08 8:00:00
2025-04-08,9:00:00,69.94,69.94,3,3,192.6,192.6,1530.68,1530.68,10.51,10.51,4.01,102.2,2025-04-08 9:00:00
2025-04-08,10:00:00,53.91,53.91,3,3,193.12,193.12,1459.03,1459.03,11,11,4.02,102.41,2025-04-08 10:00:00
2025-04-08,11:00:00,92.19,92.19,3,3,188.07,188.07,1526.83,1526.83,10.58,10.58,4.01,102.37,2025-04-08 11:00:00
2025-04-08,12:00:00,47.98,47.98,3,3,176.78,176.78,1579.84,1579.84,10.46,10.46,4.01,102.33,2025-04-08 12:00:00
2025-04-08,13:00:00,68.18,68.18,3,3,193.83,193.83,1346.85,1346.85,10.98,10.98,4.01,102.3,2025-04-08 13:00:00
2025-04-08,14:00:00,46.88,46.88,3,3,193.03,193.03,1458.35,1458.35,11,11,4.02,102.51,2025-04-08 14:00:00
2025-04-08,15:00:00,39.29,39.29,3,3,185.92,185.92,1428.94,1428.94,11,11,4.03,102.84,2025-04-08 15:00:00
2025-04-08,16:00:00,46.91,46.91,3,3,195.87,195.87,1237.56,1237.56,11,11,4.04,103.06,2025-04-08 16:00:00
2025-04-08,17:00:00,44.02,44.02,3,3,193.59,193.59,1257.87,1257.87,11,11,4.02,102.49,2025-04-08 17:00:00
2025-04-08,18:00:00,47.15,47.15,3,3,200.85,200.85,1130.25,1130.25,11,11,4.02,102.63,2025-04-08 18:00:00
2025-04-08,19:00:00,65.26,65.26,3,3,203.9,203.9,1189.99,1189.99,10.1,10.1,4.01,102.34,2025-04-08 19:00:00
2025-04-08,20:00:00,90.99,90.99,3,3,211.8,211.8,1190.11,1190.11,9.89,9.89,4.01,102.27,2025-04-08 20:00:00
2025-04-08,21:00:00,53.76,53.76,3,3,204.99,204.99,1094.25,1094.25,11,11,8.99,229.32,2025-04-08 21:00:00
2025-04-08,22:00:00,47.11,47.11,3.02,3.02,184.84,184.84,1337.04,1337.04,11.01,11.01,26,663,2025-04-08 22:00:00
2025-04-08,23:00:00,40.22,40.22,3,3,183.11,183.11,1361.42,1361.42,11,11,30,765,2025-04-08 23:00:00
2025-04-09,0:00:00,35.84,35.84,3,3,179.77,179.77,1493.21,1493.21,10.94,10.94,30,765,2025-04-09 0:00:00
2025-04-09,1:00:00,30.96,30.96,3,3,181.11,181.11,1454.99,1454.99,10.9,10.9,30,765,2025-04-09 1:00:00
2025-04-09,2:00:00,38.98,38.98,3,3,173.9,173.9,1683.95,1683.95,10.69,10.69,30,765,2025-04-09 2:00:00
2025-04-09,3:00:00,73.29,73.29,3,3,166.89,166.89,2057.1,2057.1,10.23,10.23,30,765,2025-04-09 3:00:00
2025-04-09,4:00:00,77.88,77.88,3,3,173.16,173.16,2179.39,2179.39,10.38,10.38,30,765,2025-04-09 4:00:00
2025-04-09,5:00:00,56.01,56.01,3,3,174.29,174.29,1826.5,1826.5,10.92,10.92,30,765,2025-04-09 5:00:00
2025-04-09,6:00:00,56.39,56.39,3,3,165.49,165.49,2324.08,2324.08,10.71,10.71,30,765,2025-04-09 6:00:00
2025-04-09,7:00:00,71.55,71.55,3,3,179.3,179.3,1796.11,1796.11,10.72,10.72,23.18,591.02,2025-04-09 7:00:00
2025-04-09,8:00:00,69.58,69.58,3,3,201.57,201.57,1379.54,1379.54,8.95,8.95,19.5,497.22,2025-04-09 8:00:00
2025-04-09,9:00:00,41.95,41.95,3,3,216.4,216.4,1337.03,1337.03,8.01,8.01,22.08,563.03,2025-04-09 9:00:00
2025-04-09,10:00:00,42.65,42.65,3,3,218.74,218.74,1216.25,1216.25,8.44,8.44,16.59,423.05,2025-04-09 10:00:00
2025-04-09,11:00:00,63.61,63.61,3,3,215.17,215.17,1172.15,1172.15,10.09,10.09,7.47,190.5,2025-04-09 11:00:00
2025-04-09,12:00:00,51.24,51.24,3,3,185.72,185.72,1681.04,1681.04,11,11,4.71,120.19,2025-04-09 12:00:00
2025-04-09,13:00:00,65.51,65.51,3,3,177.63,177.63,1798.11,1798.11,10.81,10.81,4.02,102.47,2025-04-09 13:00:00
2025-04-09,14:00:00,54.58,54.58,3,3,190.93,190.93,1728.28,1728.28,10.79,10.79,4.07,103.8,2025-04-09 14:00:00
2025-04-09,15:00:00,64.02,64.02,3,3,190.14,190.14,1488.46,1488.46,10.98,10.98,4.05,103.21,2025-04-09 15:00:00
2025-04-09,16:00:00,50.39,50.39,3,3,187.45,187.45,1357.2,1357.2,10.94,10.94,4.03,102.65,2025-04-09 16:00:00
2025-04-09,17:00:00,44.23,44.23,3,3,187.93,187.93,1238.72,1238.72,10.98,10.98,4.01,102.31,2025-04-09 17:00:00
2025-04-09,18:00:00,59.8,59.8,3,3,210.14,210.14,951.4,951.4,10.82,10.82,4.01,102.28,2025-04-09 18:00:00
2025-04-09,19:00:00,50.55,50.55,3,3,205.49,205.49,943.46,943.46,11,11,4,102.01,2025-04-09 19:00:00
2025-04-09,20:00:00,61.54,61.54,3.07,3.07,191.67,191.67,1133.53,1133.53,11,11,4,102.02,2025-04-09 20:00:00
2025-04-09,21:00:00,45.6,45.6,3,3,184.46,184.46,1111.24,1111.24,11,11,4.33,110.5,2025-04-09 21:00:00
2025-04-09,22:00:00,40.64,40.64,3,3,186.79,186.79,1050.04,1050.04,11,11,18.54,472.72,2025-04-09 22:00:00
2025-04-09,23:00:00,53.97,53.97,3,3,177.84,177.84,1115.19,1115.19,11,11,30,765,2025-04-09 23:00:00
2025-04-10,0:00:00,66.32,66.32,3,3,174.29,174.29,1166.01,1166.01,11,11,30,765,2025-04-10 0:00:00
2025-04-10,1:00:00,73.11,73.11,3,3,181.67,181.67,1117.5,1117.5,10.89,10.89,30,765,2025-04-10 1:00:00
2025-04-10,2:00:00,91.62,91.62,3,3,197.9,197.9,1015.13,1015.13,10.66,10.66,30,765,2025-04-10 2:00:00
2025-04-10,3:00:00,88.97,88.94,3,3,200.01,199.95,917.08,916.82,11,11,30,764.78,2025-04-10 3:00:00
2025-04-10,4:00:00,88.58,88.58,3.03,3.03,207.23,207.23,934.81,934.81,10.99,10.99,22.45,572.59,2025-04-10 4:00:00
2025-04-10,5:00:00,64.75,64.75,3,3,200.1,200.1,1048.33,1048.33,10.9,10.9,7.44,189.68,2025-04-10 5:00:00
2025-04-10,6:00:00,47.04,47.04,3,3,203.28,203.28,1075.35,1075.35,10.97,10.97,4.16,105.98,2025-04-10 6:00:00
2025-04-10,7:00:00,52.64,52.64,3,3,194.67,194.67,1050.82,1050.82,10.98,10.98,4,102.01,2025-04-10 7:00:00
2025-04-10,8:00:00,64.94,64.94,3,3,201.72,201.72,1597.03,1597.03,9.91,9.91,9.76,248.91,2025-04-10 8:00:00
2025-04-10,9:00:00,70.8,70.8,3,3,208.32,208.32,1658.22,1658.22,10.11,10.11,16.76,427.33,2025-04-10 9:00:00
2025-04-10,10:00:00,43.32,43.32,3,3,186.96,186.96,1206.55,1206.55,10.85,10.85,10.11,257.91,2025-04-10 10:00:00
2025-04-10,11:00:00,42.74,42.74,3,3,185.96,185.96,1242.3,1242.3,10.75,10.75,6.93,176.8,2025-04-10 11:00:00
2025-04-10,12:00:00,47.36,47.25,3,3,190.97,190.57,1339.4,1336.06,10.57,10.55,4.54,115.47,2025-04-10 12:00:00
2025-04-10,13:00:00,62.04,42.72,3.07,2.58,193.84,157.35,1342.91,1119.76,10.72,8.58,4.01,80.89,2025-04-10 13:00:00
2025-04-10,14:00:00,105,1,15.71,1,34.92,1,158.88,1,18.7,1,4.06,1,2025-04-10 14:00:00
2025-04-10,15:00:00,105,1,18.59,1,37.12,1,64.04,1,19,1,4,1,2025-04-10 15:00:00
2025-04-10,16:00:00,105,1,18.75,1,37.07,1,50.82,1,19,1,3.44,1,2025-04-10 16:00:00
2025-04-10,17:00:00,105,1,18.65,1,37.05,1,45.69,1,19,1,3.29,1,2025-04-10 17:00:00
2025-04-10,18:00:00,105,1,18.96,1,37.45,1,41.08,1,19,1,4.68,1,2025-04-10 18:00:00
2025-04-10,19:00:00,104.92,1,15.31,1,30.63,1,288.85,1,18.48,1,21.23,1,2025-04-10 19:00:00
2025-04-10,20:00:00,81.96,1,6.63,1,17.81,1,61.86,1,16.47,1,30,1,2025-04-10 20:00:00
2025-04-10,21:00:00,72.37,1,5.07,1,112.24,1,27,1,14.78,1,29.99,1,2025-04-10 21:00:00
2025-04-10,22:00:00,53.08,1,5.64,1,152.34,1,22.3,1,14.96,1,30,1,2025-04-10 22:00:00
2025-04-10,23:00:00,34.57,1,5,1,118.32,1,40.01,1,15,1,30,1,2025-04-10 23:00:00
2025-04-11,0:00:00,42.85,23.71,4.17,3.17,169.7,141.31,377.17,369.37,12.83,9.33,30,574.22,2025-04-11 0:00:00
2025-04-11,1:00:00,29.89,29.89,3.64,3.64,154.96,154.96,786,786,11.18,11.18,29.58,754.39,2025-04-11 1:00:00
2025-04-11,2:00:00,28.31,28.31,3.43,3.43,185.71,185.71,1310.62,1310.62,10.82,10.82,15.07,384.29,2025-04-11 2:00:00
2025-04-11,3:00:00,17.77,17.77,3.06,3.06,206.06,206.06,641.02,641.02,9.42,9.42,7.39,188.49,2025-04-11 3:00:00
2025-04-11,4:00:00,23.6,23.6,3,3,225.05,225.05,796.31,796.31,8.93,8.93,4,102.04,2025-04-11 4:00:00
2025-04-11,5:00:00,39.02,39.02,3,3,211.29,211.29,1063.03,1063.03,8.69,8.69,4,102.08,2025-04-11 5:00:00
2025-04-11,6:00:00,47.39,47.39,3.07,3.07,191.42,191.42,965.65,965.65,10.59,10.59,4,102.12,2025-04-11 6:00:00
2025-04-11,7:00:00,25.62,25.62,3.06,3.06,187.22,187.22,935.96,935.96,10.84,10.84,4,102.06,2025-04-11 7:00:00
2025-04-11,8:00:00,21.28,21.28,3,3,170.3,170.3,1575.82,1575.82,10.3,10.3,4.01,102.15,2025-04-11 8:00:00
2025-04-11,9:00:00,22.01,22.01,3.02,3.02,158.68,158.68,1547.1,1547.1,10.75,10.75,4.01,102.37,2025-04-11 9:00:00
2025-04-11,10:00:00,23.37,23.37,3,3,149.71,149.71,2093.63,2093.63,10.29,10.29,4.01,102.25,2025-04-11 10:00:00
2025-04-11,11:00:00,24.83,24.83,3,3,137.49,137.49,1743.91,1743.91,10.44,10.44,5.32,135.63,2025-04-11 11:00:00
2025-04-11,12:00:00,35.44,35.44,3,3,160.6,160.6,1265.54,1265.54,11,11,20.51,522.91,2025-04-11 12:00:00
2025-04-11,13:00:00,24.62,24.62,3,3,162.18,162.18,1213.68,1213.68,10.86,10.86,13.31,339.36,2025-04-11 13:00:00
2025-04-11,14:00:00,24.51,24.51,3,3,171.88,171.88,1250.92,1250.92,10.71,10.71,4,102.04,2025-04-11 14:00:00
2025-04-11,15:00:00,26.74,26.74,3,3,188.75,188.75,1151.94,1151.94,11,11,4.01,102.2,2025-04-11 15:00:00
2025-04-11,16:00:00,25.72,25.72,3,3,182.88,182.88,1260.03,1260.03,10.86,10.86,11.14,284.09,2025-04-11 16:00:00
2025-04-11,17:00:00,24.94,24.94,3,3,183.45,183.45,1257.89,1257.89,10.9,10.9,16.46,419.84,2025-04-11 17:00:00
2025-04-11,18:00:00,26.9,26.9,3.02,3.02,173.29,173.29,1742.26,1742.26,10.44,10.44,17.14,437,2025-04-11 18:00:00
2025-04-11,19:00:00,32.29,32.29,3.01,3.01,181.4,181.4,1301.36,1301.36,10.96,10.96,17.56,447.76,2025-04-11 19:00:00
2025-04-11,20:00:00,33.57,33.57,3,3,175.92,175.92,1471.5,1471.5,10.64,10.64,12.46,317.64,2025-04-11 20:00:00
2025-04-11,21:00:00,35,35,3,3,180.33,180.33,1521.93,1521.93,10.53,10.53,26.36,672.15,2025-04-11 21:00:00
2025-04-11,22:00:00,65.49,65.49,3,3,183.79,183.79,1851.63,1851.63,10.32,10.32,28.94,738.04,2025-04-11 22:00:00
2025-04-11,23:00:00,61.64,61.64,3,3,183.46,183.46,1138.89,1138.89,10.52,10.52,28.61,729.46,2025-04-11 23:00:00
2025-04-12,0:00:00,48.62,48.62,3,3,188.83,188.83,1145.31,1145.31,10.83,10.83,30,765,2025-04-12 0:00:00
2025-04-12,1:00:00,40.11,40.11,3,3,194.15,194.15,1115.24,1115.24,10.88,10.88,30,765,2025-04-12 1:00:00
2025-04-12,2:00:00,35.66,35.66,3,3,188.52,188.52,1110.18,1110.18,10.99,10.99,30,765,2025-04-12 2:00:00
2025-04-12,3:00:00,29.99,29.99,3,3,186.53,186.53,1139.33,1139.33,10.89,10.89,30,765,2025-04-12 3:00:00
2025-04-12,4:00:00,35.36,35.36,3,3,188.2,188.2,1160.59,1160.59,10.95,10.95,30,765,2025-04-12 4:00:00
2025-04-12,5:00:00,39.41,39.41,3,3,168.43,168.43,1608.75,1608.75,10.63,10.63,30,765,2025-04-12 5:00:00
2025-04-12,6:00:00,37.35,37.35,3,3,190.07,190.07,1234.05,1234.05,11,11,30,765,2025-04-12 6:00:00
2025-04-12,7:00:00,36.05,36.05,3,3,182.37,182.37,1317.74,1317.74,10.97,10.97,30,765,2025-04-12 7:00:00
2025-04-12,8:00:00,34,34,3,3,205.44,205.44,1193.22,1193.22,10.99,10.99,30,765,2025-04-12 8:00:00
2025-04-12,9:00:00,37.78,37.78,3,3,194.21,194.21,1105.24,1105.24,11,11,26.6,678.39,2025-04-12 9:00:00
2025-04-12,10:00:00,32.9,32.9,3,3,182.75,182.75,1225.1,1225.1,10.62,10.62,17.11,436.29,2025-04-12 10:00:00
2025-04-12,11:00:00,32.7,32.7,3,3,183.2,183.2,1199.51,1199.51,10.6,10.6,4.75,121.13,2025-04-12 11:00:00
2025-04-12,12:00:00,40.71,40.71,3,3,187.32,187.32,1203.46,1203.46,10.64,10.64,4.02,102.44,2025-04-12 12:00:00
2025-04-12,13:00:00,46.24,46.24,3,3,188.72,188.72,1207.58,1207.58,10.91,10.91,4.01,102.37,2025-04-12 13:00:00
2025-04-12,14:00:00,43.43,43.43,3,3,191.09,191.09,1209.48,1209.48,10.86,10.86,4.01,102.36,2025-04-12 14:00:00
2025-04-12,15:00:00,45.47,45.47,3,3,192.05,192.05,1142.91,1142.91,10.79,10.79,4.02,102.59,2025-04-12 15:00:00
2025-04-12,16:00:00,51.59,51.59,3,3,178.76,178.76,1308.51,1308.51,10.06,10.06,4.02,102.5,2025-04-12 16:00:00
2025-04-12,17:00:00,49.23,49.23,3,3,178.67,178.67,1571.59,1571.59,10.18,10.18,4,102.09,2025-04-12 17:00:00
2025-04-12,18:00:00,60.82,60.82,3,3,178.74,178.74,1476.92,1476.92,10.04,10.04,4,102.12,2025-04-12 18:00:00
2025-04-12,19:00:00,66.35,66.35,3,3,178.39,178.39,1484.4,1484.4,10.03,10.03,4,102,2025-04-12 19:00:00
2025-04-12,20:00:00,53.23,53.23,3,3,184.08,184.08,1340.22,1340.22,10.2,10.2,4,102.04,2025-04-12 20:00:00
2025-04-12,21:00:00,63.38,63.38,3,3,208.47,208.47,1252.73,1252.73,8.13,8.13,12.64,322.27,2025-04-12 21:00:00
2025-04-12,22:00:00,59.35,59.35,3,3,209.55,209.55,1232.49,1232.49,8.02,8.02,15.99,407.72,2025-04-12 22:00:00
2025-04-12,23:00:00,58.88,58.88,3,3,221.28,221.28,1156.33,1156.33,8.16,8.16,21.06,537,2025-04-12 23:00:00
2025-04-13,0:00:00,51.56,51.56,3,3,195.26,195.26,1104.81,1104.81,10.94,10.94,29.99,764.85,2025-04-13 0:00:00
2025-04-13,1:00:00,33.18,33.18,3,3,173.27,173.27,1226.98,1226.98,10.44,10.44,30,765,2025-04-13 1:00:00
2025-04-13,2:00:00,36.31,36.31,3,3,171.67,171.67,1400.34,1400.34,10.2,10.2,30,765,2025-04-13 2:00:00
2025-04-13,3:00:00,44.68,44.68,3,3,181.69,181.69,1229.86,1229.86,10,10,30,765,2025-04-13 3:00:00
2025-04-13,4:00:00,56.27,56.27,3,3,186.43,186.43,1165.54,1165.54,10.09,10.09,30,765,2025-04-13 4:00:00
2025-04-13,5:00:00,60.33,60.33,3,3,184.9,184.9,1225.82,1225.82,10,10,30,765,2025-04-13 5:00:00
2025-04-13,6:00:00,67.63,67.63,3,3,179.65,179.65,1349.15,1349.15,10.46,10.46,30,765,2025-04-13 6:00:00
2025-04-13,7:00:00,69.13,69.13,3,3,183.51,183.51,1291.74,1291.74,10.54,10.54,28.5,726.7,2025-04-13 7:00:00
2025-04-13,8:00:00,58.25,58.25,3,3,182.87,182.87,1208.33,1208.33,10.35,10.35,22.86,582.98,2025-04-13 8:00:00
2025-04-13,9:00:00,46.32,46.32,3,3,198.69,198.69,1132.27,1132.27,10.96,10.96,18.16,463.13,2025-04-13 9:00:00
2025-04-13,10:00:00,69.23,69.23,3,3,206.24,206.24,1122.22,1122.22,10.86,10.86,10.56,269.22,2025-04-13 10:00:00
2025-04-13,11:00:00,79.74,79.74,3,3,213.06,213.06,1187.5,1187.5,10.96,10.96,4.06,103.62,2025-04-13 11:00:00
2025-04-13,12:00:00,86.97,86.97,3,3,205.56,205.56,1138.89,1138.89,10.99,10.99,4.06,103.55,2025-04-13 12:00:00
2025-04-13,13:00:00,77.43,77.43,3,3,192.6,192.6,1141.4,1141.4,10.5,10.5,4.06,103.62,2025-04-13 13:00:00
2025-04-13,14:00:00,60.93,60.93,3,3,187.01,187.01,1224.36,1224.36,10,10,4.07,103.71,2025-04-13 14:00:00
2025-04-13,15:00:00,59.22,59.22,3,3,191.09,191.09,1236.34,1236.34,10.05,10.05,4.02,102.56,2025-04-13 15:00:00
2025-04-13,16:00:00,47.32,47.32,3,3,182.43,182.43,1480.38,1480.38,10,10,4.02,102.64,2025-04-13 16:00:00
2025-04-13,17:00:00,55.09,55.09,3,3,167.07,167.07,1761.51,1761.51,10,10,4.02,102.4,2025-04-13 17:00:00
2025-04-13,18:00:00,63.62,63.62,3,3,177.89,177.89,1637.52,1637.52,10,10,4.01,102.35,2025-04-13 18:00:00
2025-04-13,19:00:00,45.87,45.87,3,3,175.79,175.79,2035.89,2035.89,10.06,10.06,4.01,102.15,2025-04-13 19:00:00
2025-04-13,20:00:00,45.9,45.9,3.04,3.04,177.35,177.35,1499.99,1499.99,10.55,10.55,4,102.09,2025-04-13 20:00:00
2025-04-13,21:00:00,35.56,35.56,3,3,154.11,154.11,1538.87,1538.87,10.16,10.16,4,102.05,2025-04-13 21:00:00
2025-04-13,22:00:00,52.28,52.28,3,3,164.78,164.78,1367.12,1367.12,10.21,10.21,4,101.94,2025-04-13 22:00:00
2025-04-13,23:00:00,56.06,56.06,3,3,168.76,168.76,1286.49,1286.49,10.37,10.37,4,101.9,2025-04-13 23:00:00
2025-04-14,0:00:00,54.54,54.54,3,3,184.6,184.6,1074.56,1074.56,10.83,10.83,4,101.96,2025-04-14 0:00:00
2025-04-14,1:00:00,46.46,46.46,3,3,182.72,182.72,1002.18,1002.18,10.98,10.98,4.74,120.9,2025-04-14 1:00:00
2025-04-14,2:00:00,37.22,37.22,3,3,190.92,190.92,972.93,972.93,10.87,10.87,13.19,336.39,2025-04-14 2:00:00
2025-04-14,3:00:00,34.84,34.84,3,3,200.16,200.16,946.41,946.41,10.83,10.83,19.17,488.91,2025-04-14 3:00:00
2025-04-14,4:00:00,42.1,42.1,3,3,195.96,195.96,1035.97,1035.97,10.88,10.88,16.76,427.38,2025-04-14 4:00:00
2025-04-14,5:00:00,45.31,45.31,3,3,188.44,188.44,1067.67,1067.67,10.74,10.74,16.77,427.71,2025-04-14 5:00:00
2025-04-14,6:00:00,34.77,34.77,3,3,211.32,211.32,1005.14,1005.14,10.62,10.62,26.47,674.94,2025-04-14 6:00:00
2025-04-14,7:00:00,38.79,38.79,3,3,204.73,204.73,1003.65,1003.65,10.98,10.98,30,765,2025-04-14 7:00:00
2025-04-14,8:00:00,57.14,57.14,3,3,200.38,200.38,1003.51,1003.51,10.82,10.82,29.89,762.31,2025-04-14 8:00:00
2025-04-14,9:00:00,48.91,48.91,3,3,197.81,197.81,1047.17,1047.17,10.5,10.5,27.74,707.41,2025-04-14 9:00:00
2025-04-14,10:00:00,50.65,50.65,3,3,196.78,196.78,1038.17,1038.17,10.05,10.05,17.15,437.23,2025-04-14 10:00:00
2025-04-14,11:00:00,49.58,49.58,3,3,181.12,181.12,1104.27,1104.27,10.47,10.47,4.12,104.98,2025-04-14 11:00:00
2025-04-14,12:00:00,59.08,59.08,3,3,179.71,179.71,1169.37,1169.37,10.43,10.43,4.01,102.24,2025-04-14 12:00:00
2025-04-14,13:00:00,48.99,48.99,3,3,183.98,183.98,1162.24,1162.24,10.78,10.78,4.01,102.23,2025-04-14 13:00:00
2025-04-14,14:00:00,49.32,49.32,3,3,189.28,189.28,1088.02,1088.02,10.36,10.36,4,102.1,2025-04-14 14:00:00
2025-04-14,15:00:00,51.96,51.96,3,3,188.99,188.99,1106.46,1106.46,10.3,10.3,4,102.08,2025-04-14 15:00:00
2025-04-14,16:00:00,65.79,65.79,3,3,189.83,189.83,1105.93,1105.93,10.55,10.55,4.02,102.44,2025-04-14 16:00:00
2025-04-14,17:00:00,57.83,57.83,3,3,192.89,192.89,1101.51,1101.51,10.52,10.52,4.02,102.48,2025-04-14 17:00:00
2025-04-14,18:00:00,49.95,49.95,3,3,173.83,173.83,1205.96,1205.96,10.65,10.65,4.01,102.15,2025-04-14 18:00:00
2025-04-14,19:00:00,49.67,49.67,3,3,180.9,180.9,1197.13,1197.13,10.13,10.13,7.94,202.37,2025-04-14 19:00:00
2025-04-14,20:00:00,72.12,72.12,3,3,172.88,172.88,1267.43,1267.43,10.61,10.61,19.58,499.22,2025-04-14 20:00:00
2025-04-14,21:00:00,71.81,71.81,3,3,162.47,162.47,1352.92,1352.92,10.14,10.14,29.93,763.13,2025-04-14 21:00:00
2025-04-14,22:00:00,96.32,96.32,3,3,172.22,172.22,1199.39,1199.39,10,10,30,765,2025-04-14 22:00:00
2025-04-14,23:00:00,66.08,66.08,3,3,186.12,186.12,1127.1,1127.1,10.28,10.28,30,765,2025-04-14 23:00:00
2025-04-15,0:00:00,62.56,62.56,3,3,164.75,164.75,1335.79,1335.79,10.55,10.55,30,765,2025-04-15 0:00:00
2025-04-15,1:00:00,76.38,76.38,3,3,202.44,202.44,981.06,981.06,10.92,10.92,29.7,757.37,2025-04-15 1:00:00
2025-04-15,2:00:00,94.85,94.85,3.03,3.03,183.13,183.13,1040.76,1040.76,10.76,10.76,24.38,621.79,2025-04-15 2:00:00
2025-04-15,3:00:00,51.06,51.06,3,3,172.77,172.77,1066.95,1066.95,10.84,10.84,17.82,454.3,2025-04-15 3:00:00
2025-04-15,4:00:00,47.89,47.89,3,3,181.51,181.51,1221.81,1221.81,10.81,10.81,14.68,374.24,2025-04-15 4:00:00
2025-04-15,5:00:00,41.68,41.68,3.03,3.03,192.12,192.12,1062.28,1062.28,10.78,10.78,10.72,273.46,2025-04-15 5:00:00
2025-04-15,6:00:00,34.49,34.49,3,3,183.07,183.07,1211.84,1211.84,10.95,10.95,16.33,416.33,2025-04-15 6:00:00
2025-04-15,7:00:00,34.82,34.82,3.02,3.02,179.35,179.35,1116.85,1116.85,11,11,24.1,614.58,2025-04-15 7:00:00
2025-04-15,8:00:00,52.57,52.57,3,3,174.21,174.21,1117.16,1117.16,10.96,10.96,30,765,2025-04-15 8:00:00
2025-04-15,9:00:00,59.36,59.36,3,3,172.54,172.54,1101.42,1101.42,10.99,10.99,28.37,723.44,2025-04-15 9:00:00
2025-04-15,10:00:00,67.76,67.76,3,3,176.33,176.33,1092.07,1092.07,11,11,15.72,400.98,2025-04-15 10:00:00
2025-04-15,11:00:00,63.68,63.68,3,3,148.31,148.31,1199.58,1199.58,10.53,10.53,3.99,101.78,2025-04-15 11:00:00
2025-04-15,12:00:00,56.99,56.99,3,3,148.29,148.29,1278.38,1278.38,10.16,10.16,3.96,101.08,2025-04-15 12:00:00
2025-04-15,13:00:00,62.82,62.82,3,3,145.19,145.19,1353.37,1353.37,10,10,3.97,101.23,2025-04-15 13:00:00
2025-04-15,14:00:00,62.76,62.76,3,3,158.03,158.03,1128.56,1128.56,10.66,10.66,3.99,101.79,2025-04-15 14:00:00
2025-04-15,15:00:00,52.15,52.15,3,3,155.05,155.05,1122.4,1122.4,11,11,4,102.1,2025-04-15 15:00:00
2025-04-15,16:00:00,63.7,63.7,3,3,157.98,157.98,1102.28,1102.28,11,11,4.01,102.21,2025-04-15 16:00:00
2025-04-15,17:00:00,78.07,78.07,3,3,152.51,152.51,1148.64,1148.64,10.99,10.99,4,102.06,2025-04-15 17:00:00
2025-04-15,18:00:00,103.54,103.54,3,3,162.11,162.11,1139.33,1139.33,10.97,10.97,4,102.07,2025-04-15 18:00:00
2025-04-15,19:00:00,99.66,99.66,3,3,170.7,170.7,1076.08,1076.08,11,11,4,101.96,2025-04-15 19:00:00
2025-04-15,20:00:00,105,105,3,3,166.4,166.4,1131.48,1131.48,10.84,10.84,9.88,251.92,2025-04-15 20:00:00
2025-04-15,21:00:00,103.26,103.26,3,3,170.91,170.91,1086.01,1086.01,10.94,10.94,13.28,338.52,2025-04-15 21:00:00
2025-04-15,22:00:00,104.4,104.4,3,3,156.77,156.77,1140.74,1140.74,10.46,10.46,7.74,197.49,2025-04-15 22:00:00
2025-04-15,23:00:00,104.94,104.94,3,3,146.74,146.74,1198.52,1198.52,10.02,10.02,7.84,199.97,2025-04-15 23:00:00
2025-04-16,0:00:00,104.44,104.44,3,3,149.13,149.13,1255.3,1255.3,10.11,10.11,10.73,273.7,2025-04-16 0:00:00
2025-04-16,1:00:00,88.35,88.35,3,3,136.04,136.04,1414.91,1414.91,10.05,10.05,17.09,435.75,2025-04-16 1:00:00
2025-04-16,2:00:00,96.34,96.34,3,3,154.25,154.25,1205.16,1205.16,10.03,10.03,26.83,684.25,2025-04-16 2:00:00
2025-04-16,3:00:00,95.59,95.59,3,3,152.41,152.41,1266.74,1266.74,10.52,10.52,30,765,2025-04-16 3:00:00
2025-04-16,4:00:00,101.62,101.62,3,3,148.6,148.6,1221.24,1221.24,10.22,10.22,30,765,2025-04-16 4:00:00
2025-04-16,5:00:00,105,105,3,3,159.54,159.54,1273.55,1273.55,10.37,10.37,29.52,752.74,2025-04-16 5:00:00
2025-04-16,6:00:00,105,105,3,3,176.12,176.12,1188.32,1188.32,10.29,10.29,24.65,628.5,2025-04-16 6:00:00
2025-04-16,7:00:00,105,105,3,3,183.58,183.58,1154.25,1154.25,10.68,10.68,8.43,214.85,2025-04-16 7:00:00
2025-04-16,8:00:00,105,105,3,3,191.99,191.99,1021.48,1021.48,10.58,10.58,4,101.94,2025-04-16 8:00:00
2025-04-16,9:00:00,104.01,104.01,3,3,199.11,199.11,1027.82,1027.82,10.96,10.96,4,102,2025-04-16 9:00:00
2025-04-16,10:00:00,100.16,100.16,3,3,197.77,197.77,1124.28,1124.28,10.62,10.62,4,101.99,2025-04-16 10:00:00
2025-04-16,11:00:00,99.39,99.39,3,3,191.14,191.14,1067.74,1067.74,10.5,10.5,4,102.07,2025-04-16 11:00:00
2025-04-16,12:00:00,105,105,3,3,168.73,168.73,1176.21,1176.21,10.2,10.2,4,102.12,2025-04-16 12:00:00
2025-04-16,13:00:00,104.24,104.24,3,3,197.3,197.3,1003.51,1003.51,10.48,10.48,4,102,2025-04-16 13:00:00
2025-04-16,14:00:00,83.82,17.57,75,1.34,204.33,33.58,851.74,177.31,8.07,2.71,4,18.41,2025-04-16 14:00:00
2025-04-16,15:00:00,81.13,9.94,3.03,1.24,167.71,20.03,1265.22,141.11,10.95,2.13,4,12.46,2025-04-16 15:00:00
2025-04-16,16:00:00,80.7,1,3,1,175.78,1,1129.7,1,11,1,4.01,1,2025-04-16 16:00:00
2025-04-16,17:00:00,71.19,1,3,1,181.16,1,1162.12,1,11,1,4.01,1,2025-04-16 17:00:00
2025-04-16,18:00:00,68.7,1,3,1,179.17,1,1166.84,1,11,1,4.01,1,2025-04-16 18:00:00
2025-04-16,19:00:00,73.35,1,3,1,178.74,1,1158.48,1,11,1,4.01,1,2025-04-16 19:00:00
2025-04-16,20:00:00,83.58,1,3,1,182.65,1,1142.12,1,11,1,7.13,1,2025-04-16 20:00:00
2025-04-16,21:00:00,79.96,1,3,1,184.2,1,1173.08,1,11,1,13.82,1,2025-04-16 21:00:00
2025-04-16,22:00:00,80.35,1,3,1,171.61,1,1221.83,1,11,1,14.14,1,2025-04-16 22:00:00
2025-04-16,23:00:00,57.78,1,3,1,181.51,1,1192.61,1,10.99,1,15.43,1,2025-04-16 23:00:00
2025-04-17,0:00:00,76.28,75.85,3,2.99,156.42,155.24,1430.03,1422.03,10.97,10.9,19.95,506.08,2025-04-17 0:00:00
2025-04-17,1:00:00,64.7,64.7,3,3,167.91,167.91,1240.34,1240.34,11,11,25.89,660.09,2025-04-17 1:00:00
2025-04-17,2:00:00,59.77,59.77,3,3,175.31,175.31,1238.82,1238.82,11,11,29.22,745.09,2025-04-17 2:00:00
2025-04-17,3:00:00,58.29,58.29,3.04,3.04,183.46,183.46,1235.69,1235.69,11.04,11.04,21.95,559.7,2025-04-17 3:00:00
2025-04-17,4:00:00,53.34,53.34,3,3,193.76,193.76,1143.66,1143.66,11,11,23.02,587.11,2025-04-17 4:00:00
2025-04-17,5:00:00,64.95,64.95,3,3,193.48,193.48,1096.7,1096.7,10.94,10.94,26.46,674.71,2025-04-17 5:00:00
2025-04-17,6:00:00,86,86,3,3,214.32,214.32,1128.08,1128.08,8.99,8.99,23.42,597.13,2025-04-17 6:00:00
2025-04-17,7:00:00,63.52,63.52,3,3,193.59,193.59,1261.89,1261.89,8.96,8.96,21.22,541,2025-04-17 7:00:00
2025-04-17,8:00:00,43.48,43.48,3,3,214.4,214.4,1153.77,1153.77,8.42,8.42,12.11,308.88,2025-04-17 8:00:00
2025-04-17,9:00:00,46.28,46.28,3,3,213.98,213.98,1192.6,1192.6,8.04,8.04,8.81,224.6,2025-04-17 9:00:00
2025-04-17,10:00:00,51.75,51.75,3,3,206.74,206.74,1214.72,1214.72,8,8,4.33,110.44,2025-04-17 10:00:00
2025-04-17,11:00:00,56.81,56.81,3,3,200.52,200.52,1187.6,1187.6,8,8,4,102.02,2025-04-17 11:00:00
2025-04-17,12:00:00,64.6,64.6,11.63,11.63,197.6,197.6,1261.81,1261.81,8.01,8.01,4,102.01,2025-04-17 12:00:00
2025-04-17,13:00:00,69.79,69.79,26.7,26.7,213.57,213.57,1129.47,1129.47,8.5,8.5,4,102,2025-04-17 13:00:00
2025-04-17,14:00:00,70.25,32.68,40.25,16.28,203.99,101.22,1119.77,559.17,8.6,4.4,4.01,49.25,2025-04-17 14:00:00
2025-04-17,15:00:00,62.12,12.09,96.34,6.21,248.59,48.16,851.24,174.13,5.84,2.22,4.08,17.66,2025-04-17 15:00:00
2025-04-17,16:00:00,73.16,73.16,35.53,35.53,307.41,307.41,1171.26,1171.26,9.15,9.15,13.74,350.45,2025-04-17 16:00:00
2025-04-17,17:00:00,65.02,65.02,33.89,33.89,299.48,299.48,1314.32,1314.32,8.9,8.9,22.25,567.35,2025-04-17 17:00:00
2025-04-17,18:00:00,78.73,78.73,34.13,34.13,271.69,271.69,1454.34,1454.34,8.91,8.91,24.09,614.36,2025-04-17 18:00:00
2025-04-17,19:00:00,99.04,99.04,40.21,40.21,283.72,283.72,1293.86,1293.86,10.51,10.51,24.99,637.22,2025-04-17 19:00:00
2025-04-17,20:00:00,74.63,74.63,43.43,43.43,252.4,252.4,1429.65,1429.65,11.6,11.6,23.42,597.29,2025-04-17 20:00:00
2025-04-17,21:00:00,68.33,68.33,43,43,251.68,251.68,1432.7,1432.7,11.24,11.24,23.4,596.73,2025-04-17 21:00:00
2025-04-17,22:00:00,71.17,71.17,43.15,43.15,255.73,255.73,1486.8,1486.8,11.44,11.44,22.07,562.66,2025-04-17 22:00:00
2025-04-17,23:00:00,101.25,101.25,43.63,43.63,259.37,259.37,1435.62,1435.62,11.63,11.63,20.32,518.15,2025-04-17 23:00:00
2025-04-18,0:00:00,105,105,43.79,43.79,282.78,282.78,1267.64,1267.64,11.52,11.52,15.62,398.4,2025-04-18 0:00:00
2025-04-18,1:00:00,105,105,43.6,43.6,287.65,287.65,1301.82,1301.82,11.36,11.36,5.13,130.9,2025-04-18 1:00:00
2025-04-18,2:00:00,105,105,43.31,43.31,254.75,254.75,1577.69,1577.69,11.33,11.33,4.04,102.98,2025-04-18 2:00:00
2025-04-18,3:00:00,105,105,42.54,42.54,256.31,256.31,1632.61,1632.61,11.04,11.04,8.38,213.75,2025-04-18 3:00:00
2025-04-18,4:00:00,104.99,104.99,38.53,38.53,279.23,279.23,1469.58,1469.58,9.82,9.82,6.06,154.65,2025-04-18 4:00:00
2025-04-18,5:00:00,104.58,104.58,43.56,43.56,255.21,255.21,1579.91,1579.91,11.23,11.23,4.47,114.08,2025-04-18 5:00:00
2025-04-18,6:00:00,99.75,99.75,42.66,42.66,224.24,224.24,1805.07,1805.07,11,11,4,101.91,2025-04-18 6:00:00
2025-04-18,7:00:00,104.46,104.46,42.22,42.22,216.03,216.03,1896.46,1896.46,11.01,11.01,4,101.9,2025-04-18 7:00:00
2025-04-18,8:00:00,99.39,99.39,42.7,42.7,246.66,246.66,1511.18,1511.18,11.01,11.01,3.99,101.86,2025-04-18 8:00:00
2025-04-18,9:00:00,99.51,99.51,43.29,43.29,251.03,251.03,1327.21,1327.21,11.21,11.21,4,102.04,2025-04-18 9:00:00
2025-04-18,10:00:00,99.65,99.65,42.76,42.76,256.33,256.33,1328.63,1328.63,11.04,11.04,4,101.99,2025-04-18 10:00:00
2025-04-18,11:00:00,71.92,71.92,43.29,43.29,270.13,270.13,1230.66,1230.66,11.36,11.36,4,102.04,2025-04-18 11:00:00
2025-04-18,12:00:00,85.17,85.17,43.36,43.36,276.75,276.75,1216.19,1216.19,11.45,11.45,4.54,115.9,2025-04-18 12:00:00
2025-04-18,13:00:00,98.71,98.71,42.58,42.58,269.18,269.18,1411.17,1411.17,11.01,11.01,15.34,391.19,2025-04-18 13:00:00
2025-04-18,14:00:00,73.85,73.85,42.91,42.91,254.37,254.37,1420.41,1420.41,11.12,11.12,23.13,589.77,2025-04-18 14:00:00
2025-04-18,15:00:00,40.32,40.32,42.5,42.5,249.3,249.3,1655.73,1655.73,11.05,11.05,24.98,637.11,2025-04-18 15:00:00
2025-04-18,16:00:00,41.02,41.02,43.15,43.15,265.54,265.54,1377.11,1377.11,11.4,11.4,18.08,461.14,2025-04-18 16:00:00
2025-04-18,17:00:00,51.66,51.66,43.42,43.42,245.99,245.99,1556.27,1556.27,11.41,11.41,10.41,265.55,2025-04-18 17:00:00
2025-04-18,18:00:00,47.42,28.62,42.92,25.5,257.69,146.96,1479.21,936.76,11.13,6.92,4.05,61.46,2025-04-18 18:00:00
2025-04-18,19:00:00,79.55,1,39.1,1,271.22,1,1364.96,1,10.04,1,4,1,2025-04-18 19:00:00
2025-04-18,20:00:00,105,1,35.37,1,286.4,1,1350.71,1,8.99,1,9.05,1,2025-04-18 20:00:00
2025-04-18,21:00:00,105,1,35.96,1,312.36,1,1224.83,1,9.01,1,17.23,1,2025-04-18 21:00:00
2025-04-18,22:00:00,105,1,37.48,1,299.08,1,1212.34,1,9.5,1,6,1,2025-04-18 22:00:00
2025-04-18,23:00:00,81.73,1,43.88,1,273.24,1,1207.75,1,11.6,1,3.98,1,2025-04-18 23:00:00
2025-04-19,0:00:00,61.29,53.42,44.23,38.54,283.88,248.33,1151.77,997.56,11.9,10.44,4,88.45,2025-04-19 0:00:00
2025-04-19,1:00:00,75.09,75.09,43.54,43.54,274.06,274.06,1250.83,1250.83,11.58,11.58,3.99,101.83,2025-04-19 1:00:00
2025-04-19,2:00:00,72.1,72.1,44.24,44.24,288.45,288.45,1226.05,1226.05,11.86,11.86,9.91,252.74,2025-04-19 2:00:00
2025-04-19,3:00:00,64.07,64.07,43.8,43.8,286.94,286.94,1231.22,1231.22,11.58,11.58,14.77,376.68,2025-04-19 3:00:00
2025-04-19,4:00:00,61.09,61.09,44.01,44.01,296.17,296.17,1195.4,1195.4,11.87,11.87,19.78,504.49,2025-04-19 4:00:00
2025-04-19,5:00:00,64.61,64.61,44.5,44.5,303.16,303.16,1189.08,1189.08,11.91,11.91,19.18,489.11,2025-04-19 5:00:00
2025-04-19,6:00:00,56.39,56.39,43.95,43.95,304.55,304.55,1171.8,1171.8,11.83,11.83,13,331.45,2025-04-19 6:00:00
2025-04-19,7:00:00,64.4,64.4,42.41,42.41,290.65,290.65,1316.42,1316.42,11.32,11.32,13.02,332.01,2025-04-19 7:00:00
2025-04-19,8:00:00,105,105,36.91,36.91,316.53,316.53,1286.87,1286.87,9.34,9.34,9.23,235.44,2025-04-19 8:00:00
2025-04-19,9:00:00,105,105,36.54,36.54,316.02,316.02,1348.69,1348.69,9.1,9.1,8.46,215.61,2025-04-19 9:00:00
2025-04-19,10:00:00,105,105,35.42,35.42,288.79,288.79,1672.92,1672.92,9,9,7.76,197.95,2025-04-19 10:00:00
2025-04-19,11:00:00,105,105,38.23,38.23,296.45,296.45,1750.55,1750.55,9.74,9.74,4.12,105.02,2025-04-19 11:00:00
2025-04-19,12:00:00,105,105,42.48,42.48,272.4,272.4,1796.58,1796.58,11,11,4.12,105.12,2025-04-19 12:00:00
2025-04-19,13:00:00,74.99,74.99,42.52,42.52,277.02,277.02,1770.68,1770.68,11,11,4.07,103.71,2025-04-19 13:00:00
2025-04-19,14:00:00,57.54,57.54,43.57,43.57,262.75,262.75,1927.35,1927.35,11.44,11.44,4.07,103.73,2025-04-19 14:00:00
2025-04-19,15:00:00,54.7,54.7,42.21,42.21,264.42,264.42,1576.12,1576.12,11,11,4.09,104.26,2025-04-19 15:00:00
2025-04-19,16:00:00,66.78,66.78,42.25,42.25,274.14,274.14,1548.22,1548.22,11,11,4.16,105.96,2025-04-19 16:00:00
2025-04-19,17:00:00,57.73,57.73,43.02,43.02,290.61,290.61,1380.45,1380.45,11.04,11.04,4.07,103.74,2025-04-19 17:00:00
2025-04-19,18:00:00,58.17,58.17,42.87,42.87,282.21,282.21,1430.7,1430.7,11,11,4.04,103.08,2025-04-19 18:00:00
2025-04-19,19:00:00,85.28,85.28,42.98,42.98,273.28,273.28,1454.03,1454.03,11.09,11.09,5.63,143.5,2025-04-19 19:00:00
2025-04-19,20:00:00,99.57,47.08,43.67,20.01,258.39,117.25,1543.35,671.95,11.29,5.5,16.68,163.23,2025-04-19 20:00:00
2025-04-19,21:00:00,73.16,1,43.29,1,265.74,1,1439.74,1,11.16,1,24.45,1,2025-04-19 21:00:00
2025-04-19,22:00:00,91.42,1,43.74,1,284.1,1,1306.23,1,11.42,1,25.47,1,2025-04-19 22:00:00
2025-04-19,23:00:00,90.46,1,43.59,1,284.21,1,1288.99,1,11.22,1,23.85,1,2025-04-19 23:00:00
2025-04-20,0:00:00,93.37,16.6,43.68,7.38,291.13,44.88,1229.74,189.18,11.36,2.51,28.6,113.19,2025-04-20 0:00:00
2025-04-20,1:00:00,91.41,91.41,42.86,42.86,281.8,281.8,1449.59,1449.59,11.02,11.02,28.7,731.81,2025-04-20 1:00:00
2025-04-20,2:00:00,99.95,99.95,43.1,43.1,297.6,297.6,1318.12,1318.12,11,11,27.08,690.51,2025-04-20 2:00:00
2025-04-20,3:00:00,105,105,43.29,43.29,277.17,277.17,1414.06,1414.06,11.2,11.2,30,765,2025-04-20 3:00:00
2025-04-20,4:00:00,105,105,38.14,38.14,288.87,288.87,1594.35,1594.35,9.94,9.94,30,765,2025-04-20 4:00:00
2025-04-20,5:00:00,85.6,85.6,42.78,42.78,277.76,277.76,2197.2,2197.2,11.09,11.09,30,765,2025-04-20 5:00:00
2025-04-20,6:00:00,53.79,53.79,42.43,42.43,267.62,267.62,1546.93,1546.93,11.1,11.1,20.84,531.5,2025-04-20 6:00:00
2025-04-20,7:00:00,55,55,43.17,43.17,280.87,280.87,1245.68,1245.68,11.27,11.27,3.35,85.4,2025-04-20 7:00:00
2025-04-20,8:00:00,78.93,78.93,43.47,43.47,280.34,280.34,1326.84,1326.84,11.37,11.37,3.7,94.28,2025-04-20 8:00:00
2025-04-20,9:00:00,83.41,83.41,43.55,43.55,282.12,282.12,1279.72,1279.72,11.34,11.34,3.93,100.3,2025-04-20 9:00:00
2025-04-20,10:00:00,100.84,100.84,40.02,40.02,296.55,296.55,1347.65,1347.65,10.72,10.72,3.34,85.11,2025-04-20 10:00:00
2025-04-20,11:00:00,104.88,104.88,39.26,39.26,270.82,270.82,1422.98,1422.98,10.27,10.27,3,76.51,2025-04-20 11:00:00
2025-04-20,12:00:00,71.26,71.26,42.63,42.63,275.82,275.82,1341.15,1341.15,11.13,11.13,3.01,76.79,2025-04-20 12:00:00
2025-04-20,13:00:00,52.91,52.91,43.16,43.16,306.38,306.38,1189.46,1189.46,11.56,11.56,3.02,77.08,2025-04-20 13:00:00
2025-04-20,14:00:00,48.88,48.88,43.01,43.01,306.03,306.03,1225.2,1225.2,11.39,11.39,3.1,79.13,2025-04-20 14:00:00
2025-04-20,15:00:00,63.75,63.75,43.48,43.48,311.66,311.66,1307.39,1307.39,11.52,11.52,3.42,87.17,2025-04-20 15:00:00
2025-04-20,16:00:00,81.59,81.59,43.17,43.17,329.06,329.06,1278.07,1278.07,11.24,11.24,3.75,95.66,2025-04-20 16:00:00
2025-04-20,17:00:00,80.36,80.36,43.88,43.88,370.89,370.89,1144.04,1144.04,11.79,11.79,4.15,105.75,2025-04-20 17:00:00
2025-04-20,18:00:00,78.01,78.01,43.51,43.51,341.86,341.86,1154.94,1154.94,11.39,11.39,10.41,265.43,2025-04-20 18:00:00
2025-04-20,19:00:00,52.33,52.33,42.47,42.47,313.71,313.71,1317.08,1317.08,11.04,11.04,8.82,224.82,2025-04-20 19:00:00
2025-04-20,20:00:00,37.29,37.29,43.12,43.12,282.62,282.62,1252.61,1252.61,11.45,11.45,4.14,105.46,2025-04-20 20:00:00
2025-04-20,21:00:00,28.89,27.37,43.43,41.07,280.49,264.76,1180.89,1105.83,11.46,10.87,13.91,318.01,2025-04-20 21:00:00
2025-04-20,22:00:00,32.75,3.41,43.14,4.72,300.84,29.35,1227.37,93.51,11.51,1.95,29.67,67.96,2025-04-20 22:00:00
2025-04-20,23:00:00,30.02,30.02,43.43,43.43,304.2,304.2,1111.07,1111.07,11.75,11.75,30,765,2025-04-20 23:00:00
2025-04-21,0:00:00,17.38,17.38,43.22,43.22,305.38,305.38,1146.6,1146.6,11.45,11.45,30,765,2025-04-21 0:00:00
2025-04-21,1:00:00,16.66,16.66,43.24,43.24,302.21,302.21,1123.93,1123.93,11.54,11.54,30,765,2025-04-21 1:00:00
2025-04-21,2:00:00,26.38,26.38,40.87,40.87,301.36,301.36,1199.11,1199.11,10.57,10.57,30,765,2025-04-21 2:00:00
2025-04-21,3:00:00,74.87,74.87,35.69,35.69,337.37,337.37,1174.9,1174.9,9,9,30,765,2025-04-21 3:00:00
2025-04-21,4:00:00,98.65,98.65,35.82,35.82,333.94,333.94,1240.45,1240.45,9,9,30,765,2025-04-21 4:00:00
2025-04-21,5:00:00,47.9,47.9,35.41,35.41,326.04,326.04,1246.08,1246.08,9,9,29.85,761.28,2025-04-21 5:00:00
2025-04-21,6:00:00,59.01,59.01,36.06,36.06,325.02,325.02,1230.53,1230.53,9.03,9.03,24.07,613.72,2025-04-21 6:00:00
2025-04-21,7:00:00,55.52,55.52,35.79,35.79,323.47,323.47,1215.55,1215.55,9.06,9.06,4.12,105.16,2025-04-21 7:00:00
2025-04-21,8:00:00,58.62,58.62,36.24,36.24,334.86,334.86,1180.67,1180.67,9.09,9.09,3.98,101.38,2025-04-21 8:00:00
2025-04-21,9:00:00,96.27,39.05,26.93,17.82,303.31,142.89,1149.45,517.08,10.57,5.05,4,46.12,2025-04-21 9:00:00
2025-04-21,10:00:00,102.81,1,3.47,1,173.95,1,1049.16,1,11.2,1,4.07,1,2025-04-21 10:00:00
2025-04-21,11:00:00,79.84,1,108.22,1,242.48,1,863.87,1,10.68,1,20.62,1,2025-04-21 11:00:00
2025-04-21,12:00:00,85,71.22,26.54,22.07,318.02,260.87,1247.55,1058.84,8.72,7.35,14.02,328.54,2025-04-21 12:00:00
2025-04-21,13:00:00,71.33,71.33,25.95,25.95,311.8,311.8,1301.4,1301.4,8.23,8.23,19.61,500.03,2025-04-21 13:00:00
2025-04-21,14:00:00,96.48,96.48,29.87,29.87,288.33,288.33,1490.38,1490.38,10.18,10.18,8.98,228.96,2025-04-21 14:00:00
2025-04-21,15:00:00,89.8,89.8,31.67,31.67,257.37,257.37,1751.65,1751.65,11,11,4,102.09,2025-04-21 15:00:00
2025-04-21,16:00:00,57.03,57.03,31.42,31.42,273.83,273.83,1238.07,1238.07,11,11,4,102.11,2025-04-21 16:00:00
2025-04-21,17:00:00,59.28,59.28,32.05,32.05,290.31,290.31,1317.54,1317.54,11.04,11.04,4,102.01,2025-04-21 17:00:00
2025-04-21,18:00:00,55.3,55.3,31.55,31.55,291.36,291.36,1223.34,1223.34,11,11,4,101.95,2025-04-21 18:00:00
2025-04-21,19:00:00,50.86,50.86,31.72,31.72,290.56,290.56,1495.7,1495.7,11.02,11.02,4,101.99,2025-04-21 19:00:00
2025-04-21,20:00:00,70.95,70.95,33.91,33.91,344.55,344.55,1104.33,1104.33,11.55,11.55,4,102.04,2025-04-21 20:00:00
2025-04-21,21:00:00,37.67,37.67,34.61,34.61,370.94,370.94,1014.29,1014.29,12,12,4,101.98,2025-04-21 21:00:00
2025-04-21,22:00:00,39.23,39.23,34.32,34.32,359.55,359.55,1285.82,1285.82,11.94,11.94,3.99,101.87,2025-04-21 22:00:00
2025-04-21,23:00:00,61.07,61.07,34.85,34.85,373.54,373.54,979.79,979.79,12,12,4,101.88,2025-04-21 23:00:00
2025-04-22,0:00:00,51.15,51.15,34.93,34.93,347.05,347.05,1011.61,1011.61,12.02,12.02,6.01,153.17,2025-04-22 0:00:00
2025-04-22,1:00:00,33.59,33.59,34.7,34.7,304.52,304.52,1032.66,1032.66,11.96,11.96,29.51,752.47,2025-04-22 1:00:00
2025-04-22,2:00:00,30.96,30.96,34.12,34.12,304.27,304.27,957.71,957.71,11.99,11.99,15.63,398.55,2025-04-22 2:00:00
2025-04-22,3:00:00,30.05,30.05,34.73,34.73,303.29,303.29,1004.38,1004.38,12,12,24.47,624.09,2025-04-22 3:00:00
2025-04-22,4:00:00,21.59,21.59,34.19,34.19,307.61,307.61,946.38,946.38,12,12,4,101.94,2025-04-22 4:00:00
2025-04-22,5:00:00,30.95,30.95,33.97,33.97,305.19,305.19,939.93,939.93,12,12,3.99,101.8,2025-04-22 5:00:00
2025-04-22,6:00:00,30,30,34.47,34.47,282.38,282.38,979.51,979.51,11.96,11.96,11.44,291.69,2025-04-22 6:00:00
2025-04-22,7:00:00,23.29,23.29,33.63,33.63,283.44,283.44,945.72,945.72,11.73,11.73,5.86,149.41,2025-04-22 7:00:00
2025-04-22,8:00:00,30.26,30.26,33.62,33.62,294.06,294.06,982.64,982.64,11.64,11.64,9.32,237.73,2025-04-22 8:00:00
2025-04-22,9:00:00,25.49,25.49,33.35,33.35,312.44,312.44,986.35,986.35,11.24,11.24,24.62,627.8,2025-04-22 9:00:00
2025-04-22,10:00:00,18.12,18.12,32.69,32.69,299.15,299.15,1049.8,1049.8,11.02,11.02,18.37,468.39,2025-04-22 10:00:00
2025-04-22,11:00:00,30.84,30.84,31.96,31.96,298.97,298.97,1022.1,1022.1,11,11,11.49,292.88,2025-04-22 11:00:00
2025-04-22,12:00:00,57.35,57.35,31.97,31.97,298.03,298.03,1136.27,1136.27,11,11,14.61,372.67,2025-04-22 12:00:00
2025-04-22,13:00:00,52.28,52.28,31.37,31.37,273.12,273.12,1244.64,1244.64,11,11,17.11,436.26,2025-04-22 13:00:00
2025-04-22,14:00:00,48.9,48.9,31.43,31.43,278.8,278.8,1191.07,1191.07,11,11,12.21,311.43,2025-04-22 14:00:00
2025-04-22,15:00:00,55.45,55.45,31.69,31.69,273.56,273.56,1263.64,1263.64,11.03,11.03,10.22,260.57,2025-04-22 15:00:00
2025-04-22,16:00:00,43.05,43.05,32.25,32.25,292.75,292.75,1151.25,1151.25,11.17,11.17,9.85,251.15,2025-04-22 16:00:00
2025-04-22,17:00:00,30.32,30.32,33.86,33.86,294.91,294.91,1040.8,1040.8,11.86,11.86,6.37,162.32,2025-04-22 17:00:00
2025-04-22,18:00:00,41.88,41.88,33.5,33.5,324.07,324.07,1022.66,1022.66,11.55,11.55,4.01,102.14,2025-04-22 18:00:00
2025-04-22,19:00:00,49.94,49.94,34.19,34.19,328.16,328.16,1069.68,1069.68,11.97,11.97,4,101.97,2025-04-22 19:00:00
2025-04-22,20:00:00,41.79,41.79,34.77,34.77,341.17,341.17,1034.04,1034.04,12,12,4,101.98,2025-04-22 20:00:00
2025-04-22,21:00:00,59.6,59.6,31.76,31.76,331.06,331.06,1021.33,1021.33,11,11,4,102.02,2025-04-22 21:00:00
2025-04-22,22:00:00,69.26,69.26,33.52,33.52,329.5,329.5,1046.91,1046.91,11.55,11.55,4.02,102.49,2025-04-22 22:00:00
2025-04-22,23:00:00,33.69,33.69,33.77,33.77,304.4,304.4,1010.33,1010.33,11.64,11.64,8.12,207.02,2025-04-22 23:00:00
2025-04-23,0:00:00,23.29,23.29,33.34,33.34,301.55,301.55,1015.02,1015.02,11.38,11.38,6.1,155.57,2025-04-23 0:00:00
2025-04-23,1:00:00,34.79,34.79,33.52,33.52,300.06,300.06,977.56,977.56,11.41,11.41,4.08,104.15,2025-04-23 1:00:00
2025-04-23,2:00:00,75.89,75.89,32.65,32.65,279.01,279.01,1050.6,1050.6,11.01,11.01,4,102.08,2025-04-23 2:00:00
2025-04-23,3:00:00,75.29,75.29,28.3,28.3,332.69,332.69,956.1,956.1,9.51,9.51,4.07,103.8,2025-04-23 3:00:00
2025-04-23,4:00:00,32.74,32.74,33.68,33.68,327.7,327.7,953.31,953.31,11.66,11.66,6.41,163.36,2025-04-23 4:00:00
2025-04-23,5:00:00,30.21,30.21,32.74,32.74,299.27,299.27,1158.05,1158.05,11.14,11.14,5.36,136.73,2025-04-23 5:00:00
2025-04-23,6:00:00,52.87,52.87,32.79,32.79,266.32,266.32,1323.87,1323.87,11.05,11.05,6.49,165.4,2025-04-23 6:00:00
2025-04-23,7:00:00,56.34,56.34,28.39,28.39,297.04,297.04,1135.76,1135.76,9.57,9.57,16.1,410.61,2025-04-23 7:00:00
2025-04-23,8:00:00,50.12,50.12,26.39,26.39,305.06,305.06,1177.63,1177.63,8.79,8.79,7.77,198.02,2025-04-23 8:00:00
2025-04-23,9:00:00,73.06,73.06,30.6,30.6,266.69,266.69,1406.07,1406.07,10.32,10.32,4.24,108.03,2025-04-23 9:00:00
2025-04-23,10:00:00,46.16,46.16,32.39,32.39,262.67,262.67,1199.57,1199.57,11,11,12.1,308.61,2025-04-23 10:00:00
2025-04-23,11:00:00,49.71,49.71,32.39,32.39,259.77,259.77,1269.32,1269.32,11,11,16.19,412.95,2025-04-23 11:00:00
2025-04-23,12:00:00,54.33,54.33,32.42,32.42,260.53,260.53,1172.95,1172.95,11,11,16.16,412.16,2025-04-23 12:00:00
2025-04-23,13:00:00,49.11,49.11,33.06,33.06,283.82,283.82,1071.75,1071.75,11,11,13.41,342.03,2025-04-23 13:00:00
2025-04-23,14:00:00,39.9,39.9,32.15,32.15,244.19,244.19,1244.18,1244.18,11,11,10.53,268.41,2025-04-23 14:00:00
2025-04-23,15:00:00,33.21,33.21,32.32,32.32,243.13,243.13,1319.4,1319.4,11.01,11.01,9.6,244.77,2025-04-23 15:00:00
2025-04-23,16:00:00,42.35,42.35,32.06,32.06,242.27,242.27,1395.83,1395.83,11,11,8.33,212.31,2025-04-23 16:00:00
2025-04-23,17:00:00,59.42,59.42,32.61,32.61,231.98,231.98,1690.59,1690.59,11.01,11.01,7.85,200.08,2025-04-23 17:00:00
2025-04-23,18:00:00,55.48,55.48,32.18,32.18,221.45,221.45,1823.73,1823.73,11,11,7.15,182.36,2025-04-23 18:00:00
2025-04-23,19:00:00,55.91,55.91,33.26,33.26,243.24,243.24,1211.02,1211.02,11.04,11.04,5.35,136.48,2025-04-23 19:00:00
2025-04-23,20:00:00,39.17,39.17,32.66,32.66,226.06,226.06,1464.51,1464.51,11,11,4,101.96,2025-04-23 20:00:00
2025-04-23,21:00:00,55.26,55.26,32.56,32.56,231.34,231.34,1557.89,1557.89,11,11,4,101.93,2025-04-23 21:00:00
2025-04-23,22:00:00,47.74,47.74,32.92,32.92,231.67,231.67,1312.56,1312.56,11,11,4.16,106.17,2025-04-23 22:00:00
2025-04-23,23:00:00,41.88,41.88,32.84,32.84,231.33,231.33,1411.21,1411.21,11.06,11.06,4.28,109.18,2025-04-23 23:00:00
2025-04-24,0:00:00,42.92,42.92,32.38,32.38,231.32,231.32,1866.68,1866.68,11,11,5.45,138.98,2025-04-24 0:00:00
2025-04-24,1:00:00,49.09,49.09,31.92,31.92,239.31,239.31,2140.16,2140.16,11,11,4.23,107.76,2025-04-24 1:00:00
2025-04-24,2:00:00,65.32,65.32,31.89,31.89,253.74,253.74,1900.71,1900.71,11,11,5.5,140.32,2025-04-24 2:00:00
2025-04-24,3:00:00,60.94,60.94,31.95,31.95,263.06,263.06,1721.66,1721.66,11,11,4.03,102.68,2025-04-24 3:00:00
2025-04-24,4:00:00,62.09,62.09,31.81,31.81,262.24,262.24,1592.78,1592.78,11,11,4,102.11,2025-04-24 4:00:00
2025-04-24,5:00:00,62.96,62.96,31.81,31.81,264.13,264.13,1788.93,1788.93,11,11,4,102.12,2025-04-24 5:00:00
2025-04-24,6:00:00,54.16,54.16,31.54,31.54,252.41,252.41,2144.3,2144.3,11,11,4,102.11,2025-04-24 6:00:00
2025-04-24,7:00:00,44.73,44.73,30.56,30.56,290.2,290.2,1372.77,1372.77,10.5,10.5,6.6,168.42,2025-04-24 7:00:00
2025-04-24,8:00:00,47.28,47.28,26.46,26.46,305.17,305.17,1599.84,1599.84,8.72,8.72,10.08,257.16,2025-04-24 8:00:00
2025-04-24,9:00:00,49.36,49.36,26.64,26.64,309.72,309.72,1337.41,1337.41,8.97,8.97,10.6,270.42,2025-04-24 9:00:00
2025-04-24,10:00:00,41.59,41.59,28.52,28.52,301.14,301.14,1444.55,1444.55,9.59,9.59,10.44,266.09,2025-04-24 10:00:00
2025-04-24,11:00:00,42.64,42.64,31.97,31.97,298.08,298.08,1250.76,1250.76,11,11,13.32,339.61,2025-04-24 11:00:00
2025-04-24,12:00:00,53.55,53.55,32,32,290.38,290.38,1325.98,1325.98,11,11,13.51,344.48,2025-04-24 12:00:00
2025-04-24,13:00:00,39.87,39.87,31.85,31.85,291.9,291.9,1353.84,1353.84,11,11,8.81,224.67,2025-04-24 13:00:00
2025-04-24,14:00:00,46.65,46.65,32.49,32.49,311.18,311.18,1117.18,1117.18,11,11,11.1,283.03,2025-04-24 14:00:00
2025-04-24,15:00:00,52.87,52.87,33.09,33.09,305.29,305.29,1170.73,1170.73,11.03,11.03,6.64,169.32,2025-04-24 15:00:00
2025-04-24,16:00:00,47.27,47.27,32.74,32.74,300.82,300.82,1267.53,1267.53,11,11,4.37,111.38,2025-04-24 16:00:00
2025-04-24,17:00:00,44.73,44.73,32.61,32.61,308.65,308.65,1243.04,1243.04,11,11,10.05,256.2,2025-04-24 17:00:00
2025-04-24,18:00:00,34.9,34.9,32.42,32.42,288.18,288.18,1140.44,1140.44,11,11,8.77,223.71,2025-04-24 18:00:00
2025-04-24,19:00:00,27.3,27.3,31.97,31.97,257.25,257.25,1523.87,1523.87,11,11,6.11,155.86,2025-04-24 19:00:00
2025-04-24,20:00:00,63.07,63.07,32.48,32.48,270.75,270.75,1230.63,1230.63,11,11,11.46,292.15,2025-04-24 20:00:00
2025-04-24,21:00:00,38.06,38.06,32.78,32.78,274.65,274.65,1029.46,1029.46,11,11,9.51,242.51,2025-04-24 21:00:00
2025-04-24,22:00:00,38.02,38.02,32.88,32.88,254.05,254.05,1147.28,1147.28,11.21,11.21,5.91,150.82,2025-04-24 22:00:00
2025-04-24,23:00:00,37,37,32.53,32.53,280.39,280.39,914.2,914.2,11,11,4.64,118.2,2025-04-24 23:00:00
2025-04-25,0:00:00,30.34,30.34,32.62,32.62,276.34,276.34,940.71,940.71,11,11,4,102.07,2025-04-25 0:00:00
2025-04-25,1:00:00,26.38,26.38,32.59,32.59,257.79,257.79,1030.8,1030.8,11,11,4,102.12,2025-04-25 1:00:00
2025-04-25,2:00:00,23.4,23.4,32.31,32.31,254.44,254.44,1040.85,1040.85,11,11,4,102.08,2025-04-25 2:00:00
2025-04-25,3:00:00,27.43,27.43,32.51,32.51,254.45,254.45,1001.22,1001.22,11,11,4.01,102.14,2025-04-25 3:00:00
2025-04-25,4:00:00,26.53,26.53,32.34,32.34,268.36,268.36,937.76,937.76,11,11,5,127.4,2025-04-25 4:00:00
2025-04-25,5:00:00,29.04,29.04,32.32,32.32,275.7,275.7,922.01,922.01,11,11,4.73,120.55,2025-04-25 5:00:00
2025-04-25,6:00:00,24.92,24.92,32.47,32.47,277.9,277.9,1093.19,1093.19,11,11,4,101.91,2025-04-25 6:00:00
2025-04-25,7:00:00,33.06,33.06,32.36,32.36,271.14,271.14,1200.86,1200.86,11,11,4.05,103.3,2025-04-25 7:00:00
2025-04-25,8:00:00,54.94,54.94,32.2,32.2,258.73,258.73,1281.11,1281.11,11,11,6.77,172.54,2025-04-25 8:00:00
2025-04-25,9:00:00,50.08,50.08,33.46,33.46,271.75,271.75,1335.18,1335.18,11.23,11.23,8.1,206.66,2025-04-25 9:00:00
2025-04-25,10:00:00,44.09,44.09,33.13,33.13,222.86,222.86,1241.12,1241.12,11.08,11.08,9.25,235.92,2025-04-25 10:00:00
2025-04-25,11:00:00,51.49,51.49,32.71,32.71,242.54,242.54,1042.49,1042.49,10.91,10.91,8.44,215.17,2025-04-25 11:00:00
2025-04-25,12:00:00,51.93,51.93,29.58,29.58,310.67,310.67,613.06,613.06,10.09,10.09,14.5,369.81,2025-04-25 12:00:00
2025-04-25,13:00:00,57.68,57.68,27.09,27.09,281.39,281.39,1261.25,1261.25,8.9,8.9,12.32,314.06,2025-04-25 13:00:00
2025-04-25,14:00:00,40.6,40.6,28.74,28.74,267.2,267.2,1137.33,1137.33,9.35,9.35,8.77,223.57,2025-04-25 14:00:00
2025-04-25,15:00:00,42.12,42.12,27.74,27.74,233.86,233.86,1322.42,1322.42,9.01,9.01,14.7,374.97,2025-04-25 15:00:00
2025-04-25,16:00:00,64.93,64.93,31.48,31.48,232.59,232.59,1184.26,1184.26,10.33,10.33,12.82,326.87,2025-04-25 16:00:00
2025-04-25,17:00:00,38.72,38.72,32.53,32.53,246.03,246.03,1285.75,1285.75,11,11,12.49,318.54,2025-04-25 17:00:00
2025-04-25,18:00:00,44.94,44.94,32.95,32.95,247.96,247.96,954.15,954.15,11,11,11.57,294.93,2025-04-25 18:00:00
2025-04-25,19:00:00,54.18,54.18,32.79,32.79,256.09,256.09,886.21,886.21,11,11,9.94,253.38,2025-04-25 19:00:00
2025-04-25,20:00:00,45.25,45.25,32.82,32.82,265.2,265.2,973.19,973.19,11.04,11.04,8.17,208.41,2025-04-25 20:00:00
2025-04-25,21:00:00,38.55,38.55,32.9,32.9,271.17,271.17,805.22,805.22,11,11,6.31,160.99,2025-04-25 21:00:00
2025-04-25,22:00:00,50.08,50.08,32.92,32.92,283.24,283.24,775.12,775.12,11,11,4.53,115.54,2025-04-25 22:00:00
2025-04-25,23:00:00,61.73,61.73,32.54,32.54,244.16,244.16,1080.52,1080.52,10.84,10.84,4,101.9,2025-04-25 23:00:00
2025-04-26,0:00:00,52.3,52.3,33.06,33.06,266.13,266.13,871.27,871.27,11.04,11.04,4,101.88,2025-04-26 0:00:00
2025-04-26,1:00:00,56.65,56.65,31.99,31.99,251.3,251.3,1088.39,1088.39,10.96,10.96,3.88,98.97,2025-04-26 1:00:00
2025-04-26,2:00:00,75.97,9.6,117.57,10.08,146.97,92.66,647.53,326.38,14.87,3.85,3.06,28,2025-04-26 2:00:00
2025-04-26,3:00:00,75.23,1,14.78,1,3,1,14.68,1,20,1,3.12,1,2025-04-26 3:00:00
2025-04-26,4:00:00,60.56,1,36.04,1,71.12,1,35.56,1,19.36,1,3.13,1,2025-04-26 4:00:00
2025-04-26,5:00:00,99.7,1,56.12,1,330.45,1,64.86,1,15.48,1,4.82,1,2025-04-26 5:00:00
2025-04-26,6:00:00,73,1,53.11,1,270.3,1,60.89,1,15.09,1,5.17,1,2025-04-26 6:00:00
2025-04-26,7:00:00,57.77,1,52.75,1,234.24,1,60.25,1,15.19,1,10.37,1,2025-04-26 7:00:00
2025-04-26,8:00:00,56.3,48.74,36.68,30.85,291.77,268.19,531.75,525.1,11.27,10.02,11.69,271.9,2025-04-26 8:00:00
2025-04-26,9:00:00,25.72,25.72,32.98,32.98,259.86,259.86,564.69,564.69,10.9,10.9,14.48,369.26,2025-04-26 9:00:00
2025-04-26,10:00:00,29.63,29.63,36.7,36.7,307.95,307.95,767.15,767.15,12.06,12.06,17.6,448.87,2025-04-26 10:00:00
2025-04-26,11:00:00,51.02,51.02,32.6,32.6,290.32,290.32,915.07,915.07,11,11,16.08,410.08,2025-04-26 11:00:00
2025-04-26,12:00:00,42.59,42.59,32.19,32.19,243.39,243.39,1518.75,1518.75,10.74,10.74,13.88,354.06,2025-04-26 12:00:00
2025-04-26,13:00:00,29.45,29.45,31.8,31.8,264.33,264.33,1443.25,1443.25,10.79,10.79,11.74,299.46,2025-04-26 13:00:00
2025-04-26,14:00:00,32.53,32.53,31.93,31.93,265.59,265.59,1320.79,1320.79,10.96,10.96,9.33,237.98,2025-04-26 14:00:00
2025-04-26,15:00:00,37.79,37.79,32.64,32.64,253.54,253.54,1356.39,1356.39,11.03,11.03,11.87,302.75,2025-04-26 15:00:00
2025-04-26,16:00:00,44.59,44.59,32.04,32.04,255.55,255.55,1378.76,1378.76,10.95,10.95,12.27,312.9,2025-04-26 16:00:00
2025-04-26,17:00:00,34.82,34.82,32.22,32.22,258.27,258.27,1134.96,1134.96,11,11,9.44,240.67,2025-04-26 17:00:00
2025-04-26,18:00:00,39.72,39.72,32.19,32.19,270.67,270.67,1023.55,1023.55,11,11,6.44,164.19,2025-04-26 18:00:00
2025-04-26,19:00:00,38.57,38.57,32.61,32.61,273.55,273.55,1098.74,1098.74,11,11,4,102.01,2025-04-26 19:00:00
2025-04-26,20:00:00,36.54,36.54,30.84,30.84,276.89,276.89,943.02,943.02,10.18,10.18,4,102.09,2025-04-26 20:00:00
2025-04-26,21:00:00,23.18,23.18,33.25,33.25,287.47,287.47,881.38,881.38,11.01,11.01,4,101.97,2025-04-26 21:00:00
2025-04-26,22:00:00,18.79,18.79,33.03,33.03,284.97,284.97,906.29,906.29,11,11,4,102.01,2025-04-26 22:00:00
2025-04-26,23:00:00,13.92,13.92,32.45,32.45,276.52,276.52,1060.58,1060.58,11,11,4,102.03,2025-04-26 23:00:00
2025-04-27,0:00:00,15.1,15.1,31.58,31.58,252.53,252.53,1686.47,1686.47,11,11,4.01,102.13,2025-04-27 0:00:00
2025-04-27,1:00:00,10.95,10.95,31.54,31.54,257.34,257.34,1663.19,1663.19,11,11,7.23,184.47,2025-04-27 1:00:00
2025-04-27,2:00:00,10.84,10.84,31.95,31.95,241.38,241.38,1438.91,1438.91,11,11,12.31,313.97,2025-04-27 2:00:00
2025-04-27,3:00:00,11.05,11.05,31.98,31.98,240.38,240.38,1581.45,1581.45,11.03,11.03,4.22,107.64,2025-04-27 3:00:00
2025-04-27,4:00:00,10.97,10.97,31.36,31.36,247.08,247.08,1388.01,1388.01,11,11,5.65,144.07,2025-04-27 4:00:00
2025-04-27,5:00:00,9.77,9.77,31.24,31.24,237.72,237.72,1711.05,1711.05,11,11,4,101.99,2025-04-27 5:00:00
2025-04-27,6:00:00,9.52,9.52,31.16,31.16,223.45,223.45,2170.23,2170.23,10.99,10.99,7.15,182.21,2025-04-27 6:00:00
2025-04-27,7:00:00,11.31,11.31,31.07,31.07,233.4,233.4,1555.47,1555.47,10.98,10.98,4.07,103.76,2025-04-27 7:00:00
2025-04-27,8:00:00,15.52,15.52,27.29,27.29,234.28,234.28,1921.34,1921.34,9.01,9.01,4.49,114.47,2025-04-27 8:00:00
2025-04-27,9:00:00,29.98,29.98,29.39,29.39,261.66,261.66,1333.85,1333.85,9.76,9.76,10.64,271.29,2025-04-27 9:00:00
2025-04-27,10:00:00,31.33,31.33,32.05,32.05,260.91,260.91,1575.4,1575.4,10.93,10.93,11.71,298.51,2025-04-27 10:00:00
2025-04-27,11:00:00,43.11,43.11,31.9,31.9,248.6,248.6,1944.43,1944.43,10.76,10.76,14.05,358.3,2025-04-27 11:00:00
2025-04-27,12:00:00,38.34,38.34,31.49,31.49,265.06,265.06,2188.22,2188.22,10.42,10.42,9.33,237.89,2025-04-27 12:00:00
2025-04-27,13:00:00,35.8,35.8,32.04,32.04,250.16,250.16,1917.64,1917.64,10.72,10.72,13.71,349.55,2025-04-27 13:00:00
2025-04-27,14:00:00,54.26,54.26,31.72,31.72,234.32,234.32,2176.51,2176.51,10.6,10.6,16.41,418.57,2025-04-27 14:00:00
2025-04-27,15:00:00,35.71,35.71,33.51,33.51,228.97,228.97,915.04,915.04,11,11,13.99,356.73,2025-04-27 15:00:00
2025-04-27,16:00:00,23.11,23.11,32.88,32.88,263.42,263.42,900.76,900.76,11.01,11.01,11,280.4,2025-04-27 16:00:00
2025-04-27,17:00:00,30.47,30.47,31.04,31.04,279.32,279.32,829.27,829.27,10.3,10.3,8.68,221.45,2025-04-27 17:00:00
2025-04-27,18:00:00,48.99,48.99,32.73,32.73,273.01,273.01,1080.84,1080.84,11,11,8.5,216.64,2025-04-27 18:00:00
2025-04-27,19:00:00,33.66,33.66,32.43,32.43,254.24,254.24,1212.48,1212.48,11,11,4.23,107.78,2025-04-27 19:00:00
2025-04-27,20:00:00,28.97,28.97,32.88,32.88,253.07,253.07,1293.63,1293.63,11.07,11.07,4,102.11,2025-04-27 20:00:00
2025-04-27,21:00:00,33.51,33.51,33.32,33.32,233.6,233.6,1079.09,1079.09,11.04,11.04,4.01,102.17,2025-04-27 21:00:00
2025-04-27,22:00:00,34.96,34.96,32.88,32.88,275.31,275.31,1038.08,1038.08,11.03,11.03,4.02,102.48,2025-04-27 22:00:00
2025-04-27,23:00:00,29.87,29.87,33.03,33.03,251.53,251.53,1418.87,1418.87,11.06,11.06,4.03,102.8,2025-04-27 23:00:00
2025-04-28,0:00:00,26.18,26.18,32.51,32.51,232.63,232.63,1665.09,1665.09,11.04,11.04,4.88,124.49,2025-04-28 0:00:00
2025-04-28,1:00:00,26,26,32.55,32.55,235.94,235.94,1263.46,1263.46,11,11,10.56,269.27,2025-04-28 1:00:00
2025-04-28,2:00:00,19.92,19.92,32.04,32.04,227.41,227.41,1442.12,1442.12,11,11,10.07,256.8,2025-04-28 2:00:00
2025-04-28,3:00:00,27.08,27.08,32.39,32.39,222.51,222.51,1650.21,1650.21,10.97,10.97,10.34,263.68,2025-04-28 3:00:00
2025-04-28,4:00:00,45.87,45.87,32.46,32.46,214.21,214.21,1710.65,1710.65,11,11,4.01,102.31,2025-04-28 4:00:00
2025-04-28,5:00:00,80.79,80.79,32.87,32.87,216.09,216.09,1850.97,1850.97,10.95,10.95,4.02,102.4,2025-04-28 5:00:00
2025-04-28,6:00:00,19.85,19.85,27.69,27.69,224.09,224.09,1618.92,1618.92,8.95,8.95,7.13,181.85,2025-04-28 6:00:00
2025-04-28,7:00:00,12.18,12.18,26.74,26.74,225.87,225.87,1530.47,1530.47,8.74,8.74,9.14,233.04,2025-04-28 7:00:00
2025-04-28,8:00:00,10.06,10.06,26.51,26.51,250.8,250.8,1425,1425,8.49,8.49,6.93,176.67,2025-04-28 8:00:00
2025-04-28,9:00:00,10.52,10.52,26.92,26.92,266.11,266.11,1045.88,1045.88,8.8,8.8,7.24,184.58,2025-04-28 9:00:00
2025-04-28,10:00:00,10.44,10.44,27.23,27.23,290.79,290.79,1000.47,1000.47,8.96,8.96,9.55,243.62,2025-04-28 10:00:00
2025-04-28,11:00:00,22.41,22.41,32.73,32.73,298.99,298.99,744.49,744.49,10.79,10.79,11.43,291.42,2025-04-28 11:00:00
2025-04-28,12:00:00,17.86,17.86,33.57,33.57,296.85,296.85,799.22,799.22,11.07,11.07,7.24,184.61,2025-04-28 12:00:00
2025-04-28,13:00:00,24.65,24.65,32.87,32.87,303.32,303.32,926.44,926.44,11,11,10.9,277.85,2025-04-28 13:00:00
2025-04-28,14:00:00,12.4,12.4,32.31,32.31,291.14,291.14,1161.61,1161.61,11,11,10.67,272.06,2025-04-28 14:00:00
2025-04-28,15:00:00,17.19,17.19,32.41,32.41,268.92,268.92,1476.94,1476.94,10.87,10.87,7.48,190.8,2025-04-28 15:00:00
2025-04-28,16:00:00,41.16,41.16,32.2,32.2,288.49,288.49,1137.87,1137.87,10.88,10.88,9.97,254.35,2025-04-28 16:00:00
2025-04-28,17:00:00,37.21,37.21,32.36,32.36,282.59,282.59,1317.39,1317.39,11.01,11.01,8.22,209.49,2025-04-28 17:00:00
2025-04-28,18:00:00,36.02,36.02,32.38,32.38,308.1,308.1,959.51,959.51,11,11,10.95,279.1,2025-04-28 18:00:00
2025-04-28,19:00:00,44.42,44.42,32.76,32.76,308.99,308.99,986.1,986.1,11,11,8.23,209.92,2025-04-28 19:00:00
2025-04-28,20:00:00,30.66,30.66,32.68,32.68,284.95,284.95,1159.72,1159.72,11,11,4.09,104.2,2025-04-28 20:00:00
2025-04-28,21:00:00,31.5,31.5,32.7,32.7,274.32,274.32,1796.53,1796.53,11.04,11.04,4.1,104.61,2025-04-28 21:00:00
2025-04-28,22:00:00,40.99,40.99,32.83,32.83,269.04,269.04,1702.92,1702.92,11.05,11.05,7.88,200.83,2025-04-28 22:00:00
2025-04-28,23:00:00,41.92,41.92,33.1,33.1,279.79,279.79,1290.64,1290.64,11,11,7.01,178.71,2025-04-28 23:00:00
2025-04-29,0:00:00,41.97,41.97,33.17,33.17,289.91,289.91,1094.25,1094.25,11.03,11.03,4.33,110.43,2025-04-29 0:00:00
2025-04-29,1:00:00,22.76,22.76,33.26,33.26,276.63,276.63,1143.5,1143.5,11.05,11.05,4.01,102.32,2025-04-29 1:00:00
2025-04-29,2:00:00,48.25,48.25,32.51,32.51,260.37,260.37,1674.04,1674.04,11.03,11.03,6.25,159.26,2025-04-29 2:00:00
2025-04-29,3:00:00,44.36,44.36,32.31,32.31,253.93,253.93,1473.54,1473.54,11,11,7.4,188.8,2025-04-29 3:00:00
2025-04-29,4:00:00,39.08,39.08,32.45,32.45,266.4,266.4,1244.78,1244.78,11,11,4.97,126.85,2025-04-29 4:00:00
2025-04-29,5:00:00,35.81,35.81,32.59,32.59,268.46,268.46,1203.59,1203.59,11,11,5.6,142.68,2025-04-29 5:00:00
2025-04-29,6:00:00,28.17,28.17,31.25,31.25,291.19,291.19,1020.76,1020.76,10.34,10.34,8.31,211.81,2025-04-29 6:00:00
2025-04-29,7:00:00,11.82,11.82,26.95,26.95,309.63,309.63,959.82,959.82,8.99,8.99,9.03,230.22,2025-04-29 7:00:00
2025-04-29,8:00:00,14.57,14.57,27.24,27.24,304.97,304.97,991.32,991.32,9,9,7.27,185.33,2025-04-29 8:00:00
2025-04-29,9:00:00,18.92,18.92,27.39,27.39,311.2,311.2,1076.06,1076.06,8.84,8.84,13.97,356.14,2025-04-29 9:00:00
2025-04-29,10:00:00,19.9,19.9,27.17,27.17,296.08,296.08,1176.69,1176.69,8.91,8.91,17.92,457.05,2025-04-29 10:00:00
2025-04-29,11:00:00,20.37,20.37,27.35,27.35,308.17,308.17,1135.45,1135.45,9,9,17.93,457.1,2025-04-29 11:00:00
2025-04-29,12:00:00,20.96,20.96,27.09,27.09,282.04,282.04,1280.1,1280.1,8.95,8.95,17.47,445.38,2025-04-29 12:00:00
2025-04-29,13:00:00,19.95,19.95,27.36,27.36,290.87,290.87,1302.91,1302.91,8.99,8.99,14.01,357.31,2025-04-29 13:00:00
2025-04-29,14:00:00,21.18,21.15,27.05,27.01,274.17,273.83,1485.75,1483.73,8.98,8.97,11.99,305.38,2025-04-29 14:00:00
2025-04-29,15:00:00,22.83,22.83,27.24,27.24,303.28,303.28,1086.83,1086.83,9,9,9.92,253.08,2025-04-29 15:00:00
2025-04-29,16:00:00,38.96,38.96,29.32,29.32,270.78,270.78,1392.34,1392.34,9.66,9.66,7.69,195.98,2025-04-29 16:00:00
2025-04-29,17:00:00,16.37,16.37,32.97,32.97,263.75,263.75,1135.99,1135.99,11.06,11.06,4.34,110.62,2025-04-29 17:00:00
2025-04-29,18:00:00,13.1,13.1,33.33,33.33,294.9,294.9,894.56,894.56,11.01,11.01,4.13,105.21,2025-04-29 18:00:00
2025-04-29,19:00:00,14.44,14.44,33.53,33.53,299.53,299.53,898.62,898.62,11.03,11.03,4.24,108.23,2025-04-29 19:00:00
2025-04-29,20:00:00,30.49,30.49,33.41,33.41,307.91,307.91,926.59,926.59,11,11,4.06,103.61,2025-04-29 20:00:00
2025-04-29,21:00:00,15.54,15.54,33.1,33.1,294.75,294.75,1003.53,1003.53,11,11,4.04,103.14,2025-04-29 21:00:00
2025-04-29,22:00:00,15.57,15.57,32.77,32.77,283.1,283.1,1226.39,1226.39,11,11,4.03,102.76,2025-04-29 22:00:00
2025-04-29,23:00:00,16.02,16.02,30.31,30.31,293,293,1146.2,1146.2,10.07,10.07,4.01,102.34,2025-04-29 23:00:00
2025-04-30,0:00:00,27.52,27.52,31.69,31.69,298.41,298.41,1075.32,1075.32,10.45,10.45,4.74,120.84,2025-04-30 0:00:00
2025-04-30,1:00:00,12.99,12.99,32.93,32.93,295.1,295.1,1025.27,1025.27,11,11,7.33,186.84,2025-04-30 1:00:00
2025-04-30,2:00:00,12.9,12.9,33.04,33.04,289.47,289.47,1078.67,1078.67,11,11,5.7,145.3,2025-04-30 2:00:00
2025-04-30,3:00:00,12.62,12.62,32.64,32.64,275.13,275.13,1209.09,1209.09,11.04,11.04,4.88,124.34,2025-04-30 3:00:00
2025-04-30,4:00:00,14.05,14.05,33.15,33.15,282.04,282.04,1169.07,1169.07,11.1,11.1,4.01,102.34,2025-04-30 4:00:00
2025-04-30,5:00:00,28.3,28.3,32.91,32.91,284.34,284.34,1145.74,1145.74,11.03,11.03,4.14,105.59,2025-04-30 5:00:00
2025-04-30,6:00:00,23.13,23.13,32.69,32.69,273.41,273.41,1297.74,1297.74,11,11,4.42,112.81,2025-04-30 6:00:00
2025-04-30,7:00:00,35.97,35.97,32.89,32.89,278.88,278.88,1278.8,1278.8,11,11,6.32,161.28,2025-04-30 7:00:00
2025-04-30,8:00:00,42.02,42.02,32.81,32.81,271.45,271.45,1313.43,1313.43,11,11,9.56,243.69,2025-04-30 8:00:00
2025-04-30,9:00:00,52.81,52.81,33.22,33.22,281.8,281.8,1246.25,1246.25,11,11,7.14,182.01,2025-04-30 9:00:00
2025-04-30,10:00:00,47.29,47.29,33.22,33.22,289.29,289.29,1103.34,1103.34,11,11,12.05,307.19,2025-04-30 10:00:00
2025-04-30,11:00:00,48.06,48.06,33.26,33.26,284.14,284.14,1454.43,1454.43,11,11,16.92,431.36,2025-04-30 11:00:00
2025-04-30,12:00:00,24.84,24.84,32.88,32.88,272.31,272.31,1667.13,1667.13,11,11,7.59,193.47,2025-04-30 12:00:00
2025-04-30,13:00:00,33.37,33.37,29.39,29.39,266.74,266.74,2055.33,2055.33,9.83,9.83,6.34,161.78,2025-04-30 13:00:00
2025-04-30,14:00:00,33.86,33.86,26.69,26.69,279.22,279.22,2203.52,2203.52,8.7,8.7,11.55,294.59,2025-04-30 14:00:00
2025-04-30,15:00:00,53.42,53.42,30.23,30.23,268.7,268.7,2192.74,2192.74,10.1,10.1,13.63,347.68,2025-04-30 15:00:00
2025-04-30,16:00:00,18.72,18.72,32.93,32.93,280.68,280.68,1536.02,1536.02,11,11,12.56,320.23,2025-04-30 16:00:00
2025-04-30,17:00:00,23.29,23.29,33.12,33.12,297.08,297.08,1348.84,1348.84,11,11,8.67,221.21,2025-04-30 17:00:00
2025-04-30,18:00:00,26.59,26.59,33.16,33.16,281.55,281.55,1610.33,1610.33,11,11,7.3,186.1,2025-04-30 18:00:00
2025-04-30,19:00:00,19.07,19.07,32.93,32.93,244.43,244.43,1794.27,1794.27,11,11,6.24,159.19,2025-04-30 19:00:00
2025-04-30,20:00:00,17.18,17.18,32.54,32.54,235.53,235.53,1872.4,1872.4,11,11,4.04,102.94,2025-04-30 20:00:00
2025-04-30,21:00:00,17.85,17.85,32.41,32.41,229.24,229.24,2315.28,2315.28,11,11,4.05,103.26,2025-04-30 21:00:00
2025-04-30,22:00:00,23.59,23.59,32.09,32.09,238.93,238.93,2168.14,2168.14,11,11,4.04,103.05,2025-04-30 22:00:00
2025-04-30,23:00:00,46.08,46.08,32.64,32.64,271.73,271.73,1369.91,1369.91,11,11,4.03,102.65,2025-04-30 23:00:00
2025-05-01,0:00:00,41.77,41.77,33.26,33.26,268.96,268.96,1363.74,1363.74,11.04,11.04,5.09,129.73,2025-05-01 0:00:00
2025-05-01,1:00:00,28.12,28.12,32.91,32.91,255.06,255.06,1460.39,1460.39,11,11,4.35,110.88,2025-05-01 1:00:00
2025-05-01,2:00:00,25.95,25.95,32.97,32.97,253.77,253.77,1650.84,1650.84,11.1,11.1,4.09,104.31,2025-05-01 2:00:00
2025-05-01,3:00:00,24.28,24.28,32.84,32.84,255.56,255.56,1465.25,1465.25,11,11,6.77,172.53,2025-05-01 3:00:00
2025-05-01,4:00:00,23.72,23.72,33.02,33.02,261.32,261.32,1299.34,1299.34,11,11,5.04,128.58,2025-05-01 4:00:00
2025-05-01,5:00:00,22.67,22.67,32.96,32.96,260.57,260.57,1379.88,1379.88,11,11,4.01,102.2,2025-05-01 5:00:00
2025-05-01,6:00:00,21.62,21.62,32.93,32.93,261.74,261.74,1293.29,1293.29,11.02,11.02,7.5,191.18,2025-05-01 6:00:00
2025-05-01,7:00:00,25.33,25.33,33.15,33.15,283.1,283.1,1190.52,1190.52,11.01,11.01,9.32,237.7,2025-05-01 7:00:00
2025-05-01,8:00:00,28.36,28.36,32.91,32.91,282.64,282.64,1226.41,1226.41,11,11,8.53,217.53,2025-05-01 8:00:00
2025-05-01,9:00:00,27.39,27.39,32.55,32.55,280.41,280.41,1277.71,1277.71,11,11,10.19,259.88,2025-05-01 9:00:00
2025-05-01,10:00:00,27.7,27.7,32.86,32.86,276.58,276.58,1280.54,1280.54,11.04,11.04,17.23,439.47,2025-05-01 10:00:00
2025-05-01,11:00:00,28.04,28.04,32.63,32.63,275.73,275.73,1242.09,1242.09,11,11,13.1,334.18,2025-05-01 11:00:00
2025-05-01,12:00:00,50.22,50.22,29.62,29.62,297.79,297.79,1180.47,1180.47,9.91,9.91,12.19,310.92,2025-05-01 12:00:00
2025-05-01,13:00:00,28.33,28.33,32.74,32.74,266.79,266.79,1298.62,1298.62,11.01,11.01,7.78,198.47,2025-05-01 13:00:00
2025-05-01,14:00:00,27.27,27.27,32.56,32.56,295.84,295.84,1128.69,1128.69,11,11,8.84,225.46,2025-05-01 14:00:00
2025-05-01,15:00:00,25.98,25.98,32.65,32.65,297.12,297.12,1075.06,1075.06,11,11,6.49,165.48,2025-05-01 15:00:00
2025-05-01,16:00:00,27.21,27.21,32.73,32.73,302.69,302.69,1053.95,1053.95,11,11,7.73,197.2,2025-05-01 16:00:00
2025-05-01,17:00:00,24.23,24.23,32.6,32.6,301.22,301.22,1091.29,1091.29,11,11,9.56,243.82,2025-05-01 17:00:00
2025-05-01,18:00:00,22.34,22.34,32.67,32.67,288.44,288.44,1088.54,1088.54,11,11,4.21,107.24,2025-05-01 18:00:00
2025-05-01,19:00:00,23.07,23.07,32.74,32.74,282.95,282.95,1130.6,1130.6,11.06,11.06,4.03,102.73,2025-05-01 19:00:00
2025-05-01,20:00:00,24.04,24.04,32.25,32.25,283.94,283.94,1287.85,1287.85,11,11,4.03,102.71,2025-05-01 20:00:00
2025-05-01,21:00:00,26.53,26.53,32.35,32.35,292.42,292.42,1183.31,1183.31,11,11,6.55,167.07,2025-05-01 21:00:00
2025-05-01,22:00:00,26.92,26.92,32.57,32.57,268.83,268.83,1268.79,1268.79,11,11,13.41,342,2025-05-01 22:00:00
2025-05-01,23:00:00,25.89,25.89,32.16,32.16,256.41,256.41,1421.75,1421.75,11,11,12.98,330.99,2025-05-01 23:00:00
2025-05-02,0:00:00,20.38,20.38,31.82,31.82,240.61,240.61,1666.54,1666.54,11,11,11.43,291.42,2025-05-02 0:00:00
2025-05-02,1:00:00,19.14,19.14,31.97,31.97,248.13,248.13,1502.73,1502.73,11,11,4.43,113.08,2025-05-02 1:00:00
2025-05-02,2:00:00,26.21,26.21,31.44,31.44,264.73,264.73,1476.83,1476.83,10.83,10.83,4.01,102.17,2025-05-02 2:00:00
2025-05-02,3:00:00,42.09,42.09,28.66,28.66,290.43,290.43,1342.85,1342.85,9.73,9.73,3.21,81.97,2025-05-02 3:00:00
2025-05-02,4:00:00,18.97,18.97,31.52,31.52,277.06,277.06,1594.04,1594.04,11.03,11.03,3.23,82.33,2025-05-02 4:00:00
2025-05-02,5:00:00,16.49,16.49,31.61,31.61,302.36,302.36,1185.34,1185.34,11,11,3.73,95,2025-05-02 5:00:00
2025-05-02,6:00:00,16.48,16.48,31.81,31.81,293.43,293.43,1216.47,1216.47,11,11,5.08,129.6,2025-05-02 6:00:00
2025-05-02,7:00:00,28.18,28.18,31.9,31.9,301.41,301.41,1217.19,1217.19,11,11,8.19,208.93,2025-05-02 7:00:00
2025-05-02,8:00:00,55.64,55.64,31.98,31.98,301.58,301.58,1114.09,1114.09,11,11,14.58,371.85,2025-05-02 8:00:00
2025-05-02,9:00:00,70.12,70.12,48.66,48.66,270.73,270.73,1268.45,1268.45,12.64,12.64,11.89,303.3,2025-05-02 9:00:00
2025-05-02,10:00:00,105,32.29,88.95,42.11,416.15,68.14,284.35,182.05,17.14,6.21,8.56,89.03,2025-05-02 10:00:00
2025-05-02,11:00:00,105,1,58.46,1,452.65,1,87.3,1,16,1,3.34,1,2025-05-02 11:00:00
2025-05-02,12:00:00,89.31,54.28,45.25,24.05,404.35,242.88,466.79,439.69,12.94,7.88,3.28,56.4,2025-05-02 12:00:00
2025-05-02,13:00:00,53.47,53.47,31.82,31.82,319.6,319.6,664.28,664.28,10.68,10.68,14.39,367.07,2025-05-02 13:00:00
2025-05-02,14:00:00,31.91,31.91,32.69,32.69,302.86,302.86,746.02,746.02,10.8,10.8,17.41,443.98,2025-05-02 14:00:00
2025-05-02,15:00:00,34.53,34.53,27.91,27.91,270.63,270.63,1053.94,1053.94,9.02,9.02,16.85,429.7,2025-05-02 15:00:00
2025-05-02,16:00:00,67.28,67.28,27.26,27.26,242.82,242.82,2078.54,2078.54,8.96,8.96,16.77,427.57,2025-05-02 16:00:00
2025-05-02,17:00:00,54.54,54.54,27.67,27.67,278.71,278.71,1423.59,1423.59,9.07,9.07,4.71,120.22,2025-05-02 17:00:00
2025-05-02,18:00:00,45.08,45.08,28.21,28.21,260.72,260.72,1481.17,1481.17,9.31,9.31,4.7,119.95,2025-05-02 18:00:00
2025-05-02,19:00:00,27.79,27.79,32.36,32.36,237.61,237.61,1844.41,1844.41,11.12,11.12,9.02,230.08,2025-05-02 19:00:00
2025-05-02,20:00:00,15.4,15.4,32.04,32.04,269.38,269.38,1033.85,1033.85,11,11,6.77,172.69,2025-05-02 20:00:00
2025-05-02,21:00:00,15.26,15.26,32.2,32.2,263.69,263.69,1324.49,1324.49,11,11,3.99,101.85,2025-05-02 21:00:00
2025-05-02,22:00:00,17.63,17.63,32.11,32.11,247.73,247.73,1341.11,1341.11,11,11,5.63,143.55,2025-05-02 22:00:00
2025-05-02,23:00:00,20.56,20.56,31.66,31.66,243.05,243.05,1521.21,1521.21,11,11,4.18,106.5,2025-05-02 23:00:00
2025-05-03,0:00:00,23.56,23.56,32.26,32.26,262.01,262.01,1202.95,1202.95,11,11,4,101.93,2025-05-03 0:00:00
2025-05-03,1:00:00,31.26,31.26,32.56,32.56,280.45,280.45,1019.98,1019.98,11,11,4,101.99,2025-05-03 1:00:00
2025-05-03,2:00:00,35.13,35.13,32.61,32.61,278.38,278.38,1087.25,1087.25,11,11,4,101.99,2025-05-03 2:00:00
2025-05-03,3:00:00,50.51,50.51,32.4,32.4,273.45,273.45,1109.7,1109.7,11,11,4,101.99,2025-05-03 3:00:00
2025-05-03,4:00:00,40.8,40.8,33.16,33.16,298.18,298.18,1007.11,1007.11,11.02,11.02,4,101.93,2025-05-03 4:00:00
2025-05-03,5:00:00,18.29,18.29,32.96,32.96,273.75,273.75,1068.34,1068.34,11.09,11.09,5.48,139.85,2025-05-03 5:00:00
2025-05-03,6:00:00,21.49,21.49,33.43,33.43,276.66,276.66,1132.15,1132.15,11.21,11.21,4.79,122.11,2025-05-03 6:00:00
2025-05-03,7:00:00,32.4,32.4,32.94,32.94,284.08,284.08,1060.93,1060.93,11,11,4.12,104.99,2025-05-03 7:00:00
2025-05-03,8:00:00,36.7,36.7,33.06,33.06,282.11,282.11,1076.36,1076.36,11,11,3.99,101.83,2025-05-03 8:00:00
2025-05-03,9:00:00,28.8,28.8,33.75,33.75,311.8,311.8,993.18,993.18,11.27,11.27,5.73,146.05,2025-05-03 9:00:00
2025-05-03,10:00:00,28.94,28.94,33.69,33.69,308.09,308.09,1036.83,1036.83,11.19,11.19,9.78,249.35,2025-05-03 10:00:00
2025-05-03,11:00:00,28.95,28.95,33.44,33.44,318.78,318.78,1042.88,1042.88,11,11,8.57,218.42,2025-05-03 11:00:00
2025-05-03,12:00:00,33.38,33.38,32.94,32.94,315.98,315.98,1058.05,1058.05,11,11,7.99,203.7,2025-05-03 12:00:00
2025-05-03,13:00:00,37.9,37.9,32.49,32.49,278.3,278.3,1208.71,1208.71,11,11,12.21,311.42,2025-05-03 13:00:00
2025-05-03,14:00:00,54.07,54.07,32.74,32.74,283.67,283.67,1152.94,1152.94,11.04,11.04,10.22,260.73,2025-05-03 14:00:00
2025-05-03,15:00:00,52.95,52.95,32.49,32.49,300.11,300.11,1060.43,1060.43,11,11,7.23,184.39,2025-05-03 15:00:00
2025-05-03,16:00:00,52.19,52.19,32.75,32.75,305.71,305.71,1064.81,1064.81,11,11,4.01,102.23,2025-05-03 16:00:00
2025-05-03,17:00:00,38.15,38.15,32.55,32.55,282.02,282.02,1121.06,1121.06,11,11,4.01,102.16,2025-05-03 17:00:00
2025-05-03,18:00:00,49.24,49.24,32.58,32.58,274.13,274.13,1134.49,1134.49,11,11,4.41,112.38,2025-05-03 18:00:00
2025-05-03,19:00:00,55.81,55.81,32.51,32.51,273.58,273.58,1129.92,1129.92,11,11,5.03,128.18,2025-05-03 19:00:00
2025-05-03,20:00:00,44.3,44.3,32.42,32.42,284.96,284.96,1116.37,1116.37,11,11,4,102.04,2025-05-03 20:00:00
2025-05-03,21:00:00,28.1,28.1,32.62,32.62,287.96,287.96,1039.75,1039.75,11,11,4,102.1,2025-05-03 21:00:00
2025-05-03,22:00:00,23.38,23.38,32.43,32.43,306.06,306.06,931,931,11,11,4,102.01,2025-05-03 22:00:00
2025-05-03,23:00:00,24.87,24.87,32.51,32.51,305.28,305.28,956.57,956.57,11,11,4.17,106.42,2025-05-03 23:00:00
2025-05-04,0:00:00,35.58,35.58,32.33,32.33,302.46,302.46,978.09,978.09,11,11,5.09,129.87,2025-05-04 0:00:00
2025-05-04,1:00:00,28.17,28.17,32.4,32.4,291.29,291.29,1011.25,1011.25,11,11,5.2,132.52,2025-05-04 1:00:00
2025-05-04,2:00:00,25.31,25.31,32.38,32.38,288.35,288.35,994.39,994.39,11,11,5.51,140.63,2025-05-04 2:00:00
2025-05-04,3:00:00,33.74,33.74,32.42,32.42,300.67,300.67,969.57,969.57,11,11,5.51,140.53,2025-05-04 3:00:00
2025-05-04,4:00:00,42.16,42.16,32.65,32.65,327.76,327.76,900.81,900.81,11,11,5.73,146.23,2025-05-04 4:00:00
2025-05-04,5:00:00,47.18,47.18,32.4,32.4,304.03,304.03,968.1,968.1,11,11,5.24,133.59,2025-05-04 5:00:00
2025-05-04,6:00:00,58.75,58.75,31.15,31.15,300.96,300.96,1097.79,1097.79,10.53,10.53,8.28,211.07,2025-05-04 6:00:00
2025-05-04,7:00:00,61.3,61.3,26.85,26.85,301.38,301.38,1047.29,1047.29,8.93,8.93,6.68,170.45,2025-05-04 7:00:00
2025-05-04,8:00:00,28.24,28.24,27.04,27.04,305.23,305.23,1098.16,1098.16,8.99,8.99,5.17,131.82,2025-05-04 8:00:00
2025-05-04,9:00:00,36.97,36.97,26.94,26.94,310.06,310.06,1004.26,1004.26,9,9,5.98,152.56,2025-05-04 9:00:00
2025-05-04,10:00:00,48.77,48.77,30.62,30.62,280.14,280.14,1102.9,1102.9,10.36,10.36,7.93,202.16,2025-05-04 10:00:00
2025-05-04,11:00:00,34.63,34.63,32.06,32.06,276.74,276.74,1097.33,1097.33,11,11,10.11,257.71,2025-05-04 11:00:00
2025-05-04,12:00:00,52.26,52.26,32.41,32.41,287.81,287.81,1092.38,1092.38,11,11,11.22,286.07,2025-05-04 12:00:00
2025-05-04,13:00:00,44.22,44.22,32.74,32.74,290.89,290.89,1065.69,1065.69,11,11,9.51,242.56,2025-05-04 13:00:00
2025-05-04,14:00:00,21.64,21.64,32.93,32.93,301.61,301.61,962.6,962.6,11,11,9.9,252.49,2025-05-04 14:00:00
2025-05-04,15:00:00,18.92,18.92,32.94,32.94,306.35,306.35,935.18,935.18,11.03,11.03,11.9,303.49,2025-05-04 15:00:00
2025-05-04,16:00:00,19.98,19.98,32.89,32.89,309.16,309.16,947.27,947.27,11,11,8.61,219.68,2025-05-04 16:00:00
2025-05-04,17:00:00,25.58,25.58,32.57,32.57,293.58,293.58,1029.43,1029.43,11,11,4.08,104.06,2025-05-04 17:00:00
2025-05-04,18:00:00,32.85,32.85,32.02,32.02,266.59,266.59,1325.25,1325.25,11,11,6.36,162.18,2025-05-04 18:00:00
2025-05-04,19:00:00,34.39,34.39,32.12,32.12,263.68,263.68,1268.96,1268.96,11,11,4,102.03,2025-05-04 19:00:00
2025-05-04,20:00:00,59.32,59.32,32.33,32.33,266.2,266.2,1276.66,1276.66,11.04,11.04,4.37,111.48,2025-05-04 20:00:00
2025-05-04,21:00:00,28.49,28.49,32.24,32.24,271.96,271.96,1215.91,1215.91,11,11,5.21,132.97,2025-05-04 21:00:00
2025-05-04,22:00:00,35.93,35.93,28.33,28.33,262.13,262.13,1422.64,1422.64,9.58,9.58,5.97,152.2,2025-05-04 22:00:00
2025-05-04,23:00:00,39.96,39.96,31.72,31.72,256.52,256.52,1312.27,1312.27,11,11,3.64,92.78,2025-05-04 23:00:00
2025-05-05,0:00:00,37.8,37.8,32.11,32.11,238.41,238.41,1436.85,1436.85,11.05,11.05,3.73,95.22,2025-05-05 0:00:00
2025-05-05,1:00:00,37.29,37.29,31.55,31.55,252.81,252.81,1906.74,1906.74,11,11,3.78,96.37,2025-05-05 1:00:00
2025-05-05,2:00:00,42.73,42.73,31.7,31.7,251.38,251.38,1650.16,1650.16,11,11,4.3,109.77,2025-05-05 2:00:00
2025-05-05,3:00:00,44.76,44.76,32.02,32.02,260.8,260.8,1530.34,1530.34,11,11,5.42,138.22,2025-05-05 3:00:00
2025-05-05,4:00:00,41.68,41.68,32.21,32.21,269.14,269.14,1271.54,1271.54,11,11,5.53,140.97,2025-05-05 4:00:00
2025-05-05,5:00:00,76.84,76.84,33.37,33.37,266.26,266.26,1155.59,1155.59,11.21,11.21,5.67,144.57,2025-05-05 5:00:00
2025-05-05,6:00:00,54.39,54.39,32.28,32.28,255.65,255.65,1413.56,1413.56,11,11,7.97,203.12,2025-05-05 6:00:00
2025-05-05,7:00:00,51.7,51.7,32.15,32.15,263.53,263.53,1764.48,1764.48,11,11,7.6,193.74,2025-05-05 7:00:00
2025-05-05,8:00:00,55.67,55.67,32.73,32.73,265.53,265.53,1097.04,1097.04,11,11,7.6,193.83,2025-05-05 8:00:00
2025-05-05,9:00:00,42.45,42.45,33.27,33.27,259.85,259.85,1069.71,1069.71,11.04,11.04,6.51,166,2025-05-05 9:00:00
2025-05-05,10:00:00,46.59,46.59,32.8,32.8,275.83,275.83,1025.66,1025.66,11,11,6.6,168.18,2025-05-05 10:00:00
2025-05-05,11:00:00,42.64,42.64,32.66,32.66,275.52,275.52,1042.02,1042.02,11,11,9.97,254.34,2025-05-05 11:00:00
2025-05-05,12:00:00,38.03,38.03,32.72,32.72,265.81,265.81,1070.15,1070.15,11,11,13.1,334.16,2025-05-05 12:00:00
2025-05-05,13:00:00,56.99,56.81,32.98,32.88,276.5,275.7,1040.49,1037.49,11,10.97,11.07,281.67,2025-05-05 13:00:00
2025-05-05,14:00:00,49.11,49.11,32.9,32.9,279.55,279.55,1001.42,1001.42,11,11,7.33,186.88,2025-05-05 14:00:00
2025-05-05,15:00:00,42.23,42.23,32.94,32.94,284.54,284.54,987.47,987.47,11,11,7.81,199.09,2025-05-05 15:00:00
2025-05-05,16:00:00,31.11,31.11,32.45,32.45,279.83,279.83,1038.46,1038.46,11,11,8.81,224.63,2025-05-05 16:00:00
2025-05-05,17:00:00,28.39,28.39,32.65,32.65,280.86,280.86,1075.17,1075.17,11,11,5.25,133.86,2025-05-05 17:00:00
2025-05-05,18:00:00,32.65,32.65,32.43,32.43,276.09,276.09,1107.99,1107.99,11,11,4,102.01,2025-05-05 18:00:00
2025-05-05,19:00:00,44.39,44.39,32.27,32.27,271.32,271.32,1265.18,1265.18,11,11,4.01,102.19,2025-05-05 19:00:00
2025-05-05,20:00:00,38.79,38.79,32.28,32.28,274.19,274.19,1152.5,1152.5,11,11,4.01,102.18,2025-05-05 20:00:00
2025-05-05,21:00:00,40.99,40.99,32.38,32.38,283.67,283.67,1068.19,1068.19,11,11,4,102.04,2025-05-05 21:00:00
2025-05-05,22:00:00,43.79,43.79,32.4,32.4,276.69,276.69,1053.24,1053.24,11,11,4,101.97,2025-05-05 22:00:00
2025-05-05,23:00:00,36.73,36.73,32.31,32.31,269.58,269.58,1071.59,1071.59,11,11,6.16,157.02,2025-05-05 23:00:00
2025-05-06,0:00:00,36.04,36.04,32.4,32.4,271.67,271.67,1086.45,1086.45,11,11,4.59,117.06,2025-05-06 0:00:00
2025-05-06,1:00:00,41.91,41.91,32.66,32.66,281.04,281.04,1072.48,1072.48,11.04,11.04,5.89,150.29,2025-05-06 1:00:00
2025-05-06,2:00:00,72.8,72.8,32.81,32.81,281.03,281.03,960.6,960.6,11,11,5.66,144.2,2025-05-06 2:00:00
2025-05-06,3:00:00,68.05,68.05,32.67,32.67,274.21,274.21,1066.14,1066.14,11,11,8.01,204.26,2025-05-06 3:00:00
2025-05-06,4:00:00,40.35,40.35,32.31,32.31,261.92,261.92,1312.7,1312.7,11,11,7.24,184.56,2025-05-06 4:00:00
2025-05-06,5:00:00,28.72,28.72,32.24,32.24,258.12,258.12,1363.45,1363.45,11,11,5.32,135.59,2025-05-06 5:00:00
2025-05-06,6:00:00,28.24,28.24,32.4,32.4,254.54,254.54,1415.76,1415.76,11,11,7.17,182.85,2025-05-06 6:00:00
2025-05-06,7:00:00,32.1,32.1,32.44,32.44,250.85,250.85,1195.7,1195.7,11,11,8.39,213.91,2025-05-06 7:00:00
2025-05-06,8:00:00,30.22,30.22,32.19,32.19,226.17,226.17,1653.65,1653.65,11,11,10.03,255.76,2025-05-06 8:00:00
2025-05-06,9:00:00,31.09,31.09,32.3,32.3,258.73,258.73,1199.17,1199.17,11,11,12.95,330.27,2025-05-06 9:00:00
2025-05-06,10:00:00,33.83,33.83,32.22,32.22,252.71,252.71,1291.25,1291.25,11,11,11.48,292.86,2025-05-06 10:00:00
2025-05-06,11:00:00,53.51,53.51,32.14,32.14,249.72,249.72,1341.16,1341.16,11,11,11.8,300.83,2025-05-06 11:00:00
2025-05-06,12:00:00,82.21,82.21,32.07,32.07,246.65,246.65,1366,1366,11,11,8.73,222.51,2025-05-06 12:00:00
2025-05-06,13:00:00,48.35,48.35,32.02,32.02,221.07,221.07,1995.77,1995.77,11,11,7.61,194.05,2025-05-06 13:00:00
2025-05-06,14:00:00,60.48,60.48,32.18,32.18,218.45,218.45,1865.76,1865.76,11.01,11.01,10.03,255.74,2025-05-06 14:00:00
2025-05-06,15:00:00,65.06,65.06,30.12,30.12,217.93,217.93,1426.27,1426.27,10.05,10.05,5.89,150.3,2025-05-06 15:00:00
2025-05-06,16:00:00,60.13,60.13,32.67,32.67,222.26,222.26,1275.89,1275.89,10.98,10.98,4.03,102.67,2025-05-06 16:00:00
2025-05-06,17:00:00,48.37,48.37,32.6,32.6,226.4,226.4,1266.87,1266.87,11,11,4.05,103.18,2025-05-06 17:00:00
2025-05-06,18:00:00,46.87,46.87,28.89,28.89,240.13,240.13,1173.31,1173.31,9.69,9.69,4.07,103.79,2025-05-06 18:00:00
2025-05-06,19:00:00,46.06,46.06,26.74,26.74,267.85,267.85,996.72,996.72,8.87,8.87,4.05,103.15,2025-05-06 19:00:00
2025-05-06,20:00:00,66.01,66.01,29.04,29.04,260.11,260.11,1131.03,1131.03,9.61,9.61,4.06,103.44,2025-05-06 20:00:00
2025-05-06,21:00:00,34.65,34.65,32.72,32.72,245.85,245.85,1092.06,1092.06,11,11,5.49,139.99,2025-05-06 21:00:00
2025-05-06,22:00:00,31.22,31.22,32.83,32.83,244.52,244.52,1079.71,1079.71,11,11,5.93,151.27,2025-05-06 22:00:00
2025-05-06,23:00:00,28.76,28.76,32.58,32.58,227.53,227.53,1444.19,1444.19,11.01,11.01,4.04,103.06,2025-05-06 23:00:00
2025-05-07,0:00:00,27.96,27.96,32.76,32.76,256.87,256.87,1077.65,1077.65,11,11,4.2,107.14,2025-05-07 0:00:00
2025-05-07,1:00:00,25.38,25.38,32.53,32.53,252.25,252.25,1084.34,1084.34,11,11,6.3,160.72,2025-05-07 1:00:00
2025-05-07,2:00:00,29.9,29.9,32.3,32.3,219.93,219.93,1821.84,1821.84,10.97,10.97,5.69,145.09,2025-05-07 2:00:00
2025-05-07,3:00:00,32.58,32.58,32.35,32.35,250.37,250.37,1056.59,1056.59,11,11,4.37,111.5,2025-05-07 3:00:00
2025-05-07,4:00:00,38.64,38.64,32.39,32.39,245.21,245.21,1048.49,1048.49,11,11,4.95,126.19,2025-05-07 4:00:00
2025-05-07,5:00:00,55,55,32.55,32.55,241.01,241.01,1136.57,1136.57,11,11,5.17,131.87,2025-05-07 5:00:00
2025-05-07,6:00:00,84.84,84.84,32.7,32.7,237.44,237.44,1168.2,1168.2,11,11,7.67,195.61,2025-05-07 6:00:00
2025-05-07,7:00:00,89.93,49.8,92.09,20.53,172.22,141.5,944.84,698.02,13.84,7.11,12.27,212.66,2025-05-07 7:00:00
2025-05-07,8:00:00,105,3.3,231.17,3.18,124.52,8.45,481.44,4.32,19.17,1.37,10.56,7.58,2025-05-07 8:00:00
2025-05-07,9:00:00,104.62,14.93,168.96,12.23,113.85,38.75,478.74,98.17,18.63,3.06,13.38,46.52,2025-05-07 9:00:00
2025-05-07,10:00:00,50.07,50.07,29.16,29.16,186.26,186.26,839.36,839.36,9.6,9.6,12.39,315.99,2025-05-07 10:00:00
2025-05-07,11:00:00,20.56,20.56,26.9,26.9,182.91,182.91,998.97,998.97,8.71,8.71,11.36,289.73,2025-05-07 11:00:00
2025-05-07,12:00:00,48.53,48.53,29.94,29.94,213.13,213.13,1033.12,1033.12,9.74,9.74,13.21,336.83,2025-05-07 12:00:00
2025-05-07,13:00:00,24.57,24.57,32.54,32.54,197.38,197.38,1191.64,1191.64,11.01,11.01,6.12,155.95,2025-05-07 13:00:00
2025-05-07,14:00:00,27.39,27.39,30.91,30.91,200.28,200.28,1469.76,1469.76,10.38,10.38,10.38,264.75,2025-05-07 14:00:00
2025-05-07,15:00:00,51.28,51.28,31.54,31.54,196.53,196.53,1673.22,1673.22,10.7,10.7,15.03,383.32,2025-05-07 15:00:00
2025-05-07,16:00:00,19.33,19.33,31.75,31.75,203.66,203.66,1369.09,1369.09,10.99,10.99,12.44,317.2,2025-05-07 16:00:00
2025-05-07,17:00:00,17.31,17.31,31.9,31.9,194.97,194.97,1432.79,1432.79,11,11,6.83,174.06,2025-05-07 17:00:00
2025-05-07,18:00:00,31.71,31.71,32.26,32.26,194.18,194.18,1442.29,1442.29,11,11,6.26,159.67,2025-05-07 18:00:00
2025-05-07,19:00:00,27.39,27.39,31.95,31.95,185.11,185.11,1717.38,1717.38,11,11,4.02,102.5,2025-05-07 19:00:00
2025-05-07,20:00:00,24.65,24.65,31.96,31.96,181.77,181.77,1720.68,1720.68,11,11,4.01,102.17,2025-05-07 20:00:00
2025-05-07,21:00:00,25.09,25.09,32.46,32.46,182.43,182.43,1935.06,1935.06,11.06,11.06,4.01,102.26,2025-05-07 21:00:00
2025-05-07,22:00:00,26.41,26.41,32.45,32.45,209.38,209.38,1096.53,1096.53,11,11,4.01,102.21,2025-05-07 22:00:00
2025-05-07,23:00:00,31.12,31.12,32.24,32.24,215.16,215.16,1263.27,1263.27,11,11,4,102.1,2025-05-07 23:00:00
2025-05-08,0:00:00,52.51,52.51,29.53,29.53,219.48,219.48,1239.66,1239.66,9.88,9.88,7.19,183.3,2025-05-08 0:00:00
2025-05-08,1:00:00,31.58,31.58,32.62,32.62,227.64,227.64,1063.37,1063.37,11,11,8.08,205.97,2025-05-08 1:00:00
2025-05-08,2:00:00,26.48,26.48,32.41,32.41,219.98,219.98,1226.86,1226.86,11,11,4.35,110.8,2025-05-08 2:00:00
2025-05-08,3:00:00,30.39,30.39,32.16,32.16,221.59,221.59,1253.78,1253.78,11,11,4.79,122.26,2025-05-08 3:00:00
2025-05-08,4:00:00,45.92,45.92,27.89,27.89,236.49,236.49,1239.3,1239.3,9.36,9.36,4.02,102.38,2025-05-08 4:00:00
2025-05-08,5:00:00,53.18,53.18,32.32,32.32,224.57,224.57,1294.09,1294.09,10.99,10.99,5.65,144.11,2025-05-08 5:00:00
2025-05-08,6:00:00,22.06,22.06,32.61,32.61,231.26,231.26,1187.38,1187.38,11,11,11.66,297.28,2025-05-08 6:00:00
2025-05-08,7:00:00,19.9,19.9,32.31,32.31,231.85,231.85,1229.19,1229.19,11,11,4.47,113.96,2025-05-08 7:00:00
2025-05-08,8:00:00,31.07,31.07,31.32,31.32,241.37,241.37,1488.14,1488.14,10.73,10.73,11.33,288.91,2025-05-08 8:00:00
2025-05-08,9:00:00,33.59,33.59,30.81,30.81,249.5,249.5,1354.69,1354.69,10.59,10.59,15.97,407.28,2025-05-08 9:00:00
2025-05-08,10:00:00,27.42,27.42,30.43,30.43,257.25,257.25,1324.49,1324.49,10.11,10.11,9.9,252.34,2025-05-08 10:00:00
2025-05-08,11:00:00,35.94,35.94,30.49,30.49,272.93,272.93,1309.08,1309.08,10.03,10.03,5.79,147.56,2025-05-08 11:00:00
2025-05-08,12:00:00,34.81,34.81,29.98,29.98,250.66,250.66,1814.24,1814.24,10,10,4.06,103.58,2025-05-08 12:00:00
2025-05-08,13:00:00,32.38,32.38,29.82,29.82,226.38,226.38,2139.2,2139.2,10,10,11.25,286.88,2025-05-08 13:00:00
2025-05-08,14:00:00,58.72,58.72,26.9,26.9,247.24,247.24,2041.04,2041.04,8.75,8.75,12.91,329.27,2025-05-08 14:00:00
2025-05-08,15:00:00,79.18,79.18,30.73,30.73,255.85,255.85,1628.14,1628.14,10.24,10.24,12.01,306.15,2025-05-08 15:00:00
2025-05-08,16:00:00,26.76,26.76,30.73,30.73,301.7,301.7,1019.18,1019.18,10.51,10.51,8.62,219.93,2025-05-08 16:00:00
2025-05-08,17:00:00,25.14,25.14,31.84,31.84,293.17,293.17,917.36,917.36,10.92,10.92,5.09,129.86,2025-05-08 17:00:00
2025-05-08,18:00:00,16.21,16.21,33.24,33.24,254.09,254.09,1029.76,1029.76,11.24,11.24,4.01,102.19,2025-05-08 18:00:00
2025-05-08,19:00:00,14.09,14.09,32.61,32.61,236.86,236.86,1150.92,1150.92,11.04,11.04,4,102.1,2025-05-08 19:00:00
2025-05-08,20:00:00,14.53,14.53,33.38,33.38,209.49,209.49,1628.2,1628.2,11.39,11.39,7.25,184.84,2025-05-08 20:00:00
2025-05-08,21:00:00,16.38,16.38,35.2,35.2,212.76,212.76,963.84,963.84,11.94,11.94,4.24,108.23,2025-05-08 21:00:00
2025-05-08,22:00:00,15.15,15.15,32.18,32.18,211.78,211.78,1306.05,1306.05,11,11,4,102.07,2025-05-08 22:00:00
2025-05-08,23:00:00,14.84,14.84,32.35,32.35,212.02,212.02,1267.29,1267.29,11.01,11.01,4,102.07,2025-05-08 23:00:00
2025-05-09,0:00:00,19.1,19.1,32.08,32.08,222.39,222.39,1200.02,1200.02,11,11,4.56,116.19,2025-05-09 0:00:00
2025-05-09,1:00:00,21.47,21.47,32.34,32.34,240.51,240.51,1106.84,1106.84,11.04,11.04,6.83,174.13,2025-05-09 1:00:00
2025-05-09,2:00:00,16.01,16.01,32.13,32.13,235.03,235.03,1076.55,1076.55,11,11,6.93,176.67,2025-05-09 2:00:00
2025-05-09,3:00:00,15.72,15.72,31.91,31.91,219.03,219.03,1280.7,1280.7,11,11,4,102.07,2025-05-09 3:00:00
2025-05-09,4:00:00,13.9,13.9,31.4,31.4,210.8,210.8,1527.87,1527.87,11,11,4.69,119.5,2025-05-09 4:00:00
2025-05-09,5:00:00,14.26,14.26,31.91,31.91,204.55,204.55,1660.38,1660.38,11.05,11.05,6.62,168.83,2025-05-09 5:00:00
2025-05-09,6:00:00,14.31,14.31,31.67,31.67,209.49,209.49,1400.32,1400.32,11,11,8.73,222.61,2025-05-09 6:00:00
2025-05-09,7:00:00,14.1,14.1,31.87,31.87,217.66,217.66,1357.86,1357.86,11,11,13.25,337.92,2025-05-09 7:00:00
2025-05-09,8:00:00,18.22,18.22,31.94,31.94,220.58,220.58,1309.56,1309.56,11.01,11.01,9.24,235.54,2025-05-09 8:00:00
2025-05-09,9:00:00,33.21,33.21,31.56,31.56,192.78,192.78,1709.82,1709.82,11,11,5.23,133.26,2025-05-09 9:00:00
2025-05-09,10:00:00,23.65,23.65,31.2,31.2,197.23,197.23,2024.78,2024.78,11,11,8.65,220.68,2025-05-09 10:00:00
2025-05-09,11:00:00,28.75,28.75,31.22,31.22,209.39,209.39,2039.82,2039.82,10.93,10.93,11.68,297.94,2025-05-09 11:00:00
2025-05-09,12:00:00,35.75,35.75,31.3,31.3,197.2,197.2,2217.31,2217.31,10.87,10.87,8.47,215.95,2025-05-09 12:00:00
2025-05-09,13:00:00,38.4,38.4,32.53,32.53,230.13,230.13,1640.35,1640.35,11.13,11.13,4,102.01,2025-05-09 13:00:00
2025-05-09,14:00:00,18.49,18.49,34.38,34.38,262.06,262.06,1115.03,1115.03,11.74,11.74,8.01,204.36,2025-05-09 14:00:00
2025-05-09,15:00:00,10.12,10.12,35.38,35.38,251.62,251.62,977.56,977.56,11.97,11.97,5.48,139.83,2025-05-09 15:00:00
2025-05-09,16:00:00,27.39,27.39,32.5,32.5,213.26,213.26,1382.97,1382.97,11.11,11.11,4.59,117.09,2025-05-09 16:00:00
2025-05-09,17:00:00,44.09,44.09,32.13,32.13,210.38,210.38,1292.51,1292.51,11,11,10.21,260.28,2025-05-09 17:00:00
2025-05-09,18:00:00,41.07,41.07,31.93,31.93,206.72,206.72,1297.25,1297.25,11,11,4.07,103.67,2025-05-09 18:00:00
2025-05-09,19:00:00,55.12,55.12,31.94,31.94,194.23,194.23,1530.35,1530.35,11,11,4,102.05,2025-05-09 19:00:00
2025-05-09,20:00:00,59.77,59.77,31.98,31.98,207.57,207.57,1603.33,1603.33,11,11,4.04,103.12,2025-05-09 20:00:00
2025-05-09,21:00:00,31.93,31.93,32.19,32.19,210.41,210.41,1541.41,1541.41,11,11,8.01,204.17,2025-05-09 21:00:00
2025-05-09,22:00:00,23.79,23.79,32.13,32.13,199.82,199.82,1540.87,1540.87,11,11,6.38,162.81,2025-05-09 22:00:00
2025-05-09,23:00:00,32.77,32.77,32.01,32.01,211.19,211.19,1582.21,1582.21,11,11,6.2,157.98,2025-05-09 23:00:00
2025-05-10,0:00:00,43.6,43.6,32.67,32.67,212.83,212.83,1328.3,1328.3,11,11,5.31,135.46,2025-05-10 0:00:00
2025-05-10,1:00:00,33.27,33.27,32.63,32.63,206.06,206.06,1238.64,1238.64,11,11,4,101.97,2025-05-10 1:00:00
2025-05-10,2:00:00,33.35,33.35,32.46,32.46,205.63,205.63,1187.81,1187.81,11,11,4.18,106.64,2025-05-10 2:00:00
2025-05-10,3:00:00,34.66,34.66,32.67,32.67,215.65,215.65,1233.56,1233.56,11,11,10.82,275.96,2025-05-10 3:00:00
2025-05-10,4:00:00,41.55,41.55,32.76,32.76,219.38,219.38,1097.89,1097.89,11,11,10.06,256.41,2025-05-10 4:00:00
2025-05-10,5:00:00,55.44,55.44,33.49,33.49,272.11,272.11,917.43,917.43,11.19,11.19,4,101.91,2025-05-10 5:00:00
2025-05-10,6:00:00,41.39,41.39,33.7,33.7,235,235,965.1,965.1,11.41,11.41,5.93,151.23,2025-05-10 6:00:00
2025-05-10,7:00:00,30.25,30.25,32.75,32.75,221.24,221.24,1288.66,1288.66,11.04,11.04,6.93,176.61,2025-05-10 7:00:00
2025-05-10,8:00:00,31.05,31.05,32.46,32.46,208.06,208.06,1476.18,1476.18,11,11,6.67,170.08,2025-05-10 8:00:00
2025-05-10,9:00:00,32.24,32.24,32.35,32.35,212.08,212.08,1428.11,1428.11,11,11,7.02,179.06,2025-05-10 9:00:00
2025-05-10,10:00:00,35.81,35.81,32.27,32.27,211.86,211.86,1630.61,1630.61,11.06,11.06,8.42,214.66,2025-05-10 10:00:00
2025-05-10,11:00:00,54.2,54.2,32.17,32.17,237.25,237.25,1761.51,1761.51,11,11,10.37,264.48,2025-05-10 11:00:00
2025-05-10,12:00:00,77.93,77.93,32.55,32.55,252.2,252.2,1447.66,1447.66,11,11,12.87,328.08,2025-05-10 12:00:00
2025-05-10,13:00:00,62.83,62.83,32.49,32.49,239.75,239.75,1385.22,1385.22,11,11,9.86,251.32,2025-05-10 13:00:00
2025-05-10,14:00:00,35.77,35.77,32.19,32.19,243.11,243.11,1235.73,1235.73,11,11,4.35,111.05,2025-05-10 14:00:00
2025-05-10,15:00:00,30.31,30.31,32,32,230.48,230.48,1445.32,1445.32,11,11,6.04,154.13,2025-05-10 15:00:00
2025-05-10,16:00:00,37.04,37.04,32.39,32.39,236.01,236.01,1279.11,1279.11,11,11,9.88,251.92,2025-05-10 16:00:00
2025-05-10,17:00:00,41.53,41.53,31.99,31.99,222.75,222.75,1509.39,1509.39,11,11,8.91,227.27,2025-05-10 17:00:00
2025-05-10,18:00:00,52.03,52.03,32.35,32.35,238.55,238.55,1316.83,1316.83,11,11,9.17,233.96,2025-05-10 18:00:00
2025-05-10,19:00:00,44.66,44.66,32.35,32.35,240.53,240.53,1344.05,1344.05,11,11,7.59,193.6,2025-05-10 19:00:00
2025-05-10,20:00:00,33.58,33.58,32.54,32.54,241.15,241.15,1275.73,1275.73,11,11,4,101.92,2025-05-10 20:00:00
2025-05-10,21:00:00,37.89,37.89,32.41,32.41,239.7,239.7,1277.73,1277.73,11,11,7.03,179.35,2025-05-10 21:00:00
2025-05-10,22:00:00,30.17,30.17,32.29,32.29,242.41,242.41,1246.71,1246.71,11,11,6.58,167.83,2025-05-10 22:00:00
2025-05-10,23:00:00,26.72,26.72,31.98,31.98,242.4,242.4,1315.37,1315.37,11,11,4,101.95,2025-05-10 23:00:00
2025-05-11,0:00:00,28.44,28.44,32.27,32.27,245.53,245.53,1191.47,1191.47,11,11,3.99,101.86,2025-05-11 0:00:00
2025-05-11,1:00:00,25.94,25.94,32.42,32.42,252.26,252.26,1133.66,1133.66,11,11,4,102,2025-05-11 1:00:00
2025-05-11,2:00:00,30.06,30.06,32.5,32.5,240.19,240.19,1326.03,1326.03,11.15,11.15,4,101.96,2025-05-11 2:00:00
2025-05-11,3:00:00,31.1,31.1,31.93,31.93,255.66,255.66,1509.53,1509.53,11,11,4,101.96,2025-05-11 3:00:00
2025-05-11,4:00:00,36.17,36.17,32.4,32.4,263.59,263.59,1071.65,1071.65,11,11,4.16,106.2,2025-05-11 4:00:00
2025-05-11,5:00:00,38.89,38.89,32.56,32.56,258.11,258.11,1114.18,1114.18,11,11,5.51,140.39,2025-05-11 5:00:00
2025-05-11,6:00:00,38.86,38.86,32.2,32.2,263.92,263.92,1265.63,1265.63,11,11,8.68,221.24,2025-05-11 6:00:00
2025-05-11,7:00:00,47.33,47.33,32.16,32.16,251.62,251.62,1191.96,1191.96,11,11,8.56,218.25,2025-05-11 7:00:00
2025-05-11,8:00:00,49.88,49.88,32.34,32.34,254.03,254.03,1172.3,1172.3,11,11,15.97,407.32,2025-05-11 8:00:00
2025-05-11,9:00:00,41.54,41.54,32.23,32.23,252.12,252.12,1226.2,1226.2,11,11,15.01,382.84,2025-05-11 9:00:00
2025-05-11,10:00:00,37.48,37.48,32.35,32.35,250.8,250.8,1179.06,1179.06,11,11,16.5,420.7,2025-05-11 10:00:00
2025-05-11,11:00:00,40.54,40.54,32.31,32.31,250.62,250.62,1216.38,1216.38,10.97,10.97,16.04,408.92,2025-05-11 11:00:00
2025-05-11,12:00:00,81.26,81.26,30.21,30.21,276.29,276.29,1156.55,1156.55,10.04,10.04,14.06,358.42,2025-05-11 12:00:00
2025-05-11,13:00:00,51.66,51.66,32.15,32.15,250.96,250.96,1315.39,1315.39,11,11,12.15,309.8,2025-05-11 13:00:00
2025-05-11,14:00:00,37.7,37.7,32.04,32.04,247.83,247.83,1287.53,1287.53,11,11,8.65,220.64,2025-05-11 14:00:00
2025-05-11,15:00:00,67.44,67.44,29.9,29.9,261.26,261.26,1225.66,1225.66,10.12,10.12,7,178.41,2025-05-11 15:00:00
2025-05-11,16:00:00,69.33,69.33,32.43,32.43,258.78,258.78,1214.27,1214.27,11.02,11.02,6.77,172.62,2025-05-11 16:00:00
2025-05-11,17:00:00,55.28,55.28,32.29,32.29,248.28,248.28,1203.57,1203.57,11,11,4.01,102.14,2025-05-11 17:00:00
2025-05-11,18:00:00,65.57,65.57,32.57,32.57,249,249,1205.1,1205.1,11,11,4,102.04,2025-05-11 18:00:00
2025-05-11,19:00:00,65.28,65.28,32.37,32.37,245.23,245.23,1233.82,1233.82,11,11,4,101.94,2025-05-11 19:00:00
2025-05-11,20:00:00,66.31,66.31,32.13,32.13,262.4,262.4,1068.36,1068.36,11,11,3.18,80.97,2025-05-11 20:00:00
2025-05-11,21:00:00,18.38,18.38,31.76,31.76,237.58,237.58,1182.72,1182.72,11,11,3.01,76.87,2025-05-11 21:00:00
2025-05-11,22:00:00,18.26,18.26,31.49,31.49,238.7,238.7,1312.13,1312.13,11,11,4.03,102.73,2025-05-11 22:00:00
2025-05-11,23:00:00,25.15,25.15,31.57,31.57,255.78,255.78,1218.7,1218.7,11,11,10.95,279.16,2025-05-11 23:00:00
2025-05-12,0:00:00,28.21,28.21,32.19,32.19,239.76,239.76,1254.94,1254.94,11.18,11.18,9.64,245.94,2025-05-12 0:00:00
2025-05-12,1:00:00,26.9,26.9,31.38,31.38,229.53,229.53,1428.63,1428.63,11,11,6.76,172.26,2025-05-12 1:00:00
2025-05-12,2:00:00,30.56,30.56,31.5,31.5,242.28,242.28,1559.01,1559.01,11,11,5.59,142.44,2025-05-12 2:00:00
2025-05-12,3:00:00,40.48,40.48,31.44,31.44,245.31,245.31,1288.99,1288.99,11,11,11.32,288.54,2025-05-12 3:00:00
2025-05-12,4:00:00,45.22,45.22,31.91,31.91,251.89,251.89,1133.1,1133.1,11,11,8.37,213.4,2025-05-12 4:00:00
2025-05-12,5:00:00,40.25,40.25,31.85,31.85,250.21,250.21,1176.09,1176.09,11,11,4.59,117.07,2025-05-12 5:00:00
2025-05-12,6:00:00,38.76,38.76,32,32,254.89,254.89,1164.05,1164.05,11,11,4.58,116.87,2025-05-12 6:00:00
2025-05-12,7:00:00,31.66,31.66,32.26,32.26,258.07,258.07,1084.73,1084.73,11,11,3.65,93.11,2025-05-12 7:00:00
2025-05-12,8:00:00,22.9,22.9,31.93,31.93,265.89,265.89,1069.18,1069.18,11,11,4.42,112.83,2025-05-12 8:00:00
2025-05-12,9:00:00,21.49,21.49,32.43,32.43,245.46,245.46,1264.88,1264.88,11.13,11.13,12.31,313.97,2025-05-12 9:00:00
2025-05-12,10:00:00,29.41,29.41,31.61,31.61,249.42,249.42,1258.12,1258.12,11,11,11.33,288.9,2025-05-12 10:00:00
2025-05-12,11:00:00,36.57,36.57,31.54,31.54,239.42,239.42,1312.48,1312.48,11,11,8.9,226.87,2025-05-12 11:00:00
2025-05-12,12:00:00,43.06,43.06,31.79,31.79,243.8,243.8,1301.97,1301.97,11,11,7.69,196.17,2025-05-12 12:00:00
2025-05-12,13:00:00,38.52,38.52,31.65,31.65,244.32,244.32,1300.56,1300.56,11,11,4.32,110.28,2025-05-12 13:00:00
2025-05-12,14:00:00,33.39,33.39,31.61,31.61,238.98,238.98,1293.76,1293.76,11,11,10.53,268.56,2025-05-12 14:00:00
2025-05-12,15:00:00,36.7,36.7,31.87,31.87,243.67,243.67,1295.23,1295.23,11.05,11.05,11.52,293.64,2025-05-12 15:00:00
2025-05-12,16:00:00,35.19,35.19,31.63,31.63,229.31,229.31,1385.48,1385.48,11,11,10.87,277.14,2025-05-12 16:00:00
2025-05-12,17:00:00,46.6,46.6,31.95,31.95,245.58,245.58,1137.52,1137.52,11,11,4.69,119.59,2025-05-12 17:00:00
2025-05-12,18:00:00,34.64,34.64,32.67,32.67,253.23,253.23,988.21,988.21,11.02,11.02,4,101.88,2025-05-12 18:00:00
2025-05-12,19:00:00,26.24,26.24,32.57,32.57,236.15,236.15,1110.38,1110.38,11.06,11.06,4,101.96,2025-05-12 19:00:00
2025-05-12,20:00:00,24.44,24.44,32.14,32.14,251.34,251.34,1012.72,1012.72,11,11,4,101.98,2025-05-12 20:00:00
2025-05-12,21:00:00,35.78,35.78,32.26,32.26,241.35,241.35,1146.78,1146.78,11.04,11.04,4.04,103.1,2025-05-12 21:00:00
2025-05-12,22:00:00,36.57,36.57,32.04,32.04,241.58,241.58,1095.4,1095.4,11,11,10.34,263.65,2025-05-12 22:00:00
2025-05-12,23:00:00,35.77,35.77,32.43,32.43,257.76,257.76,1200.15,1200.15,11,11,11.41,290.87,2025-05-12 23:00:00
2025-05-13,0:00:00,31.71,31.71,32.23,32.23,245.77,245.77,1057.49,1057.49,11,11,4.49,114.39,2025-05-13 0:00:00
2025-05-13,1:00:00,25.8,25.8,32.07,32.07,253.22,253.22,1150.94,1150.94,11,11,3.98,101.48,2025-05-13 1:00:00
2025-05-13,2:00:00,18.33,18.33,31.56,31.56,247.91,247.91,1446.39,1446.39,11,11,3.99,101.73,2025-05-13 2:00:00
2025-05-13,3:00:00,23.17,23.17,31.9,31.9,261.06,261.06,1309.74,1309.74,11.04,11.04,4.08,104.14,2025-05-13 3:00:00
2025-05-13,4:00:00,57.43,57.43,30.63,30.63,234.44,234.44,1346.53,1346.53,10.58,10.58,5.4,137.59,2025-05-13 4:00:00
2025-05-13,5:00:00,28.31,28.31,32.15,32.15,231.87,231.87,1177.07,1177.07,11,11,6.45,164.48,2025-05-13 5:00:00
2025-05-13,6:00:00,27.91,27.91,32.07,32.07,233.2,233.2,1183.6,1183.6,11.05,11.05,6,153.05,2025-05-13 6:00:00
2025-05-13,7:00:00,26.73,26.73,32.06,32.06,256.91,256.91,1067.35,1067.35,11,11,5.11,130.36,2025-05-13 7:00:00
2025-05-13,8:00:00,47.01,47.01,32.44,32.44,255.77,255.77,1110.76,1110.76,11.06,11.06,5.51,140.46,2025-05-13 8:00:00
2025-05-13,9:00:00,50.6,50.6,32.63,32.63,261.29,261.29,1164.06,1164.06,11,11,10.48,267.26,2025-05-13 9:00:00
2025-05-13,10:00:00,30.84,30.84,32.31,32.31,247.91,247.91,1299.6,1299.6,11,11,8.72,222.35,2025-05-13 10:00:00
2025-05-13,11:00:00,25.14,25.14,32.17,32.17,233.26,233.26,1367.88,1367.88,11,11,10.37,264.38,2025-05-13 11:00:00
2025-05-13,12:00:00,25.05,25.05,32.18,32.18,228.13,228.13,1512.56,1512.56,11.01,11.01,12.45,317.56,2025-05-13 12:00:00
2025-05-13,13:00:00,31.63,31.63,32.16,32.16,226.47,226.47,1579.77,1579.77,11.03,11.03,11.53,294.08,2025-05-13 13:00:00
2025-05-13,14:00:00,34.25,34.25,31.98,31.98,250.61,250.61,1154.39,1154.39,11,11,7.3,186.23,2025-05-13 14:00:00
2025-05-13,15:00:00,32.45,32.45,32.02,32.02,237.17,237.17,1319.7,1319.7,11.01,11.01,9.11,232.28,2025-05-13 15:00:00
2025-05-13,16:00:00,27.16,27.16,32.03,32.03,254.01,254.01,1179.16,1179.16,11.01,11.01,5.37,136.89,2025-05-13 16:00:00
2025-05-13,17:00:00,20.88,20.88,32.1,32.1,249.53,249.53,1215.57,1215.57,11.02,11.02,7.68,195.84,2025-05-13 17:00:00
2025-05-13,18:00:00,21.04,21.04,31.4,31.4,270.51,270.51,1253.9,1253.9,11,11,4.05,103.39,2025-05-13 18:00:00
2025-05-13,19:00:00,29.93,29.93,31.64,31.64,260.23,260.23,1206.98,1206.98,11,11,4.02,102.59,2025-05-13 19:00:00
2025-05-13,20:00:00,80.02,80.02,30.85,30.85,274.85,274.85,1132.08,1132.08,10.47,10.47,8.38,213.69,2025-05-13 20:00:00
2025-05-13,21:00:00,97.09,97.09,31.47,31.47,295.58,295.58,1043.45,1043.45,10.57,10.57,8.03,204.84,2025-05-13 21:00:00
2025-05-13,22:00:00,55.11,55.11,32.42,32.42,279.02,279.02,1111.56,1111.56,11.02,11.02,4.01,102.18,2025-05-13 22:00:00
2025-05-13,23:00:00,59.08,59.08,32.38,32.38,290.84,290.84,1008.83,1008.83,11,11,4.01,102.24,2025-05-13 23:00:00
2025-05-14,0:00:00,59.85,59.85,32.29,32.29,280.64,280.64,1064.22,1064.22,11,11,4.02,102.39,2025-05-14 0:00:00
2025-05-14,1:00:00,52.12,52.12,32.09,32.09,278.52,278.52,1060.41,1060.41,11,11,6.54,166.69,2025-05-14 1:00:00
2025-05-14,2:00:00,56.46,56.46,32.46,32.46,281.73,281.73,1009.68,1009.68,11,11,6.63,169.02,2025-05-14 2:00:00
2025-05-14,3:00:00,62.14,62.14,32.62,32.62,269.8,269.8,1071.41,1071.41,11,11,5.39,137.4,2025-05-14 3:00:00
2025-05-14,4:00:00,50.59,50.59,32.95,32.95,249.76,249.76,1230.62,1230.62,11.16,11.16,4.01,102.31,2025-05-14 4:00:00
2025-05-14,5:00:00,54.62,54.62,32.34,32.34,263.87,263.87,1163.32,1163.32,11,11,4.01,102.32,2025-05-14 5:00:00
2025-05-14,6:00:00,65.67,65.67,27.16,27.16,271.78,271.78,1433.83,1433.83,8.95,8.95,7.73,197.16,2025-05-14 6:00:00
2025-05-14,7:00:00,47.95,47.95,26.2,26.2,277.42,277.42,1191.33,1191.33,8.54,8.54,8.89,226.68,2025-05-14 7:00:00
2025-05-14,8:00:00,50.7,50.7,26.37,26.37,264.61,264.61,1237.64,1237.64,8.92,8.92,7.3,186.16,2025-05-14 8:00:00
2025-05-14,9:00:00,66.33,66.33,26.96,26.96,290.77,290.77,1131.1,1131.1,9,9,6.84,174.49,2025-05-14 9:00:00
2025-05-14,10:00:00,53.66,53.66,26.66,26.66,284.2,284.2,1216.34,1216.34,9,9,7.93,202.16,2025-05-14 10:00:00
2025-05-14,11:00:00,47.89,47.89,26.73,26.73,288.62,288.62,1236.11,1236.11,9,9,11.73,299.16,2025-05-14 11:00:00
2025-05-14,12:00:00,52.46,52.46,26.71,26.71,281.1,281.1,1274.62,1274.62,9,9,9.91,252.69,2025-05-14 12:00:00
2025-05-14,13:00:00,54.8,54.8,26.85,26.85,267.84,267.84,1441.82,1441.82,9,9,10.16,259.03,2025-05-14 13:00:00
2025-05-14,14:00:00,59.98,59.98,26.81,26.81,252.43,252.43,1711.99,1711.99,8.89,8.89,13.39,341.42,2025-05-14 14:00:00
2025-05-14,15:00:00,60.51,60.51,26.56,26.56,244.78,244.78,1593.84,1593.84,8.86,8.86,17.73,452.21,2025-05-14 15:00:00
2025-05-14,16:00:00,64.12,64.12,27,27,267.8,267.8,1259.8,1259.8,9,9,11.1,283.06,2025-05-14 16:00:00
2025-05-14,17:00:00,64.21,64.21,27.11,27.11,262.36,262.36,1305.01,1305.01,9,9,4.73,120.63,2025-05-14 17:00:00
2025-05-14,18:00:00,60.38,60.38,27.05,27.05,267.66,267.66,1154.05,1154.05,9,9,4.09,104.18,2025-05-14 18:00:00
2025-05-14,19:00:00,61.03,61.03,27.21,27.21,268.1,268.1,1161.42,1161.42,9.03,9.03,4.07,103.85,2025-05-14 19:00:00
2025-05-14,20:00:00,67.73,67.73,27.42,27.42,274.6,274.6,1140.52,1140.52,9.04,9.04,7,178.53,2025-05-14 20:00:00
2025-05-14,21:00:00,72.61,72.61,31.11,31.11,245.57,245.57,1204.66,1204.66,10.63,10.63,7.77,198.11,2025-05-14 21:00:00
2025-05-14,22:00:00,67.61,67.61,32,32,255.72,255.72,1125.21,1125.21,11,11,4.35,111,2025-05-14 22:00:00
2025-05-14,23:00:00,53.58,53.58,31.96,31.96,242.96,242.96,1250.57,1250.57,11,11,7.48,190.79,2025-05-14 23:00:00
2025-05-15,0:00:00,77.71,77.71,32.49,32.49,242.9,242.9,1283.5,1283.5,11.02,11.02,10.57,269.5,2025-05-15 0:00:00
2025-05-15,1:00:00,105,105,32.42,32.42,240.48,240.48,1209.64,1209.64,11,11,8.29,211.5,2025-05-15 1:00:00
2025-05-15,2:00:00,104.65,104.65,32.32,32.32,249.17,249.17,1203.22,1203.22,11,11,4.16,106.04,2025-05-15 2:00:00
2025-05-15,3:00:00,80.1,80.1,31.73,31.73,232.79,232.79,1622.67,1622.67,11,11,4.08,103.93,2025-05-15 3:00:00
2025-05-15,4:00:00,57.64,57.64,31.57,31.57,223.55,223.55,1656.81,1656.81,11,11,4.05,103.21,2025-05-15 4:00:00
2025-05-15,5:00:00,51,51,31.31,31.31,220.45,220.45,1822.32,1822.32,11,11,4.03,102.83,2025-05-15 5:00:00
2025-05-15,6:00:00,51.46,51.46,31.51,31.51,227.05,227.05,1814.3,1814.3,11,11,10.39,264.97,2025-05-15 6:00:00
2025-05-15,7:00:00,56.47,56.47,31.27,31.27,222.82,222.82,1924.73,1924.73,10.95,10.95,7.49,190.94,2025-05-15 7:00:00
2025-05-15,8:00:00,73.66,73.66,31.43,31.43,230.66,230.66,1653.74,1653.74,11,11,6.69,170.52,2025-05-15 8:00:00
2025-05-15,9:00:00,64.72,64.72,31.49,31.49,229.59,229.59,1776.54,1776.54,10.98,10.98,8.65,220.68,2025-05-15 9:00:00
2025-05-15,10:00:00,57.55,57.55,32.06,32.06,250.76,250.76,1366.37,1366.37,11.03,11.03,10.54,268.77,2025-05-15 10:00:00
2025-05-15,11:00:00,66.59,66.59,31.85,31.85,247.66,247.66,1324.47,1324.47,11,11,8.58,218.75,2025-05-15 11:00:00
2025-05-15,12:00:00,54.57,54.57,31.87,31.87,245.61,245.61,1339.97,1339.97,11.01,11.01,8.52,217.21,2025-05-15 12:00:00
2025-05-15,13:00:00,56.14,56.14,31.66,31.66,239.44,239.44,1384.48,1384.48,11,11,6.31,160.86,2025-05-15 13:00:00
2025-05-15,14:00:00,54.69,54.69,31.64,31.64,241.96,241.96,1435.49,1435.49,11,11,6.03,153.81,2025-05-15 14:00:00
2025-05-15,15:00:00,59.52,59.52,31.83,31.83,233.27,233.27,1484.48,1484.48,11.01,11.01,6.14,156.61,2025-05-15 15:00:00
2025-05-15,16:00:00,49.12,49.12,32.07,32.07,242.42,242.42,1285.52,1285.52,11.02,11.02,6.29,160.47,2025-05-15 16:00:00
2025-05-15,17:00:00,48.67,48.67,31.76,31.76,240.63,240.63,1249.42,1249.42,11,11,9.23,235.33,2025-05-15 17:00:00
2025-05-15,18:00:00,52.26,52.26,31.7,31.7,251.79,251.79,1279.86,1279.86,11,11,7.22,184.12,2025-05-15 18:00:00
2025-05-15,19:00:00,53.55,53.55,31.72,31.72,243.71,243.71,1326.37,1326.37,11,11,4.19,106.96,2025-05-15 19:00:00
2025-05-15,20:00:00,41.87,41.87,31.77,31.77,253.58,253.58,1246.94,1246.94,11,11,4.18,106.53,2025-05-15 20:00:00
2025-05-15,21:00:00,46.6,46.6,32.3,32.3,250.56,250.56,1275.24,1275.24,11.03,11.03,4.1,104.5,2025-05-15 21:00:00
2025-05-15,22:00:00,48.79,48.79,32.31,32.31,235.54,235.54,1420.43,1420.43,11.03,11.03,4.07,103.75,2025-05-15 22:00:00
2025-05-15,23:00:00,40.5,40.5,31.3,31.3,238.98,238.98,1515.15,1515.15,10.97,10.97,4.37,111.49,2025-05-15 23:00:00
2025-05-16,0:00:00,41.13,41.13,31.28,31.28,239.84,239.84,1521.49,1521.49,11,11,6.97,177.79,2025-05-16 0:00:00
2025-05-16,1:00:00,49.29,49.29,31.28,31.28,240.9,240.9,1483.18,1483.18,11,11,9.19,234.3,2025-05-16 1:00:00
2025-05-16,2:00:00,44.53,44.53,30.92,30.92,227.56,227.56,1824.42,1824.42,10.88,10.88,4.83,123.26,2025-05-16 2:00:00
2025-05-16,3:00:00,42.93,42.93,31.06,31.06,241.95,241.95,1554.72,1554.72,10.97,10.97,4.64,118.3,2025-05-16 3:00:00
2025-05-16,4:00:00,43.86,43.86,30.94,30.94,237.6,237.6,1685.54,1685.54,10.89,10.89,4.8,122.4,2025-05-16 4:00:00
2025-05-16,5:00:00,54.54,54.54,30.87,30.87,237.35,237.35,1675.05,1675.05,10.77,10.77,4.45,113.53,2025-05-16 5:00:00
2025-05-16,6:00:00,51.55,51.55,31.08,31.08,249.92,249.92,1451.7,1451.7,10.95,10.95,5.15,131.24,2025-05-16 6:00:00
2025-05-16,7:00:00,46.78,46.78,31,31,250.18,250.18,1339.35,1339.35,10.99,10.99,6.57,167.65,2025-05-16 7:00:00
2025-05-16,8:00:00,45,45,31,31,252,252,1287,1287,11,11,7,178.5,2025-05-16 8:00:00
2025-05-16,9:00:00,45,45,31,31,252,252,1287,1287,11,11,7,178.5,2025-05-16 9:00:00
2025-05-16,10:00:00,45,45,31,31,252,252,1287,1287,11,11,7,178.5,2025-05-16 10:00:00
2025-05-16,11:00:00,45,45,31,31,252,252,1287,1287,11,11,7,178.5,2025-05-16 11:00:00
2025-05-16,12:00:00,45,45,31,31,252,252,1287,1287,11,11,7,178.5,2025-05-16 12:00:00
2025-05-16,13:00:00,45,45,31,31,252,252,1287,1287,11,11,7,178.5,2025-05-16 13:00:00
2025-05-16,14:00:00,45,45,31,31,252,252,1287,1287,11,11,7,178.5,2025-05-16 14:00:00
2025-05-16,15:00:00,45,45,31,31,252,252,1287,1287,11,11,7,178.5,2025-05-16 15:00:00
2025-05-16,16:00:00,45,45,31,31,252,252,1287,1287,11,11,7,178.5,2025-05-16 16:00:00
2025-05-16,17:00:00,45,45,31,31,252,252,1287,1287,11,11,7,178.5,2025-05-16 17:00:00
2025-05-16,18:00:00,42.53,42.53,31.44,31.44,244.28,244.28,1336.26,1336.26,11,11,8.36,213.17,2025-05-16 18:00:00
2025-05-16,19:00:00,46.55,46.55,32.41,32.41,240.29,240.29,1302,1302,11,11,10.24,261.24,2025-05-16 19:00:00
2025-05-16,20:00:00,39.85,39.85,32.25,32.25,231.4,231.4,1398.35,1398.35,11,11,4.04,103.14,2025-05-16 20:00:00
2025-05-16,21:00:00,32.2,32.2,32.32,32.32,239.59,239.59,1316.81,1316.81,11,11,4.06,103.65,2025-05-16 21:00:00
2025-05-16,22:00:00,35.06,35.06,32.58,32.58,244.12,244.12,1246.99,1246.99,11.04,11.04,4.46,113.83,2025-05-16 22:00:00
2025-05-16,23:00:00,43.26,43.26,32.4,32.4,242.53,242.53,1249.53,1249.53,11.08,11.08,5.67,144.63,2025-05-16 23:00:00
2025-05-17,0:00:00,43.08,43.08,32.09,32.09,249.27,249.27,1224.83,1224.83,11,11,5.67,144.64,2025-05-17 0:00:00
2025-05-17,1:00:00,47.46,47.46,32.31,32.31,254.84,254.84,1221.64,1221.64,11,11,9.86,251.33,2025-05-17 1:00:00
2025-05-17,2:00:00,46.67,46.67,32.29,32.29,250.5,250.5,1231.18,1231.18,11,11,4,101.9,2025-05-17 2:00:00
2025-05-17,3:00:00,53.66,53.66,31.93,31.93,231.62,231.62,1484.34,1484.34,11,11,6.17,157.21,2025-05-17 3:00:00
2025-05-17,4:00:00,48.91,48.91,32.27,32.27,248.86,248.86,1243.61,1243.61,11,11,10.26,261.72,2025-05-17 4:00:00
2025-05-17,5:00:00,39.58,39.58,32.51,32.51,263.01,263.01,1195.57,1195.57,11,11,5.99,152.79,2025-05-17 5:00:00
2025-05-17,6:00:00,38.22,38.22,32.33,32.33,249.4,249.4,1311.7,1311.7,11,11,6.47,164.96,2025-05-17 6:00:00
2025-05-17,7:00:00,47.38,47.38,32.17,32.17,253.6,253.6,1507.18,1507.18,11,11,5.09,129.86,2025-05-17 7:00:00
2025-05-17,8:00:00,50.36,50.36,31.81,31.81,242.9,242.9,1621.72,1621.72,11,11,4.41,112.42,2025-05-17 8:00:00
2025-05-17,9:00:00,58.17,58.17,32.83,32.83,246.23,246.23,1342.71,1342.71,11.05,11.05,5.68,144.83,2025-05-17 9:00:00
2025-05-17,10:00:00,44.09,44.09,32.2,32.2,249.89,249.89,1374.18,1374.18,11.03,11.03,6.26,159.75,2025-05-17 10:00:00
2025-05-17,11:00:00,33.63,33.63,32.21,32.21,234.97,234.97,1283.87,1283.87,11.04,11.04,8.28,211.23,2025-05-17 11:00:00
2025-05-17,12:00:00,28.9,28.9,32.54,32.54,241.57,241.57,1140.16,1140.16,11,11,11.8,300.93,2025-05-17 12:00:00
2025-05-17,13:00:00,34.14,34.14,32.46,32.46,224.87,224.87,1245.33,1245.33,11.03,11.03,11.63,296.67,2025-05-17 13:00:00
2025-05-17,14:00:00,27.1,27.1,32.55,32.55,226.87,226.87,1200.71,1200.71,11,11,10.27,261.91,2025-05-17 14:00:00
2025-05-17,15:00:00,22.67,22.67,31.91,31.91,204.34,204.34,1827.63,1827.63,11.01,11.01,6.92,176.36,2025-05-17 15:00:00
2025-05-17,16:00:00,23.31,23.31,31.71,31.71,201.89,201.89,1929.09,1929.09,11,11,4.92,125.37,2025-05-17 16:00:00
2025-05-17,17:00:00,31.98,31.98,31.85,31.85,215.22,215.22,1433,1433,11,11,4.41,112.48,2025-05-17 17:00:00
2025-05-17,18:00:00,25.24,25.24,31.97,31.97,222.36,222.36,1475.62,1475.62,11,11,5.58,142.25,2025-05-17 18:00:00
2025-05-17,19:00:00,24.82,24.82,32.6,32.6,215.36,215.36,1517.72,1517.72,11.19,11.19,4.07,103.74,2025-05-17 19:00:00
2025-05-17,20:00:00,27.77,27.77,32.28,32.28,221.33,221.33,1500.29,1500.29,11.05,11.05,4.07,103.9,2025-05-17 20:00:00
2025-05-17,21:00:00,29.3,29.3,31.84,31.84,218.59,218.59,1570.55,1570.55,11,11,4.07,103.86,2025-05-17 21:00:00
2025-05-17,22:00:00,38.73,38.73,32.49,32.49,233.51,233.51,1477.12,1477.12,11.07,11.07,4.07,103.73,2025-05-17 22:00:00
2025-05-17,23:00:00,64.45,64.45,32.23,32.23,229.11,229.11,1647.57,1647.57,11,11,5.11,130.29,2025-05-17 23:00:00
2025-05-18,0:00:00,62.64,62.64,32.19,32.19,225.83,225.83,1617.57,1617.57,11,11,5.46,139.29,2025-05-18 0:00:00
2025-05-18,1:00:00,50.76,50.76,32.37,32.37,232.75,232.75,1497.69,1497.69,11.06,11.06,5.85,149.1,2025-05-18 1:00:00
2025-05-18,2:00:00,72.05,72.05,31.8,31.8,212.63,212.63,1789.44,1789.44,11.01,11.01,4.84,123.4,2025-05-18 2:00:00
2025-05-18,3:00:00,103.75,103.75,32.04,32.04,227.36,227.36,1786.72,1786.72,11.02,11.02,4.31,109.95,2025-05-18 3:00:00
2025-05-18,4:00:00,102.6,102.6,32,32,231.2,231.2,1414.07,1414.07,11,11,4.32,110.09,2025-05-18 4:00:00
2025-05-18,5:00:00,70.71,70.71,32.02,32.02,222.85,222.85,1641.37,1641.37,11,11,5.41,137.84,2025-05-18 5:00:00
2025-05-18,6:00:00,58.28,58.28,32.02,32.02,228.69,228.69,1691.75,1691.75,11,11,6.65,169.51,2025-05-18 6:00:00
2025-05-18,7:00:00,36.74,36.74,32.04,32.04,230.34,230.34,1379.42,1379.42,11,11,9.01,229.81,2025-05-18 7:00:00
2025-05-18,8:00:00,44.61,44.61,32.07,32.07,235.44,235.44,1451.78,1451.78,11,11,8.23,209.94,2025-05-18 8:00:00
2025-05-18,9:00:00,46.07,46.07,32.6,32.6,221.43,221.43,1608.22,1608.22,11.1,11.1,7.82,199.38,2025-05-18 9:00:00
2025-05-18,10:00:00,53.74,53.74,32.63,32.63,242.65,242.65,1141.4,1141.4,11,11,8.27,210.84,2025-05-18 10:00:00
2025-05-18,11:00:00,52.29,52.29,32.44,32.44,236.32,236.32,1198.57,1198.57,11,11,10.65,271.53,2025-05-18 11:00:00
2025-05-18,12:00:00,45.57,45.57,31.85,31.85,215.15,215.15,1736.03,1736.03,11,11,10.89,277.65,2025-05-18 12:00:00
2025-05-18,13:00:00,39.81,39.81,31.9,31.9,228.43,228.43,1703.27,1703.27,11,11,9.97,254.32,2025-05-18 13:00:00
2025-05-18,14:00:00,41.96,41.96,31.74,31.74,215.69,215.69,1812.12,1812.12,11,11,6.25,159.37,2025-05-18 14:00:00
2025-05-18,15:00:00,92.85,92.85,31.83,31.83,215.67,215.67,1913.31,1913.31,11,11,5.54,141.34,2025-05-18 15:00:00
2025-05-18,16:00:00,91.77,91.77,28.87,28.87,224.13,224.13,2307.31,2307.31,9.57,9.57,6.9,175.87,2025-05-18 16:00:00
2025-05-18,17:00:00,46.68,46.68,26,26,225.03,225.03,2077.13,2077.13,8.46,8.46,4.21,107.24,2025-05-18 17:00:00
2025-05-18,18:00:00,43.32,43.32,26.76,26.76,254.96,254.96,1267.86,1267.86,8.95,8.95,4.06,103.45,2025-05-18 18:00:00
2025-05-18,19:00:00,39.01,39.01,26.33,26.33,248.17,248.17,1503.07,1503.07,8.67,8.67,4.09,104.19,2025-05-18 19:00:00
2025-05-18,20:00:00,42.37,42.37,26.44,26.44,240.23,240.23,2133.73,2133.73,8.79,8.79,4.1,104.49,2025-05-18 20:00:00
2025-05-18,21:00:00,46.08,46.08,26.77,26.77,237.64,237.64,1522.26,1522.26,9,9,4.08,103.97,2025-05-18 21:00:00
2025-05-18,22:00:00,45.49,45.49,26.74,26.74,241.69,241.69,1601.03,1601.03,8.97,8.97,5.19,132.32,2025-05-18 22:00:00
2025-05-18,23:00:00,43.34,43.34,26.55,26.55,240.75,240.75,1543.97,1543.97,8.99,8.99,5.9,150.48,2025-05-18 23:00:00
2025-05-19,0:00:00,97.86,97.86,31.47,31.47,257.66,257.66,1258.86,1258.86,10.46,10.46,5.77,147.11,2025-05-19 0:00:00
2025-05-19,1:00:00,96.86,96.86,32.61,32.61,265.4,265.4,1125.97,1125.97,11,11,8.46,215.67,2025-05-19 1:00:00
2025-05-19,2:00:00,80.46,80.46,32.75,32.75,265.19,265.19,1123.51,1123.51,11,11,15.5,395.16,2025-05-19 2:00:00
2025-05-19,3:00:00,80.87,80.87,32.67,32.67,245.43,245.43,1338.51,1338.51,11.02,11.02,8.08,205.97,2025-05-19 3:00:00
2025-05-19,4:00:00,100.93,100.93,32.52,32.52,240.61,240.61,1569.59,1569.59,11,11,7.71,196.65,2025-05-19 4:00:00
2025-05-19,5:00:00,104.78,104.78,32.18,32.18,245.58,245.58,1479.21,1479.21,11,11,9.15,233.31,2025-05-19 5:00:00
2025-05-19,6:00:00,96.75,96.75,32.11,32.11,236.17,236.17,1500.43,1500.43,11,11,5.82,148.34,2025-05-19 6:00:00
2025-05-19,7:00:00,66.55,66.55,32.18,32.18,238.51,238.51,1663.76,1663.76,11.02,11.02,4.05,103.37,2025-05-19 7:00:00
2025-05-19,8:00:00,50.91,50.91,31.55,31.55,254.75,254.75,1878.44,1878.44,10.77,10.77,4.03,102.67,2025-05-19 8:00:00
2025-05-19,9:00:00,72.59,72.59,32.11,32.11,277.12,277.12,1466.48,1466.48,11.02,11.02,4.01,102.18,2025-05-19 9:00:00
2025-05-19,10:00:00,62.51,62.51,30.85,30.85,282.6,282.6,1544.53,1544.53,10.52,10.52,5.66,144.26,2025-05-19 10:00:00
2025-05-19,11:00:00,64.8,64.8,30.98,30.98,282.65,282.65,1521.28,1521.28,10.54,10.54,10.33,263.46,2025-05-19 11:00:00
2025-05-19,12:00:00,66.87,66.87,31.14,31.14,288.26,288.26,1356.65,1356.65,10.7,10.7,13.61,346.94,2025-05-19 12:00:00
2025-05-19,13:00:00,60.43,60.43,31.03,31.03,278.55,278.55,1421.02,1421.02,10.71,10.71,9.47,241.4,2025-05-19 13:00:00
2025-05-19,14:00:00,93.15,93.15,30.69,30.69,276.03,276.03,1315.55,1315.55,10.44,10.44,9.28,236.51,2025-05-19 14:00:00
2025-05-19,15:00:00,68.25,68.25,32.14,32.14,265.15,265.15,1350.4,1350.4,10.89,10.89,5.74,146.39,2025-05-19 15:00:00
2025-05-19,16:00:00,66.09,66.09,32.42,32.42,244.87,244.87,1657.18,1657.18,11.01,11.01,4.12,105.12,2025-05-19 16:00:00
2025-05-19,17:00:00,58.48,25.27,32.5,12.43,267.29,96.96,1430.85,476.8,11,4.62,4.21,39.29,2025-05-19 17:00:00
2025-05-19,18:00:00,70.73,1,32.49,1,269.21,1,1822.93,1,11,1,9.73,1,2025-05-19 18:00:00
2025-05-19,19:00:00,73.9,1,32.21,1,237.7,1,2361.73,1,11,1,10.17,1,2025-05-19 19:00:00
2025-05-19,20:00:00,80.28,43.39,32.2,20.76,255.46,161.5,2057.21,1325.23,11,7.34,4.15,65.53,2025-05-19 20:00:00
2025-05-19,21:00:00,45.77,45.77,32.11,32.11,242.48,242.48,2390.21,2390.21,11,11,4.01,102.34,2025-05-19 21:00:00
2025-05-19,22:00:00,49.44,49.44,31.96,31.96,235.19,235.19,2044.2,2044.2,10.89,10.89,4.98,127.09,2025-05-19 22:00:00
2025-05-19,23:00:00,67.33,67.28,31.98,31.95,227.54,227.34,1897.82,1894.7,10.9,10.9,9.62,245.11,2025-05-19 23:00:00
2025-05-20,0:00:00,61.64,61.64,32.4,32.4,248.37,248.37,1616.09,1616.09,11.07,11.07,13.03,332.33,2025-05-20 0:00:00
2025-05-20,1:00:00,56.46,56.46,31.91,31.91,229.75,229.75,1597.87,1597.87,10.84,10.84,10.79,275.23,2025-05-20 1:00:00
2025-05-20,2:00:00,71.17,71.17,31.92,31.92,253.62,253.62,1369.18,1369.18,10.84,10.84,4.63,118.01,2025-05-20 2:00:00
2025-05-20,3:00:00,64.66,64.66,31.79,31.79,226.44,226.44,1730.24,1730.24,11,11,4.01,102.3,2025-05-20 3:00:00
2025-05-20,4:00:00,57.67,57.67,31.69,31.69,254.38,254.38,1928.52,1928.52,11,11,6.46,164.62,2025-05-20 4:00:00
2025-05-20,5:00:00,57.8,57.8,31.87,31.87,262.4,262.4,1768.01,1768.01,11,11,15.05,383.74,2025-05-20 5:00:00
2025-05-20,6:00:00,59.51,59.51,31.73,31.73,237.55,237.55,1791.4,1791.4,11,11,5.5,140.28,2025-05-20 6:00:00
2025-05-20,7:00:00,54.73,54.73,32.15,32.15,261.2,261.2,1802.24,1802.24,11.01,11.01,11.36,289.68,2025-05-20 7:00:00
2025-05-20,8:00:00,41.98,41.98,32.62,32.62,227.7,227.7,1960.41,1960.41,11.07,11.07,14.81,377.57,2025-05-20 8:00:00
2025-05-20,9:00:00,43.88,43.88,31.91,31.91,247.82,247.82,1837.7,1837.7,11,11,14.53,370.62,2025-05-20 9:00:00
2025-05-20,10:00:00,54.55,54.55,31.7,31.7,265.36,265.36,1913.41,1913.41,11,11,9.47,241.41,2025-05-20 10:00:00
2025-05-20,11:00:00,61.29,61.29,31.66,31.66,246.39,246.39,2511.76,2511.76,11,11,4.22,107.59,2025-05-20 11:00:00
2025-05-20,12:00:00,67.47,67.47,32.24,32.24,255.16,255.16,2170.18,2170.18,11,11,9.56,243.74,2025-05-20 12:00:00
2025-05-20,13:00:00,64.14,64.14,32,32,242.91,242.91,2497.64,2497.64,11.02,11.02,5.28,134.68,2025-05-20 13:00:00
2025-05-20,14:00:00,65.77,65.77,32.08,32.08,253.68,253.68,1951.95,1951.95,11,11,4.16,105.98,2025-05-20 14:00:00
2025-05-20,15:00:00,58.68,58.68,32.02,32.02,254.96,254.96,2008.34,2008.34,11,11,4.13,105.43,2025-05-20 15:00:00
2025-05-20,16:00:00,59.98,59.98,32.22,32.22,265.25,265.25,1991.68,1991.68,11.03,11.03,4.18,106.57,2025-05-20 16:00:00
2025-05-20,17:00:00,78.61,78.61,32.69,32.69,249.39,249.39,1959.75,1959.75,11.04,11.04,4.16,105.99,2025-05-20 17:00:00
2025-05-20,18:00:00,86.25,86.25,32.22,32.22,243.07,243.07,1662.68,1662.68,11,11,4.15,105.85,2025-05-20 18:00:00
2025-05-20,19:00:00,70.64,70.64,32.2,32.2,278.63,278.63,1484.72,1484.72,11,11,4.12,105.06,2025-05-20 19:00:00
2025-05-20,20:00:00,60.6,60.6,31.88,31.88,267.26,267.26,1779.23,1779.23,11,11,4.15,105.79,2025-05-20 20:00:00
2025-05-20,21:00:00,57.8,57.8,31.75,31.75,270.77,270.77,1680.6,1680.6,11,11,4.18,106.66,2025-05-20 21:00:00
2025-05-20,22:00:00,42.33,42.33,31.71,31.71,269.7,269.7,1557.16,1557.16,11,11,4.17,106.22,2025-05-20 22:00:00
2025-05-20,23:00:00,49.39,49.39,31.7,31.7,274.81,274.81,1448.34,1448.34,11,11,4.14,105.68,2025-05-20 23:00:00
2025-05-21,0:00:00,72.24,72.24,31.45,31.45,263.71,263.71,1733.24,1733.24,10.97,10.97,4.15,105.75,2025-05-21 0:00:00
2025-05-21,1:00:00,47.36,47.36,26.17,26.17,265.96,265.96,2040.23,2040.23,8.32,8.32,4.42,112.64,2025-05-21 1:00:00
2025-05-21,2:00:00,59.13,59.13,30.71,30.71,265.36,265.36,2212.25,2212.25,10.21,10.21,5.89,150.15,2025-05-21 2:00:00
2025-05-21,3:00:00,27.78,27.78,31.17,31.17,257.91,257.91,1966.23,1966.23,10.79,10.79,5.05,128.73,2025-05-21 3:00:00
2025-05-21,4:00:00,29.95,29.95,31.45,31.45,258.37,258.37,1840.33,1840.33,10.98,10.98,6.58,167.84,2025-05-21 4:00:00
2025-05-21,5:00:00,24.97,24.97,31.18,31.18,269.66,269.66,1620.17,1620.17,10.87,10.87,4.19,106.87,2025-05-21 5:00:00
2025-05-21,6:00:00,52.59,52.59,26.66,26.66,261.11,261.11,2333.86,2333.86,8.6,8.6,5.64,143.94,2025-05-21 6:00:00
2025-05-21,7:00:00,46.77,46.77,26.11,26.11,268.99,268.99,2234.37,2234.37,8.36,8.36,7.68,195.88,2025-05-21 7:00:00
2025-05-21,8:00:00,57,57,26.46,26.46,296.19,296.19,2255.41,2255.41,8.69,8.69,7.63,194.52,2025-05-21 8:00:00
2025-05-21,9:00:00,53.8,53.8,26.63,26.63,313.73,313.73,1815.94,1815.94,8.91,8.91,9.45,241.01,2025-05-21 9:00:00
2025-05-21,10:00:00,53.27,53.27,26.52,26.52,302.87,302.87,2050.55,2050.55,8.8,8.8,12.47,317.92,2025-05-21 10:00:00
2025-05-21,11:00:00,51.91,51.91,26.39,26.39,298.71,298.71,2112.93,2112.93,8.57,8.57,10.18,259.71,2025-05-21 11:00:00
2025-05-21,12:00:00,55.73,55.73,26.58,26.58,299.33,299.33,1976.58,1976.58,8.96,8.96,12.38,315.63,2025-05-21 12:00:00
2025-05-21,13:00:00,57.59,57.59,26.53,26.53,295.68,295.68,1944,1944,8.95,8.95,7,178.52,2025-05-21 13:00:00
2025-05-21,14:00:00,54.86,54.86,26.64,26.64,299.64,299.64,1694.94,1694.94,8.95,8.95,9.32,237.74,2025-05-21 14:00:00
2025-05-21,15:00:00,61.03,61.03,26.8,26.8,283.31,283.31,2025.94,2025.94,8.83,8.83,15.82,403.4,2025-05-21 15:00:00
2025-05-21,16:00:00,87.34,87.34,27.01,27.01,276.86,276.86,1968.09,1968.09,8.92,8.92,6.85,174.62,2025-05-21 16:00:00
2025-05-21,17:00:00,83.76,83.76,27.01,27.01,293.22,293.22,2065.86,2065.86,9,9,5.57,142.08,2025-05-21 17:00:00
2025-05-21,18:00:00,82.56,82.56,27.28,27.28,287.58,287.58,1712.73,1712.73,9.07,9.07,6,152.93,2025-05-21 18:00:00
2025-05-21,19:00:00,71.12,71.12,26.93,26.93,291.74,291.74,1803.49,1803.49,9,9,12.06,307.46,2025-05-21 19:00:00
2025-05-21,20:00:00,68.74,68.74,27.32,27.32,279.81,279.81,1710.96,1710.96,9.11,9.11,11.36,289.78,2025-05-21 20:00:00
2025-05-21,21:00:00,63.1,63.1,30.29,30.29,270.22,270.22,1826.65,1826.65,10.42,10.42,5.29,134.92,2025-05-21 21:00:00
2025-05-21,22:00:00,46.14,46.14,31.5,31.5,260.32,260.32,2035.63,2035.63,11,11,4,101.93,2025-05-21 22:00:00
2025-05-21,23:00:00,50.98,50.98,31.11,31.11,271.81,271.81,2632.56,2632.56,10.98,10.98,4,102.08,2025-05-21 23:00:00
2025-05-22,0:00:00,58.98,58.98,31.14,31.14,284.07,284.07,2062.47,2062.47,10.8,10.8,4.01,102.19,2025-05-22 0:00:00
2025-05-22,1:00:00,43.1,43.1,31.63,31.63,292.13,292.13,1372.27,1372.27,11.01,11.01,4.01,102.27,2025-05-22 1:00:00
2025-05-22,2:00:00,31.76,31.76,31.26,31.26,276.77,276.77,1550.93,1550.93,10.97,10.97,4.03,102.68,2025-05-22 2:00:00
2025-05-22,3:00:00,31.07,31.07,31.1,31.1,285.32,285.32,1594.87,1594.87,11,11,6.24,159.21,2025-05-22 3:00:00
2025-05-22,4:00:00,53.97,53.97,31.54,31.54,284.85,284.85,1379.72,1379.72,11,11,4.89,124.7,2025-05-22 4:00:00
2025-05-22,5:00:00,39.67,39.67,31.37,31.37,271.76,271.76,1675.17,1675.17,11,11,4.01,102.23,2025-05-22 5:00:00
2025-05-22,6:00:00,27.29,27.29,31.21,31.21,270.17,270.17,1475.84,1475.84,11,11,5.37,136.98,2025-05-22 6:00:00
2025-05-22,7:00:00,32.14,32.14,31.15,31.15,275.75,275.75,1591.89,1591.89,11,11,8.84,225.43,2025-05-22 7:00:00
2025-05-22,8:00:00,34.48,34.48,31.18,31.18,270.45,270.45,1753.3,1753.3,10.95,10.95,8.55,218.08,2025-05-22 8:00:00
2025-05-22,9:00:00,33.81,33.81,31.77,31.77,275.29,275.29,1442.3,1442.3,11.01,11.01,8.92,227.44,2025-05-22 9:00:00
2025-05-22,10:00:00,36.36,36.36,31.42,31.42,281.31,281.31,1529.93,1529.93,10.98,10.98,9.15,233.44,2025-05-22 10:00:00
2025-05-22,11:00:00,41.96,41.96,31.61,31.61,292.16,292.16,1440.41,1440.41,10.99,10.99,9.66,246.42,2025-05-22 11:00:00
2025-05-22,12:00:00,43.42,43.42,31.61,31.61,285.68,285.68,1467.02,1467.02,11,11,10.48,267.19,2025-05-22 12:00:00
2025-05-22,13:00:00,37.27,37.27,31.81,31.81,274.13,274.13,1401.07,1401.07,11,11,8.34,212.68,2025-05-22 13:00:00
2025-05-22,14:00:00,35.34,35.34,31.74,31.74,286.71,286.71,1398.52,1398.52,11,11,5.79,147.58,2025-05-22 14:00:00
2025-05-22,15:00:00,48.79,48.79,31.89,31.89,275.55,275.55,1369.01,1369.01,11,11,5.02,127.88,2025-05-22 15:00:00
2025-05-22,16:00:00,39.55,39.55,32.06,32.06,279.75,279.75,1255.19,1255.19,11,11,6.21,158.42,2025-05-22 16:00:00
2025-05-22,17:00:00,27.86,27.86,31.93,31.93,269.45,269.45,1304.07,1304.07,11,11,10.93,278.73,2025-05-22 17:00:00
2025-05-22,18:00:00,28.82,28.82,31.64,31.64,258.45,258.45,1499.12,1499.12,11,11,10.32,263.16,2025-05-22 18:00:00
2025-05-22,19:00:00,29.4,29.4,31.67,31.67,258.87,258.87,1441,1441,11,11,11.63,296.44,2025-05-22 19:00:00
2025-05-22,20:00:00,26.04,26.04,32.28,32.28,278.88,278.88,1194.47,1194.47,11,11,12.68,323.4,2025-05-22 20:00:00
2025-05-22,21:00:00,23.01,23.01,31.57,31.57,258.36,258.36,1411.17,1411.17,11,11,5.72,145.81,2025-05-22 21:00:00
2025-05-22,22:00:00,28.01,28.01,31.31,31.31,267.05,267.05,1601.73,1601.73,10.96,10.96,4.03,102.69,2025-05-22 22:00:00
2025-05-22,23:00:00,42.45,42.45,31.52,31.52,269.25,269.25,1502.1,1502.1,11,11,4.02,102.58,2025-05-22 23:00:00
2025-05-23,0:00:00,48.55,48.55,31.21,31.21,271.85,271.85,1652.29,1652.29,10.84,10.84,4.03,102.67,2025-05-23 0:00:00
2025-05-23,1:00:00,75.84,75.84,29.38,29.38,282.73,282.73,1977.77,1977.77,9.91,9.91,5.73,146.03,2025-05-23 1:00:00
2025-05-23,2:00:00,51.29,51.29,31.47,31.47,278.25,278.25,1607.65,1607.65,10.93,10.93,12.77,325.55,2025-05-23 2:00:00
2025-05-23,3:00:00,40.19,40.19,31.59,31.59,268.53,268.53,1539.62,1539.62,10.99,10.99,13.32,339.75,2025-05-23 3:00:00
2025-05-23,4:00:00,40.36,40.36,31.38,31.38,267.9,267.9,1561.49,1561.49,10.99,10.99,4.7,119.93,2025-05-23 4:00:00
2025-05-23,5:00:00,24.29,24.29,31.5,31.5,267.14,267.14,1583.09,1583.09,11,11,4.01,102.29,2025-05-23 5:00:00
2025-05-23,6:00:00,29.09,29.09,31.22,31.22,262.12,262.12,1767.62,1767.62,10.96,10.96,4.35,110.89,2025-05-23 6:00:00
2025-05-23,7:00:00,38.87,38.87,31.76,31.76,257.82,257.82,1779.45,1779.45,11.02,11.02,9.47,241.52,2025-05-23 7:00:00
2025-05-23,8:00:00,48.31,48.31,31.52,31.52,261.94,261.94,1645.6,1645.6,11,11,11.17,284.84,2025-05-23 8:00:00
2025-05-23,9:00:00,35.45,35.45,31.55,31.55,266.53,266.53,1681.72,1681.72,11,11,12.02,306.61,2025-05-23 9:00:00
2025-05-23,10:00:00,38.58,38.58,32.01,32.01,266.12,266.12,1580.17,1580.17,11,11,5.32,135.56,2025-05-23 10:00:00
2025-05-23,11:00:00,44.14,44.14,31.52,31.52,254.99,254.99,1764.55,1764.55,11.01,11.01,3.96,101.04,2025-05-23 11:00:00
2025-05-23,12:00:00,47.51,47.51,31.54,31.54,253.8,253.8,1710.88,1710.88,11.01,11.01,11.87,302.77,2025-05-23 12:00:00
2025-05-23,13:00:00,49.02,49.02,31.47,31.47,275.83,275.83,1489.11,1489.11,11,11,16.03,408.83,2025-05-23 13:00:00
2025-05-23,14:00:00,42.01,42.01,31.66,31.66,262.76,262.76,1618.99,1618.99,11,11,13.65,348.13,2025-05-23 14:00:00
2025-05-23,15:00:00,47.31,47.31,31.31,31.31,265.2,265.2,1665.22,1665.22,11,11,11.47,292.49,2025-05-23 15:00:00
2025-05-23,16:00:00,38.96,38.96,31.66,31.66,278.8,278.8,1390.61,1390.61,11,11,8.39,214,2025-05-23 16:00:00
2025-05-23,17:00:00,74.11,74.11,28.22,28.22,274.2,274.2,1604.76,1604.76,9.44,9.44,9.56,243.88,2025-05-23 17:00:00
2025-05-23,18:00:00,79.73,79.73,26.16,26.16,278.96,278.96,1658.28,1658.28,8.29,8.29,4.87,124.07,2025-05-23 18:00:00
2025-05-23,19:00:00,49.82,49.82,26.44,26.44,270.57,270.57,1742.29,1742.29,8.77,8.77,4,102.08,2025-05-23 19:00:00
2025-05-23,20:00:00,68.96,68.96,30.72,30.72,262.7,262.7,1579.89,1579.89,10.39,10.39,6.6,168.28,2025-05-23 20:00:00
2025-05-23,21:00:00,39.5,39.5,32.08,32.08,255.19,255.19,1593.06,1593.06,11,11,11.68,297.75,2025-05-23 21:00:00
2025-05-23,22:00:00,41.14,41.14,31.91,31.91,259.35,259.35,1583.89,1583.89,11,11,4.05,103.36,2025-05-23 22:00:00
2025-05-23,23:00:00,55.4,55.4,31.81,31.81,251.87,251.87,1600.82,1600.82,11,11,4.03,102.67,2025-05-23 23:00:00
2025-05-24,0:00:00,42.07,42.07,32.26,32.26,268.74,268.74,1574.84,1574.84,11,11,4.03,102.82,2025-05-24 0:00:00
2025-05-24,1:00:00,45.63,45.63,32.04,32.04,249.28,249.28,1619,1619,10.99,10.99,4.03,102.72,2025-05-24 1:00:00
2025-05-24,2:00:00,56.35,56.35,32.15,32.15,253.92,253.92,1501.75,1501.75,11,11,4.05,103.17,2025-05-24 2:00:00
2025-05-24,3:00:00,62.53,62.53,27.44,27.44,251.34,251.34,1897.11,1897.11,9.09,9.09,4.26,108.53,2025-05-24 3:00:00
2025-05-24,4:00:00,52.67,52.67,25.76,25.76,242.85,242.85,2053.41,2053.41,8.12,8.12,5.6,142.85,2025-05-24 4:00:00
2025-05-24,5:00:00,51.63,51.63,26.4,26.4,243.73,243.73,2288.95,2288.95,8.56,8.56,5.81,148.06,2025-05-24 5:00:00
2025-05-24,6:00:00,48.98,48.98,26.26,26.26,253.67,253.67,1780.5,1780.5,8.67,8.67,5.98,152.55,2025-05-24 6:00:00
2025-05-24,7:00:00,101.43,101.43,27.12,27.12,273.12,273.12,1876.04,1876.04,8.88,8.88,7.69,195.98,2025-05-24 7:00:00
2025-05-24,8:00:00,61.3,61.3,32.72,32.72,280.33,280.33,1195.36,1195.36,11.04,11.04,8.34,212.68,2025-05-24 8:00:00
2025-05-24,9:00:00,36.9,36.9,32.47,32.47,260.15,260.15,1317.55,1317.55,11.01,11.01,8.31,212,2025-05-24 9:00:00
2025-05-24,10:00:00,20.07,20.07,32.23,32.23,257.44,257.44,1503.41,1503.41,11,11,14.46,368.75,2025-05-24 10:00:00
2025-05-24,11:00:00,20.21,20.21,32.29,32.29,259.56,259.56,1330.96,1330.96,11,11,4.62,117.71,2025-05-24 11:00:00
2025-05-24,12:00:00,53.35,53.35,32.27,32.27,248.01,248.01,1585.47,1585.47,11,11,4.28,109.09,2025-05-24 12:00:00
2025-05-24,13:00:00,51.15,51.15,32.27,32.27,240.44,240.44,1652.31,1652.31,11.06,11.06,7.66,195.45,2025-05-24 13:00:00
2025-05-24,14:00:00,54.09,54.09,32.47,32.47,218.43,218.43,1777.81,1777.81,11.1,11.1,10.16,259.09,2025-05-24 14:00:00
2025-05-24,15:00:00,54.74,54.74,31.98,31.98,230.51,230.51,1612.03,1612.03,11.03,11.03,9.29,236.91,2025-05-24 15:00:00
2025-05-24,16:00:00,44.15,44.15,31.99,31.99,241.8,241.8,1659.08,1659.08,11,11,8.54,217.83,2025-05-24 16:00:00
2025-05-24,17:00:00,47.39,47.39,31.94,31.94,240.85,240.85,1989.58,1989.58,11,11,5.41,138.07,2025-05-24 17:00:00
2025-05-24,18:00:00,49.75,49.75,32.37,32.37,247.42,247.42,1621.79,1621.79,11.01,11.01,10.19,259.89,2025-05-24 18:00:00
2025-05-24,19:00:00,57.94,57.94,32.59,32.59,253.99,253.99,1714.46,1714.46,11,11,7.99,203.86,2025-05-24 19:00:00
2025-05-24,20:00:00,45.75,45.75,32.42,32.42,258.46,258.46,1430.52,1430.52,11,11,13.2,336.65,2025-05-24 20:00:00
2025-05-24,21:00:00,25.16,25.16,32.47,32.47,266,266,1308.11,1308.11,11,11,12.69,323.47,2025-05-24 21:00:00
2025-05-24,22:00:00,26.37,26.37,32.34,32.34,266.34,266.34,1419.91,1419.91,11,11,9.77,249.07,2025-05-24 22:00:00
2025-05-24,23:00:00,30.1,30.1,32.03,32.03,252.13,252.13,1692.14,1692.14,11,11,4.79,122.21,2025-05-24 23:00:00
2025-05-25,0:00:00,41.82,41.82,32.03,32.03,266.85,266.85,1485.59,1485.59,11,11,4.03,102.73,2025-05-25 0:00:00
2025-05-25,1:00:00,42.92,42.92,32.06,32.06,271.36,271.36,1671.37,1671.37,11.04,11.04,4.01,102.19,2025-05-25 1:00:00
2025-05-25,2:00:00,33.07,33.07,32.15,32.15,232.4,232.4,1789.86,1789.86,11.08,11.08,4.49,114.39,2025-05-25 2:00:00
2025-05-25,3:00:00,25.2,25.2,31.35,31.35,230.69,230.69,1995.08,1995.08,11.01,11.01,5.05,128.85,2025-05-25 3:00:00
2025-05-25,4:00:00,43.33,43.33,32.08,32.08,235.2,235.2,1668.3,1668.3,11.06,11.06,5.16,131.62,2025-05-25 4:00:00
2025-05-25,5:00:00,77.3,77.3,31.97,31.97,217.07,217.07,1916.07,1916.07,10.84,10.84,4,102,2025-05-25 5:00:00
2025-05-25,6:00:00,41.06,41.06,32.87,32.87,227.27,227.27,1322.72,1322.72,11.14,11.14,5.4,137.75,2025-05-25 6:00:00
2025-05-25,7:00:00,53.24,53.24,31.96,31.96,218.79,218.79,2097.34,2097.34,11,11,8.11,206.73,2025-05-25 7:00:00
2025-05-25,8:00:00,47.25,47.25,32.09,32.09,254.07,254.07,1088.17,1088.17,11,11,15.02,382.94,2025-05-25 8:00:00
2025-05-25,9:00:00,35.38,35.38,31.33,31.33,242.38,242.38,1584.61,1584.61,10.99,10.99,15.33,391.01,2025-05-25 9:00:00
2025-05-25,10:00:00,39.58,39.58,31.16,31.16,220.67,220.67,1782.52,1782.52,10.98,10.98,14.84,378.54,2025-05-25 10:00:00
2025-05-25,11:00:00,69.13,69.13,31,31,218.97,218.97,2031.67,2031.67,10.69,10.69,13.31,339.51,2025-05-25 11:00:00
2025-05-25,12:00:00,40.39,40.39,31.39,31.39,228.87,228.87,1651.56,1651.56,11,11,11.87,302.79,2025-05-25 12:00:00
2025-05-25,13:00:00,35.26,35.26,31.29,31.29,230.37,230.37,1714.12,1714.12,11,11,9.49,242.08,2025-05-25 13:00:00
2025-05-25,14:00:00,42.01,42.01,31.37,31.37,236.22,236.22,1512.43,1512.43,11,11,8.05,205.28,2025-05-25 14:00:00
2025-05-25,15:00:00,42.3,42.3,31.21,31.21,233.62,233.62,1680.81,1680.81,10.94,10.94,6.26,159.58,2025-05-25 15:00:00
2025-05-25,16:00:00,41.98,41.98,31.51,31.51,238.7,238.7,1553.43,1553.43,11,11,4.03,102.79,2025-05-25 16:00:00
2025-05-25,17:00:00,40.26,40.26,31.41,31.41,232.31,232.31,1538.19,1538.19,11,11,4.02,102.55,2025-05-25 17:00:00
2025-05-25,18:00:00,55.09,55.09,31.88,31.88,248.97,248.97,1301.74,1301.74,11,11,4.02,102.55,2025-05-25 18:00:00
2025-05-25,19:00:00,52.64,52.64,31.51,31.51,234.7,234.7,1497.57,1497.57,11,11,4.03,102.88,2025-05-25 19:00:00
2025-05-25,20:00:00,72.43,72.43,31.58,31.58,237.11,237.11,1318.66,1318.66,10.99,10.99,4.04,102.89,2025-05-25 20:00:00
2025-05-25,21:00:00,44.24,44.24,31.52,31.52,238.51,238.51,1289.75,1289.75,11,11,4.83,123.21,2025-05-25 21:00:00
2025-05-25,22:00:00,50.65,50.65,31.75,31.75,234.63,234.63,1354.9,1354.9,11,11,5.84,148.81,2025-05-25 22:00:00
2025-05-25,23:00:00,65.82,65.82,31.99,31.99,233.17,233.17,1415.06,1415.06,11,11,6.64,169.31,2025-05-25 23:00:00
2025-05-26,0:00:00,41.28,41.28,32.1,32.1,232.69,232.69,1337.45,1337.45,11,11,4.01,102.25,2025-05-26 0:00:00
2025-05-26,1:00:00,39.23,39.23,32.09,32.09,230.54,230.54,1433.14,1433.14,11.02,11.02,4.01,102.27,2025-05-26 1:00:00
2025-05-26,2:00:00,69.49,69.49,31.73,31.73,241.48,241.48,1353,1353,11,11,4.02,102.52,2025-05-26 2:00:00
2025-05-26,3:00:00,102.62,102.62,27.96,27.96,241.27,241.27,1597.01,1597.01,9.34,9.34,4.02,102.58,2025-05-26 3:00:00
2025-05-26,4:00:00,103.36,103.36,30.33,30.33,232.55,232.55,1757.94,1757.94,10.29,10.29,4.04,102.92,2025-05-26 4:00:00
2025-05-26,5:00:00,70.73,70.73,31.79,31.79,235.3,235.3,1374.09,1374.09,11,11,4,102.04,2025-05-26 5:00:00
2025-05-26,6:00:00,45.86,45.86,31.88,31.88,234.07,234.07,1235.65,1235.65,11,11,4,102.08,2025-05-26 6:00:00
2025-05-26,7:00:00,48.16,48.16,32.07,32.07,226.8,226.8,1418.55,1418.55,11,11,4.01,102.36,2025-05-26 7:00:00
2025-05-26,8:00:00,87.31,87.31,29.05,29.05,225.83,225.83,1330.9,1330.9,10.06,10.06,4.32,110.22,2025-05-26 8:00:00
2025-05-26,9:00:00,80.16,80.16,30.2,30.2,209.46,209.46,1609.39,1609.39,10.33,10.33,10.8,275.52,2025-05-26 9:00:00
2025-05-26,10:00:00,65.92,65.92,31.85,31.85,211.45,211.45,1439.05,1439.05,11.02,11.02,10.21,260.44,2025-05-26 10:00:00
2025-05-26,11:00:00,74.46,47.3,36.06,23.54,198.89,159.59,1664.49,1086.04,11.57,8.39,7.06,116.16,2025-05-26 11:00:00
2025-05-26,12:00:00,105,1,224.69,1,47.25,1,842.9,1,19.7,1,8.54,1,2025-05-26 12:00:00
2025-05-26,13:00:00,105,1,217.62,1,45.8,1,232.69,1,19.98,1,7.37,1,2025-05-26 13:00:00
2025-05-26,14:00:00,105,1,71.46,1,344.31,1,62.66,1,16.62,1,6.06,1,2025-05-26 14:00:00
2025-05-26,15:00:00,105,1,56.06,1,362.68,1,52.26,1,15.89,1,6.74,1,2025-05-26 15:00:00
2025-05-26,16:00:00,105,1,51.3,1,311.24,1,49.77,1,15.03,1,6.08,1,2025-05-26 16:00:00
2025-05-26,17:00:00,59.46,23.73,31.22,15.22,257.18,131.95,949.83,445.56,10.15,5.41,2.69,28.61,2025-05-26 17:00:00
2025-05-26,18:00:00,84.53,84.53,30.43,30.43,254.44,254.44,771.45,771.45,10.17,10.17,6.7,170.9,2025-05-26 18:00:00
2025-05-26,19:00:00,70.06,70.06,28.79,28.79,236.33,236.33,1192.9,1192.9,9.76,9.76,3.78,96.35,2025-05-26 19:00:00
2025-05-26,20:00:00,70.16,70.16,30.68,30.68,239.55,239.55,1011.21,1011.21,10.44,10.44,9.95,253.6,2025-05-26 20:00:00
2025-05-26,21:00:00,41.95,41.95,32.33,32.33,201.12,201.12,1163.02,1163.02,11.16,11.16,9.44,240.64,2025-05-26 21:00:00
2025-05-26,22:00:00,43.87,43.87,31.54,31.54,185.75,185.75,1596.55,1596.55,11,11,8.12,207.16,2025-05-26 22:00:00
2025-05-26,23:00:00,84.47,84.47,31.64,31.64,198.86,198.86,1518.19,1518.19,11,11,4.45,113.53,2025-05-26 23:00:00
2025-05-27,0:00:00,56.91,56.91,31.44,31.44,204.4,204.4,1371.62,1371.62,11,11,2,50.96,2025-05-27 0:00:00
2025-05-27,1:00:00,67.58,67.58,31.51,31.51,214.9,214.9,1289.07,1289.07,11.01,11.01,2.62,66.69,2025-05-27 1:00:00
2025-05-27,2:00:00,60.02,60.02,31.46,31.46,215.86,215.86,1316.89,1316.89,11,11,9.72,247.81,2025-05-27 2:00:00
2025-05-27,3:00:00,56.42,56.42,31.51,31.51,215.51,215.51,1225.63,1225.63,11,11,7.84,199.88,2025-05-27 3:00:00
2025-05-27,4:00:00,76.12,76.12,31.69,31.69,209.87,209.87,1232.65,1232.65,11.03,11.03,2,51,2025-05-27 4:00:00
2025-05-27,5:00:00,66.63,66.63,31.23,31.23,210.34,210.34,1330.88,1330.88,11.01,11.01,5.39,137.48,2025-05-27 5:00:00
2025-05-27,6:00:00,55.3,55.3,31.07,31.07,211.47,211.47,1270.31,1270.31,11,11,8.08,206.01,2025-05-27 6:00:00
2025-05-27,7:00:00,53.7,53.7,31.21,31.21,210.77,210.77,1308.72,1308.72,11,11,3.76,95.85,2025-05-27 7:00:00
2025-05-27,8:00:00,52.73,52.73,30.83,30.83,208.29,208.29,1420.25,1420.25,11,11,7.1,180.95,2025-05-27 8:00:00
2025-05-27,9:00:00,47.47,47.47,31.37,31.37,212.09,212.09,1463.13,1463.13,11.08,11.08,4.41,112.35,2025-05-27 9:00:00
2025-05-27,10:00:00,51.66,51.66,31.32,31.32,212.9,212.9,1346.96,1346.96,11,11,11.09,282.91,2025-05-27 10:00:00
2025-05-27,11:00:00,51.62,51.62,31.46,31.46,209.67,209.67,1414.13,1414.13,11,11,10.95,279.28,2025-05-27 11:00:00
2025-05-27,12:00:00,51,51,31.36,31.36,208.19,208.19,1585.79,1585.79,11,11,10.14,258.51,2025-05-27 12:00:00
2025-05-27,13:00:00,56.79,56.79,31.28,31.28,219.45,219.45,1471.8,1471.8,11,11,10.64,271.2,2025-05-27 13:00:00
2025-05-27,14:00:00,51.54,51.54,31.27,31.27,215.23,215.23,1425.44,1425.44,11,11,5.93,151.28,2025-05-27 14:00:00
2025-05-27,15:00:00,38.03,38.03,30.85,30.85,202.71,202.71,1519.65,1519.65,11,11,2.01,51.24,2025-05-27 15:00:00
2025-05-27,16:00:00,42.61,42.61,31.18,31.18,205.36,205.36,1462.32,1462.32,11,11,2.01,51.2,2025-05-27 16:00:00
2025-05-27,17:00:00,64.14,64.14,31.13,31.13,195.16,195.16,1800.72,1800.72,11,11,5.79,147.6,2025-05-27 17:00:00
2025-05-27,18:00:00,69.52,69.52,31.23,31.23,204.05,204.05,1704.64,1704.64,11,11,3.2,81.62,2025-05-27 18:00:00
2025-05-27,19:00:00,63.11,63.11,30.98,30.98,201.97,201.97,1924.64,1924.64,11,11,2.01,51.24,2025-05-27 19:00:00
2025-05-27,20:00:00,68.54,68.54,31.34,31.34,205.2,205.2,1609.55,1609.55,11,11,2.98,75.99,2025-05-27 20:00:00
2025-05-27,21:00:00,51.7,51.7,31.25,31.25,205.44,205.44,1425.11,1425.11,11,11,5.66,144.4,2025-05-27 21:00:00
2025-05-27,22:00:00,45.77,45.77,31.16,31.16,203.83,203.83,1721.28,1721.28,11,11,2.52,64.36,2025-05-27 22:00:00
2025-05-27,23:00:00,59.5,59.5,31.46,31.46,203.15,203.15,1747.01,1747.01,11.04,11.04,2,51,2025-05-27 23:00:00
2025-05-28,0:00:00,65.37,65.37,31.23,31.23,200.39,200.39,1547.5,1547.5,11,11,2,51.03,2025-05-28 0:00:00
2025-05-28,1:00:00,63.45,63.45,31.71,31.71,201.24,201.24,1386.3,1386.3,11.02,11.02,2,51.03,2025-05-28 1:00:00
2025-05-28,2:00:00,61.51,61.51,31.37,31.37,198.45,198.45,1456.34,1456.34,11,11,3.92,99.89,2025-05-28 2:00:00
2025-05-28,3:00:00,78.26,78.26,31.66,31.66,199.67,199.67,1370.25,1370.25,11,11,14.36,366.24,2025-05-28 3:00:00
2025-05-28,4:00:00,85.26,85.26,26.35,26.35,210.12,210.12,1681.95,1681.95,9.05,9.05,7.86,200.43,2025-05-28 4:00:00
2025-05-28,5:00:00,87.27,87.27,26.16,26.16,212.51,212.51,1676.16,1676.16,8.99,8.99,2,51,2025-05-28 5:00:00
2025-05-28,6:00:00,68.45,68.45,26.57,26.57,223.27,223.27,1375.12,1375.12,9,9,2,51,2025-05-28 6:00:00
2025-05-28,7:00:00,67.44,67.44,26.94,26.94,224.05,224.05,1403.44,1403.44,9.01,9.01,2,51,2025-05-28 7:00:00
2025-05-28,8:00:00,57.37,57.37,26.63,26.63,231.1,231.1,1336.85,1336.85,9,9,2.98,76.03,2025-05-28 8:00:00
2025-05-28,9:00:00,64.84,64.84,26.88,26.88,248.39,248.39,1266.29,1266.29,9.05,9.05,4.45,113.54,2025-05-28 9:00:00
2025-05-28,10:00:00,78.58,78.58,27.11,27.11,241.71,241.71,1395.46,1395.46,9.11,9.11,4.74,120.8,2025-05-28 10:00:00
2025-05-28,11:00:00,78.31,78.31,26.99,26.99,243.76,243.76,1406.18,1406.18,9.03,9.03,5.21,132.95,2025-05-28 11:00:00
2025-05-28,12:00:00,95.78,95.78,26.66,26.66,242.54,242.54,1652.05,1652.05,8.9,8.9,5.3,135.08,2025-05-28 12:00:00
2025-05-28,13:00:00,71.18,71.18,26.79,26.79,377.08,377.08,1111.99,1111.99,9.15,9.15,6.67,170.2,2025-05-28 13:00:00
2025-05-28,14:00:00,69.11,69.11,27.69,27.69,372.47,372.47,1101.07,1101.07,9.41,9.41,7.03,179.26,2025-05-28 14:00:00
2025-05-28,15:00:00,105,105,29.94,29.94,254.15,254.15,1136.6,1136.6,10.13,10.13,7.71,196.71,2025-05-28 15:00:00
2025-05-28,16:00:00,105,105,28.05,28.05,257.21,257.21,1347.8,1347.8,9.04,9.04,7.51,191.5,2025-05-28 16:00:00
2025-05-28,17:00:00,105,105,28.73,28.73,239.9,239.9,1785.41,1785.41,9.64,9.64,2.04,51.99,2025-05-28 17:00:00
2025-05-28,18:00:00,98.81,98.81,32.58,32.58,253.94,253.94,1465.92,1465.92,11.24,11.24,2,51.08,2025-05-28 18:00:00
2025-05-28,19:00:00,70.48,17.6,32.67,8.08,257.39,57.74,1131.86,243.49,11.36,3.34,2.01,12.12,2025-05-28 19:00:00
2025-05-28,20:00:00,66.77,1,32.05,1,226.32,1,1460.66,1,11.01,1,2,1,2025-05-28 20:00:00
2025-05-28,21:00:00,57.6,1,31.61,1,217.17,1,1667.22,1,11,1,2,1,2025-05-28 21:00:00
2025-05-28,22:00:00,48.48,1,31.49,1,212.78,1,1791.79,1,11,1,2.01,1,2025-05-28 22:00:00
2025-05-28,23:00:00,87.13,57.64,31.23,19.59,211.49,130.61,1776.46,1061.35,11,7.15,2.01,31.75,2025-05-28 23:00:00
2025-05-29,0:00:00,105,105,31.73,31.73,224.61,224.61,1624.6,1624.6,11,11,2.8,71.49,2025-05-29 0:00:00
2025-05-29,1:00:00,93.79,93.79,31.85,31.85,224.85,224.85,1571.37,1571.37,11,11,10.52,268.28,2025-05-29 1:00:00
2025-05-29,2:00:00,56.76,56.76,26.89,26.89,224.18,224.18,1627.79,1627.79,11,11,15.63,398.47,2025-05-29 2:00:00
2025-05-29,3:00:00,62.75,62.75,16.43,16.43,230.6,230.6,1590.39,1590.39,11,11,10.65,271.57,2025-05-29 3:00:00
2025-05-29,4:00:00,69.34,69.34,27.66,27.66,241.44,241.44,1588.69,1588.69,11.21,11.21,12.18,310.52,2025-05-29 4:00:00
2025-05-29,5:00:00,65.14,65.14,26.49,26.49,239.01,239.01,1639.16,1639.16,11,11,10.9,277.88,2025-05-29 5:00:00
2025-05-29,6:00:00,70.61,70.61,29.56,29.56,229.3,229.3,1738.41,1738.41,10.56,10.56,8.75,223.2,2025-05-29 6:00:00
2025-05-29,7:00:00,103.79,103.79,16.77,16.77,226.52,226.52,1588.28,1588.28,10.73,10.73,2,51.03,2025-05-29 7:00:00
2025-05-29,8:00:00,66.14,66.14,28.4,28.4,230.31,230.31,1515.03,1515.03,11,11,3.74,95.35,2025-05-29 8:00:00
2025-05-29,9:00:00,45.14,45.14,25.44,25.44,247.27,247.27,1277.5,1277.5,11.72,11.72,2,51.01,2025-05-29 9:00:00
2025-05-29,10:00:00,11.61,11.61,39.88,39.88,307.6,307.6,937.78,937.78,13.14,13.14,2.82,71.91,2025-05-29 10:00:00
2025-05-29,11:00:00,11.06,11.06,43.05,43.05,314.1,314.1,802.79,802.79,13.72,13.72,2.14,54.58,2025-05-29 11:00:00
2025-05-29,12:00:00,99.06,58.39,45.31,23.46,210.72,169.57,2884.94,1169.17,14.19,8.2,4.21,72.45,2025-05-29 12:00:00
2025-05-29,13:00:00,100.04,100.04,31.32,31.32,239.36,239.36,1242.04,1242.04,10.76,10.76,6.96,177.37,2025-05-29 13:00:00
2025-05-29,14:00:00,105,105,29.83,29.83,309.95,309.95,1118.89,1118.89,9.96,9.96,8.12,207.06,2025-05-29 14:00:00
2025-05-29,15:00:00,94.58,94.58,32.64,32.64,262.76,262.76,1163.47,1163.47,11.12,11.12,6.56,167.27,2025-05-29 15:00:00
2025-05-29,16:00:00,50.35,50.35,32.28,32.28,263.58,263.58,1347.57,1347.57,11.04,11.04,11.54,294.34,2025-05-29 16:00:00
2025-05-29,17:00:00,49.71,49.71,32.47,32.47,279.13,279.13,1274.32,1274.32,11.03,11.03,4.25,108.31,2025-05-29 17:00:00
2025-05-29,18:00:00,52.24,52.24,32.2,32.2,293.28,293.28,1454.55,1454.55,11.08,11.08,2.02,51.6,2025-05-29 18:00:00
2025-05-29,19:00:00,51.73,51.73,32.03,32.03,277.22,277.22,1437.31,1437.31,11,11,2.01,51.36,2025-05-29 19:00:00
2025-05-29,20:00:00,54.59,54.59,31.4,31.4,261.47,261.47,1448.45,1448.45,10.71,10.71,2,51.1,2025-05-29 20:00:00
2025-05-29,21:00:00,55.91,55.91,31.72,31.72,249.79,249.79,1413.66,1413.66,11,11,2,51.12,2025-05-29 21:00:00
2025-05-29,22:00:00,49.57,49.57,31.77,31.77,236.98,236.98,1740.65,1740.65,11.03,11.03,3.34,85.16,2025-05-29 22:00:00
2025-05-29,23:00:00,47.88,47.88,32.18,32.18,257.83,257.83,1682.56,1682.56,11.14,11.14,7.39,188.52,2025-05-29 23:00:00
2025-05-30,0:00:00,58.1,58.1,19.19,19.19,212.75,212.75,1864.74,1864.74,11.14,11.14,3.95,100.64,2025-05-30 0:00:00
2025-05-30,1:00:00,69.89,69.89,24.69,24.69,258.95,258.95,1711.93,1711.93,10.13,10.13,2.02,51.6,2025-05-30 1:00:00
2025-05-30,2:00:00,77.61,77.61,20.12,20.12,288.47,288.47,1391.36,1391.36,9,9,2.02,51.63,2025-05-30 2:00:00
2025-05-30,3:00:00,65.31,65.31,14.39,14.39,286.53,286.53,1433.73,1433.73,9,9,7.19,183.27,2025-05-30 3:00:00
2025-05-30,4:00:00,69.52,69.52,14.17,14.17,283.75,283.75,1355.05,1355.05,8.98,8.98,7.95,202.69,2025-05-30 4:00:00
2025-05-30,5:00:00,79.65,79.65,20.33,20.33,266.51,266.51,1542.13,1542.13,8.94,8.94,2,51.1,2025-05-30 5:00:00
2025-05-30,6:00:00,72.49,72.49,6.58,6.58,269.06,269.06,1677.3,1677.3,8.11,8.11,3.25,82.76,2025-05-30 6:00:00
2025-05-30,7:00:00,93.28,93.28,7.54,7.54,292.07,292.07,1291.74,1291.74,8.65,8.65,5.97,152.2,2025-05-30 7:00:00
2025-05-30,8:00:00,104.97,104.97,10.65,10.65,287.74,287.74,1272.26,1272.26,9.09,9.09,8.13,207.2,2025-05-30 8:00:00
2025-05-30,9:00:00,95.93,95.93,26.56,26.56,293.82,293.82,1374.96,1374.96,9.03,9.03,9.27,236.37,2025-05-30 9:00:00
2025-05-30,10:00:00,82.43,82.43,21.55,21.55,290.23,290.23,1530.91,1530.91,9,9,10.61,270.58,2025-05-30 10:00:00
2025-05-30,11:00:00,78.76,78.76,3,3,308.34,308.34,1393.56,1393.56,9,9,10.42,265.82,2025-05-30 11:00:00
2025-05-30,12:00:00,85.81,85.81,3,3,313.17,313.17,1384.86,1384.86,9,9,9.39,239.52,2025-05-30 12:00:00
2025-05-30,13:00:00,86.67,86.67,3,3,325.62,325.62,1228.88,1228.88,9,9,8.77,223.58,2025-05-30 13:00:00
2025-05-30,14:00:00,97.75,97.75,10.62,10.62,304.8,304.8,1250.23,1250.23,9.46,9.46,7.36,187.63,2025-05-30 14:00:00
2025-05-30,15:00:00,94.39,94.39,31.88,31.88,292.19,292.19,1191.32,1191.32,11,11,10.3,262.69,2025-05-30 15:00:00
2025-05-30,16:00:00,81.03,81.03,31.91,31.91,316.85,316.85,1194.73,1194.73,11.04,11.04,13.18,336.13,2025-05-30 16:00:00
2025-05-30,17:00:00,81.62,79.08,32.37,31.17,302.24,290.76,1088.42,1044.42,11.05,10.66,10.64,262.65,2025-05-30 17:00:00
2025-05-30,18:00:00,84.25,1,31.62,1,294.68,1,1251.61,1,11,1,7.03,1,2025-05-30 18:00:00
2025-05-30,19:00:00,54.15,1,31.39,1,308.26,1,1271.73,1,11,1,3,1,2025-05-30 19:00:00
2025-05-30,20:00:00,50.78,1,31.62,1,306.16,1,1266.25,1,11.03,1,4.16,1,2025-05-30 20:00:00
2025-05-30,21:00:00,47.75,1,31.89,1,275.19,1,1466.4,1,11.13,1,2.12,1,2025-05-30 21:00:00
2025-05-30,22:00:00,43.75,10.24,31.33,5.46,258.57,38.2,1582.95,265.99,11,2.49,2.11,8.87,2025-05-30 22:00:00
2025-05-30,23:00:00,101.57,101.57,12.39,12.39,293.54,293.54,1371.63,1371.63,9.34,9.34,2.06,52.61,2025-05-30 23:00:00
2025-05-31,0:00:00,100.82,100.82,3,3,285.22,285.22,2308.57,2308.57,8.04,8.04,3.75,95.62,2025-05-31 0:00:00
2025-05-31,1:00:00,104.42,104.42,11.41,11.41,323.03,323.03,1444.72,1444.72,9.23,9.23,12.44,317.34,2025-05-31 1:00:00
2025-05-31,2:00:00,104.33,104.33,12.86,12.86,289.46,289.46,1249.52,1249.52,11.19,11.19,5.88,149.86,2025-05-31 2:00:00
2025-05-31,3:00:00,81.12,81.12,32.44,32.44,294.32,294.32,1340.06,1340.06,11.1,11.1,2.25,57.35,2025-05-31 3:00:00
2025-05-31,4:00:00,64.95,64.95,15.97,15.97,276.99,276.99,1370.78,1370.78,11.12,11.12,2.25,57.42,2025-05-31 4:00:00
2025-05-31,5:00:00,72.69,72.69,32.44,32.44,277.82,277.82,1602.68,1602.68,11.01,11.01,5.21,132.8,2025-05-31 5:00:00
2025-05-31,6:00:00,73.39,73.39,32.23,32.23,276.64,276.64,1484.08,1484.08,11.01,11.01,9.3,237.18,2025-05-31 6:00:00
2025-05-31,7:00:00,52.54,52.54,32.4,32.4,276.79,276.79,1432.36,1432.36,11,11,13.89,354.26,2025-05-31 7:00:00
2025-05-31,8:00:00,48.46,48.46,12.61,12.61,278.19,278.19,1345.9,1345.9,11.01,11.01,14.75,376.16,2025-05-31 8:00:00
2025-05-31,9:00:00,58.69,58.69,30.29,30.29,292.97,292.97,1548.57,1548.57,11.17,11.17,13.99,356.62,2025-05-31 9:00:00
2025-05-31,10:00:00,58.16,58.16,31.97,31.97,257.94,257.94,1989.49,1989.49,11.05,11.05,12.18,310.66,2025-05-31 10:00:00
2025-05-31,11:00:00,63.55,63.55,31.67,31.67,273.8,273.8,1664.74,1664.74,11,11,10.99,280.35,2025-05-31 11:00:00
2025-05-31,12:00:00,60.21,60.21,31.6,31.6,287.67,287.67,1573.33,1573.33,11.02,11.02,10,254.99,2025-05-31 12:00:00
2025-05-31,13:00:00,50.88,50.88,31.66,31.66,267.42,267.42,1650.8,1650.8,11,11,9.24,235.59,2025-05-31 13:00:00
2025-05-31,14:00:00,55.35,55.35,32.11,32.11,281.25,281.25,1553.16,1553.16,11,11,4.76,121.5,2025-05-31 14:00:00
2025-05-31,15:00:00,47.91,47.91,32.36,32.36,276.58,276.58,1485.15,1485.15,11.04,11.04,2.98,76.07,2025-05-31 15:00:00
2025-05-31,16:00:00,50.74,50.74,32.44,32.44,265.29,265.29,1518.59,1518.59,11.03,11.03,2.98,75.95,2025-05-31 16:00:00
2025-05-31,17:00:00,82.59,82.59,32.58,32.58,260.19,260.19,1499.81,1499.81,11.02,11.02,4.02,102.64,2025-05-31 17:00:00
2025-05-31,18:00:00,86.71,86.71,32.29,32.29,266.99,266.99,1578.61,1578.61,11.02,11.02,2.4,61.1,2025-05-31 18:00:00
2025-05-31,19:00:00,70.95,70.95,31.94,31.94,264.61,264.61,1600.28,1600.28,11,11,2.1,53.44,2025-05-31 19:00:00
2025-05-31,20:00:00,91.36,4.59,32.26,2.52,263.39,14.08,1647.32,76.81,11,1.49,2.71,5.77,2025-05-31 20:00:00
2025-05-31,21:00:00,91.2,1,32.2,1,252.88,1,1745.66,1,11,1,2.02,1,2025-05-31 21:00:00
2025-05-31,22:00:00,90.26,5.93,32.01,2.58,253.44,13.45,1834.4,111.45,11,1.51,2.04,3.56,2025-05-31 22:00:00
2025-05-31,23:00:00,81.57,22.94,31.91,8.11,252.37,60.53,1843.21,471.04,11,3.29,2.1,13.22,2025-05-31 23:00:00
2025-06-01,0:00:00,95.07,95.07,13.56,13.56,256.3,256.3,1701.07,1701.07,11,11,7.4,188.65,2025-06-01 0:00:00
2025-06-01,1:00:00,68.39,68.39,32.96,32.96,258.19,258.19,1873.31,1873.31,11.22,11.22,2.5,63.77,2025-06-01 1:00:00
2025-06-01,2:00:00,65.75,65.75,32.89,32.89,251.65,251.65,1697.04,1697.04,11.26,11.26,7.17,182.96,2025-06-01 2:00:00
2025-06-01,3:00:00,87.62,87.62,33.21,33.21,253.66,253.66,1721.78,1721.78,11.32,11.32,3.37,85.86,2025-06-01 3:00:00
2025-06-01,4:00:00,98.31,98.31,16.71,16.71,253.29,253.29,1474.8,1474.8,11.33,11.33,8.88,226.42,2025-06-01 4:00:00
2025-06-01,5:00:00,105,105,30.03,30.03,267.04,267.04,1520.46,1520.46,11.26,11.26,15.59,397.45,2025-06-01 5:00:00
2025-06-01,6:00:00,95.21,95.21,14.29,14.29,269.64,269.64,1416.01,1416.01,11.09,11.09,13.9,354.51,2025-06-01 6:00:00
2025-06-01,7:00:00,80.82,80.82,32.78,32.78,279.65,279.65,1426.55,1426.55,11.24,11.24,13.59,346.55,2025-06-01 7:00:00
2025-06-01,8:00:00,58.74,58.74,14.14,14.14,272.25,272.25,1622.86,1622.86,11,11,8.5,216.64,2025-06-01 8:00:00
2025-06-01,9:00:00,60.54,60.54,32.05,32.05,285.58,285.58,1827.2,1827.2,11,11,2.63,67,2025-06-01 9:00:00
2025-06-01,10:00:00,58.73,58.73,31.71,31.71,282.64,282.64,1786.4,1786.4,11.04,11.04,6.46,164.71,2025-06-01 10:00:00
2025-06-01,11:00:00,57.22,57.22,12.18,12.18,273.8,273.8,1850.69,1850.69,11,11,10.96,279.44,2025-06-01 11:00:00
2025-06-01,12:00:00,53.7,53.7,28.89,28.89,272.08,272.08,1909.54,1909.54,11,11,14.81,377.74,2025-06-01 12:00:00
2025-06-01,13:00:00,49.11,49.11,16.9,16.9,260.76,260.76,1943.32,1943.32,11,11,11.34,289.26,2025-06-01 13:00:00
2025-06-01,14:00:00,50.36,50.36,23.72,23.72,270.33,270.33,1755.26,1755.26,11,11,9.06,230.97,2025-06-01 14:00:00
2025-06-01,15:00:00,48.78,48.78,21.84,21.84,270.8,270.8,2004.46,2004.46,11,11,6.65,169.5,2025-06-01 15:00:00
2025-06-01,16:00:00,40.17,40.17,17.93,17.93,270.26,270.26,2137.11,2137.11,11,11,2.86,72.84,2025-06-01 16:00:00
2025-06-01,17:00:00,37.9,37.9,27.7,27.7,294.08,294.08,1709.49,1709.49,11.01,11.01,2.39,61.01,2025-06-01 17:00:00
2025-06-01,18:00:00,41.73,41.73,32.23,32.23,281.26,281.26,1477.87,1477.87,11.04,11.04,3.35,85.51,2025-06-01 18:00:00
2025-06-01,19:00:00,54.53,54.53,32.15,32.15,275.24,275.24,1519.19,1519.19,11.02,11.02,6.44,164.19,2025-06-01 19:00:00
2025-06-01,20:00:00,61,61,26.75,26.75,265.21,265.21,1473.75,1473.75,11,11,8.07,205.81,2025-06-01 20:00:00
2025-06-01,21:00:00,77.32,77.32,16.18,16.18,255.28,255.28,1453.63,1453.63,11.01,11.01,4.72,120.28,2025-06-01 21:00:00
2025-06-01,22:00:00,62.41,62.41,29.89,29.89,254.69,254.69,1553.24,1553.24,11,11,2.35,59.82,2025-06-01 22:00:00
2025-06-01,23:00:00,65.4,65.4,17.02,17.02,249.02,249.02,1774.31,1774.31,11,11,2.26,57.69,2025-06-01 23:00:00
2025-06-02,0:00:00,23.31,23.31,31.73,31.73,249.93,249.93,1720.41,1720.41,11.01,11.01,2.23,56.79,2025-06-02 0:00:00
2025-06-02,1:00:00,17.97,17.97,31.78,31.78,255.25,255.25,1457.28,1457.28,11,11,2.15,54.7,2025-06-02 1:00:00
2025-06-02,2:00:00,20.09,20.09,31.64,31.64,246.24,246.24,1566.3,1566.3,11.03,11.03,5.05,128.84,2025-06-02 2:00:00
2025-06-02,3:00:00,31.51,31.51,31.67,31.67,237.83,237.83,1552.74,1552.74,11,11,8.74,222.91,2025-06-02 3:00:00
2025-06-02,4:00:00,40.85,40.85,31.57,31.57,271.08,271.08,1313.31,1313.31,11,11,3.49,89.01,2025-06-02 4:00:00
2025-06-02,5:00:00,27.83,27.83,31.5,31.5,250.51,250.51,1617.46,1617.46,11,11,2.52,64.14,2025-06-02 5:00:00
2025-06-02,6:00:00,33.92,33.92,31.62,31.62,245.79,245.79,1798.49,1798.49,11,11,7.15,182.28,2025-06-02 6:00:00
2025-06-02,7:00:00,69.96,69.96,32.03,32.03,229.67,229.67,1978.77,1978.77,11.06,11.06,8.27,210.88,2025-06-02 7:00:00
2025-06-02,8:00:00,36.24,36.24,30.7,30.7,215.51,215.51,1756.44,1756.44,11.05,11.05,4.35,110.97,2025-06-02 8:00:00
2025-06-02,9:00:00,22.38,22.38,31.96,31.96,215.35,215.35,1554,1554,11.01,11.01,4.05,103.19,2025-06-02 9:00:00
2025-06-02,10:00:00,25.27,25.27,31.86,31.86,223.38,223.38,1705.23,1705.23,11.02,11.02,10.72,273.41,2025-06-02 10:00:00
2025-06-02,11:00:00,43.8,27.84,45.48,28.75,228.67,200.85,1494.14,1366.99,12.65,9.86,8.51,182.6,2025-06-02 11:00:00
2025-06-02,12:00:00,105,1,151.37,1,31.88,1,216.03,1,19,1,3.4,1,2025-06-02 12:00:00
2025-06-02,13:00:00,105,1,137.97,1,29.1,1,138.24,1,19,1,3.31,1,2025-06-02 13:00:00
2025-06-02,14:00:00,105,1,129.52,1,27.64,1,111.49,1,18.77,1,3.61,1,2025-06-02 14:00:00
2025-06-02,15:00:00,101.79,19.59,67.61,9.44,277.04,69.14,184.87,123.37,16.11,3.41,3.03,12.68,2025-06-02 15:00:00
2025-06-02,16:00:00,54.12,54.12,26.66,26.66,222.8,222.8,887.54,887.54,8.81,8.81,9.28,236.58,2025-06-02 16:00:00
2025-06-02,17:00:00,86.39,86.39,32.33,32.33,200.65,200.65,1072.4,1072.4,10.79,10.79,12.53,319.54,2025-06-02 17:00:00
2025-06-02,18:00:00,96.06,96.06,29.04,29.04,230.08,230.08,1060.89,1060.89,9.74,9.74,2.42,61.67,2025-06-02 18:00:00
2025-06-02,19:00:00,79.08,79.08,33.37,33.37,226.44,226.44,1226.78,1226.78,11.44,11.44,2.43,61.91,2025-06-02 19:00:00
2025-06-02,20:00:00,51.59,51.59,32.7,32.7,229.79,229.79,1542.88,1542.88,11.09,11.09,2.55,64.95,2025-06-02 20:00:00
2025-06-02,21:00:00,46.27,46.27,32.03,32.03,228.56,228.56,1732.52,1732.52,11.02,11.02,2.56,65.17,2025-06-02 21:00:00
2025-06-02,22:00:00,39.72,39.72,31.9,31.9,240.07,240.07,1733.68,1733.68,11,11,2.42,61.67,2025-06-02 22:00:00
2025-06-02,23:00:00,36.54,36.54,31.76,31.76,253.31,253.31,1712.45,1712.45,11,11,2.34,59.63,2025-06-02 23:00:00
2025-06-03,0:00:00,36.15,36.15,31.67,31.67,265.56,265.56,1441.67,1441.67,11,11,2.92,74.35,2025-06-03 0:00:00
2025-06-03,1:00:00,35.45,35.45,31.89,31.89,264.59,264.59,1369.26,1369.26,11.02,11.02,4.71,119.98,2025-06-03 1:00:00
2025-06-03,2:00:00,47.73,47.73,23.94,23.94,264.27,264.27,1690.65,1690.65,11,11,5.39,137.45,2025-06-03 2:00:00
2025-06-03,3:00:00,57.82,57.82,31.51,31.51,260.72,260.72,1620.66,1620.66,11,11,5.9,150.36,2025-06-03 3:00:00
2025-06-03,4:00:00,39.3,39.3,28.15,28.15,254.33,254.33,1442.4,1442.4,11.09,11.09,5.06,129.14,2025-06-03 4:00:00
2025-06-03,5:00:00,28.1,28.1,26.24,26.24,213.4,213.4,1781.5,1781.5,11.09,11.09,5.5,140.31,2025-06-03 5:00:00
2025-06-03,6:00:00,34.43,34.43,28.81,28.81,224.3,224.3,1657,1657,11,11,9,229.44,2025-06-03 6:00:00
2025-06-03,7:00:00,40.08,40.08,17.69,17.69,222.07,222.07,2129.98,2129.98,11.05,11.05,7.11,181.35,2025-06-03 7:00:00
2025-06-03,8:00:00,83.66,83.66,3,3,240.26,240.26,2028.7,2028.7,9.02,9.02,6.65,169.52,2025-06-03 8:00:00
2025-06-03,9:00:00,78.97,78.97,3,3,248.04,248.04,2540.66,2540.66,9.02,9.02,9.09,231.76,2025-06-03 9:00:00
2025-06-03,10:00:00,48.11,48.11,3,3,255.09,255.09,2415.6,2415.6,9,9,10.91,278.3,2025-06-03 10:00:00
2025-06-03,11:00:00,51.43,51.43,3,3,260.84,260.84,2382.66,2382.66,9,9,13.83,352.74,2025-06-03 11:00:00
2025-06-03,12:00:00,52.75,52.75,3,3,257.3,257.3,2412.01,2412.01,9,9,11.82,301.35,2025-06-03 12:00:00
2025-06-03,13:00:00,57.64,57.64,3,3,270.21,270.21,1603.07,1603.07,9,9,9.39,239.39,2025-06-03 13:00:00
2025-06-03,14:00:00,41.84,41.84,3,3,285.54,285.54,1372.57,1372.57,9,9,7.53,191.91,2025-06-03 14:00:00
2025-06-03,15:00:00,45.05,45.05,3,3,285.09,285.09,1520.5,1520.5,9,9,2.82,71.93,2025-06-03 15:00:00
2025-06-03,16:00:00,62.13,62.13,5.13,5.13,272.48,272.48,1702.7,1702.7,9.16,9.16,3.53,89.93,2025-06-03 16:00:00
2025-06-03,17:00:00,42.59,42.59,31.84,31.84,255.03,255.03,1673.74,1673.74,11,11,5.02,128,2025-06-03 17:00:00
2025-06-03,18:00:00,28.7,28.7,31.51,31.51,237.69,237.69,2171.15,2171.15,11,11,2.84,72.46,2025-06-03 18:00:00
2025-06-03,19:00:00,43.91,43.91,31.85,31.85,240.59,240.59,2402.18,2402.18,11.02,11.02,2.35,59.96,2025-06-03 19:00:00
2025-06-03,20:00:00,26.42,26.42,31.74,31.74,219.18,219.18,1956.4,1956.4,11.01,11.01,6.54,166.85,2025-06-03 20:00:00
2025-06-03,21:00:00,20.49,20.49,31.36,31.36,205.39,205.39,2064.77,2064.77,11,11,14.28,364.21,2025-06-03 21:00:00
2025-06-03,22:00:00,20.6,20.6,31.23,31.23,219.63,219.63,1872.51,1872.51,11,11,11.33,288.84,2025-06-03 22:00:00
2025-06-03,23:00:00,28.04,28.04,31.12,31.12,221.76,221.76,1840.24,1840.24,11,11,7.18,183.03,2025-06-03 23:00:00
2025-06-04,0:00:00,38.87,38.87,31.08,31.08,208.97,208.97,1639.22,1639.22,11,11,2,51,2025-06-04 0:00:00
2025-06-04,1:00:00,28.36,28.36,30.72,30.72,207.16,207.16,1806.27,1806.27,11,11,2,50.98,2025-06-04 1:00:00
2025-06-04,2:00:00,15.34,15.34,30.61,30.61,203.9,203.9,1601.21,1601.21,11,11,2,50.97,2025-06-04 2:00:00
2025-06-04,3:00:00,14.81,14.81,28.1,28.1,202.92,202.92,1762.6,1762.6,11,11,4.86,124.06,2025-06-04 3:00:00
2025-06-04,4:00:00,17.27,17.27,30.09,30.09,214.4,214.4,1729.19,1729.19,11,11,7.41,188.93,2025-06-04 4:00:00
2025-06-04,5:00:00,16.99,16.99,9.3,9.3,206.7,206.7,1770.24,1770.24,11,11,10.7,272.92,2025-06-04 5:00:00
2025-06-04,6:00:00,18.12,18.12,31.19,31.19,210.68,210.68,1873.52,1873.52,11,11,13.84,352.84,2025-06-04 6:00:00
2025-06-04,7:00:00,32.96,32.96,30.78,30.78,211.2,211.2,2161.31,2161.31,11,11,2.9,74.04,2025-06-04 7:00:00
2025-06-04,8:00:00,36.38,36.38,31.26,31.26,217.21,217.21,2363.91,2363.91,11.04,11.04,2.02,51.58,2025-06-04 8:00:00
2025-06-04,9:00:00,19.53,19.53,31,31,215.04,215.04,2406.08,2406.08,11,11,6.19,157.85,2025-06-04 9:00:00
2025-06-04,10:00:00,19.25,19.25,25.85,25.85,226.83,226.83,2261.46,2261.46,11,11,10.06,256.58,2025-06-04 10:00:00
2025-06-04,11:00:00,19.73,19.73,14.75,14.75,234.91,234.91,2186.07,2186.07,11.01,11.01,10.56,269.2,2025-06-04 11:00:00
2025-06-04,12:00:00,21.68,21.68,31.48,31.48,261.65,261.65,2477.19,2477.19,10.88,10.88,9.65,246.02,2025-06-04 12:00:00
2025-06-04,13:00:00,27.59,27.59,31.69,31.69,260.62,260.62,1264.83,1264.83,10.92,10.92,7.4,188.7,2025-06-04 13:00:00
2025-06-04,14:00:00,18.38,18.38,31.66,31.66,258.07,258.07,1403.17,1403.17,11,11,6.9,175.86,2025-06-04 14:00:00
2025-06-04,15:00:00,17.36,17.36,31.78,31.78,268.22,268.22,1124.9,1124.9,11,11,7.24,184.59,2025-06-04 15:00:00
2025-06-04,16:00:00,25.84,25.84,31.65,31.65,265.41,265.41,1332.86,1332.86,11,11,4.02,102.43,2025-06-04 16:00:00
2025-06-04,17:00:00,41.65,41.65,31.59,31.59,250.51,250.51,1742.68,1742.68,11,11,2.7,68.87,2025-06-04 17:00:00
2025-06-04,18:00:00,54.49,54.49,28.38,28.38,267.68,267.68,1541.79,1541.79,9.74,9.74,4.88,124.32,2025-06-04 18:00:00
2025-06-04,19:00:00,66.01,66.01,29.89,29.89,259.92,259.92,1784.95,1784.95,10.2,10.2,2.16,54.98,2025-06-04 19:00:00
2025-06-04,20:00:00,42.39,42.39,31.96,31.96,261.85,261.85,1399.44,1399.44,11,11,2.25,57.3,2025-06-04 20:00:00
2025-06-04,21:00:00,51.01,51.01,32.19,32.19,259.47,259.47,1372.3,1372.3,11,11,2.2,56.12,2025-06-04 21:00:00
2025-06-04,22:00:00,37.86,37.86,32.08,32.08,256.42,256.42,1612.46,1612.46,11,11,2.12,53.97,2025-06-04 22:00:00
2025-06-04,23:00:00,46.6,46.6,32.21,32.21,266.41,266.41,1449.16,1449.16,11,11,3.01,76.7,2025-06-04 23:00:00
2025-06-05,0:00:00,39.76,39.76,32.41,32.41,270.91,270.91,1162.53,1162.53,11,11,5.05,128.81,2025-06-05 0:00:00
2025-06-05,1:00:00,37.13,37.13,28.33,28.33,262.33,262.33,1109.81,1109.81,11,11,5.84,148.91,2025-06-05 1:00:00
2025-06-05,2:00:00,39.2,39.2,15.09,15.09,266.95,266.95,1088.79,1088.79,11.08,11.08,6.96,177.56,2025-06-05 2:00:00
2025-06-05,3:00:00,42.02,42.02,32.85,32.85,267.53,267.53,1201.5,1201.5,11.07,11.07,4.19,106.74,2025-06-05 3:00:00
2025-06-05,4:00:00,42.16,42.16,32.73,32.73,279.92,279.92,1097.98,1097.98,11.09,11.09,5.02,128.08,2025-06-05 4:00:00
2025-06-05,5:00:00,46.08,46.08,32.78,32.78,275.57,275.57,1298.13,1298.13,11.03,11.03,4.14,105.63,2025-06-05 5:00:00
2025-06-05,6:00:00,46.18,46.18,31.44,31.44,279.75,279.75,1089.46,1089.46,11.02,11.02,5.95,151.64,2025-06-05 6:00:00
2025-06-05,7:00:00,41.6,41.6,30.46,30.46,248.26,248.26,1584.63,1584.63,11.17,11.17,7.53,192.12,2025-06-05 7:00:00
2025-06-05,8:00:00,48.65,48.65,32.56,32.56,282.54,282.54,1189.06,1189.06,11.03,11.03,10.04,255.98,2025-06-05 8:00:00
2025-06-05,9:00:00,31.7,31.7,29.43,29.43,284.29,284.29,1118.81,1118.81,11.4,11.4,10.51,268.11,2025-06-05 9:00:00
2025-06-05,10:00:00,27.87,27.87,16.22,16.22,293.34,293.34,1095.53,1095.53,11.32,11.32,8.51,217.06,2025-06-05 10:00:00
2025-06-05,11:00:00,40.2,40.2,33.03,33.03,299.09,299.09,1170.76,1170.76,11.06,11.06,9.82,250.43,2025-06-05 11:00:00
2025-06-05,12:00:00,51.62,51.62,32.97,32.97,295.88,295.88,1148.89,1148.89,11.06,11.06,11.53,294.12,2025-06-05 12:00:00
2025-06-05,13:00:00,56.77,56.77,27.33,27.33,294.33,294.33,1320.87,1320.87,10.03,10.03,13.9,354.5,2025-06-05 13:00:00
2025-06-05,14:00:00,67.22,67.22,9.59,9.59,310.99,310.99,1627.08,1627.08,9.12,9.12,16.73,426.66,2025-06-05 14:00:00
2025-06-05,15:00:00,43.12,43.12,3,3,303.83,303.83,1407.08,1407.08,9,9,11.68,297.77,2025-06-05 15:00:00
2025-06-05,16:00:00,43.2,43.2,9.22,9.22,308.85,308.85,1511.9,1511.9,9,9,3.09,78.73,2025-06-05 16:00:00
2025-06-05,17:00:00,47.69,47.69,19.89,19.89,314.13,314.13,1634.77,1634.77,9,9,10.55,268.94,2025-06-05 17:00:00
2025-06-05,18:00:00,43.23,43.23,24.42,24.42,324.72,324.72,1408.8,1408.8,9,9,8.88,226.5,2025-06-05 18:00:00
2025-06-05,19:00:00,43.19,43.19,27.25,27.25,331.18,331.18,1172.55,1172.55,9,9,2.19,55.91,2025-06-05 19:00:00
2025-06-05,20:00:00,41.13,41.13,14.69,14.69,304.53,304.53,1479.43,1479.43,9,9,2.12,53.94,2025-06-05 20:00:00
2025-06-05,21:00:00,52.92,52.92,11.08,11.08,325.68,325.68,1079.85,1079.85,9.74,9.74,2.14,54.61,2025-06-05 21:00:00
2025-06-05,22:00:00,79.08,8.06,125.21,9,186.19,88.08,864.76,446.67,15.38,3.53,2.19,16.01,2025-06-05 22:00:00
2025-06-05,23:00:00,91.56,1,72.46,1,16.43,1,78.87,1,20,1,2.41,1,2025-06-05 23:00:00
2025-06-06,0:00:00,61.93,1,14,1,3,1,11.62,1,20,1,3.39,1,2025-06-06 0:00:00
2025-06-06,1:00:00,28.74,1,14,1,3,1,9.63,1,20,1,3.88,1,2025-06-06 1:00:00
2025-06-06,2:00:00,18.36,1,14,1,3,1,9.86,1,20,1,3.5,1,2025-06-06 2:00:00
2025-06-06,3:00:00,12.7,1,14,1,3,1,9.69,1,20,1,3.82,1,2025-06-06 3:00:00
2025-06-06,4:00:00,10.06,1,14,1,3,1,9.05,1,20,1,4.82,1,2025-06-06 4:00:00
2025-06-06,5:00:00,10.14,1,13.13,1,3,1,9.52,1,20,1,5.4,1,2025-06-06 5:00:00
2025-06-06,6:00:00,8.94,1,13.97,1,3,1,9.73,1,20,1,7.96,1,2025-06-06 6:00:00
2025-06-06,7:00:00,8.09,1,12.04,1,3,1,8.99,1,20,1,7.91,1,2025-06-06 7:00:00
2025-06-06,8:00:00,6.24,1,11.5,1,3,1,8.39,1,20,1,5.96,1,2025-06-06 8:00:00
2025-06-06,9:00:00,5.64,1,11.59,1,3,1,8.43,1,20,1,5.9,1,2025-06-06 9:00:00
2025-06-06,10:00:00,5.31,1,13.13,1,3,1,8.5,1,20,1,10.01,1,2025-06-06 10:00:00
2025-06-06,11:00:00,18.44,1,13.43,1,3,1,8.16,1,20,1,9.88,1,2025-06-06 11:00:00
2025-06-06,12:00:00,7.33,1,14,1,3,1,8.18,1,20,1,8.41,1,2025-06-06 12:00:00
2025-06-06,13:00:00,50.17,1,132.73,1,28.03,1,77.28,1,20,1,7.23,1,2025-06-06 13:00:00
2025-06-06,14:00:00,14.46,1,9.51,1,3,1,8.31,1,20,1,6.37,1,2025-06-06 14:00:00
2025-06-06,15:00:00,13.26,1,16.51,1,3.54,1,9.24,1,20,1,5.73,1,2025-06-06 15:00:00
2025-06-06,16:00:00,84.74,1,196.69,1,46.74,1,127.7,1,20,1,5.41,1,2025-06-06 16:00:00
2025-06-06,17:00:00,17.08,1,9.11,1,3,1,8.16,1,20,1,3.65,1,2025-06-06 17:00:00
2025-06-06,18:00:00,33.1,1,13.27,1,3,1,8.04,1,20,1,2.48,1,2025-06-06 18:00:00
2025-06-06,19:00:00,30.51,1,29.31,1,6.97,1,20.44,1,20,1,2.35,1,2025-06-06 19:00:00
2025-06-06,20:00:00,23.07,1,10.37,1,3,1,9.13,1,20,1,2.27,1,2025-06-06 20:00:00
2025-06-06,21:00:00,29.42,1,13,1,3,1,7.71,1,20,1,2.28,1,2025-06-06 21:00:00
2025-06-06,22:00:00,30.26,1,9.77,1,3.05,1,7.57,1,20,1,2.61,1,2025-06-06 22:00:00
2025-06-06,23:00:00,40.27,1,13,1,3,1,7.45,1,20,1,3.18,1,2025-06-06 23:00:00
2025-06-07,0:00:00,41.08,1,12.62,1,3,1,7.15,1,20,1,4.42,1,2025-06-07 0:00:00
2025-06-07,1:00:00,44.67,1,8.3,1,3,1,7.2,1,20,1,4.11,1,2025-06-07 1:00:00
2025-06-07,2:00:00,44.93,1,13,1,3,1,8.52,1,20,1,4.68,1,2025-06-07 2:00:00
2025-06-07,3:00:00,17.72,1,13,1,3,1,8.32,1,20,1,4.01,1,2025-06-07 3:00:00
2025-06-07,4:00:00,35.21,1,13,1,3,1,7.81,1,20,1,4.35,1,2025-06-07 4:00:00
2025-06-07,5:00:00,36.17,1,13,1,3,1,6.12,1,20,1,4.49,1,2025-06-07 5:00:00
2025-06-07,6:00:00,14.84,1,13,1,3,1,6.39,1,20,1,8.19,1,2025-06-07 6:00:00
2025-06-07,7:00:00,14.87,1,13,1,3,1,6.42,1,20,1,4.51,1,2025-06-07 7:00:00
2025-06-07,8:00:00,6.55,1,13,1,3,1,6.3,1,20,1,2.31,1,2025-06-07 8:00:00
2025-06-07,9:00:00,14.71,1,13,1,3,1,6.67,1,20,1,4.61,1,2025-06-07 9:00:00
2025-06-07,10:00:00,7.54,1,13,1,3,1,7.07,1,20,1,7.7,1,2025-06-07 10:00:00
2025-06-07,11:00:00,14.59,1,13,1,3,1,6.94,1,20,1,7.94,1,2025-06-07 11:00:00
2025-06-07,12:00:00,23.49,1,69.08,1,14.79,1,37.22,1,20,1,9.09,1,2025-06-07 12:00:00
2025-06-07,13:00:00,33.77,1,83.31,1,17.79,1,45,1,20,1,7.88,1,2025-06-07 13:00:00
2025-06-07,14:00:00,21.11,1,48.58,1,10.44,1,25.35,1,20,1,4.87,1,2025-06-07 14:00:00
2025-06-07,15:00:00,4.31,1,13,1,3,1,7.08,1,20,1,2.98,1,2025-06-07 15:00:00
2025-06-07,16:00:00,3.86,1,13,1,3.01,1,6.88,1,20,1,2.58,1,2025-06-07 16:00:00
2025-06-07,17:00:00,2.58,1,13,1,3,1,7.06,1,20,1,3.58,1,2025-06-07 17:00:00
2025-06-07,18:00:00,2,1,13,1,3,1,6.32,1,20,1,2.76,1,2025-06-07 18:00:00
2025-06-07,19:00:00,2,1,13,1,3,1,6.69,1,20,1,2.06,1,2025-06-07 19:00:00
2025-06-07,20:00:00,2.01,1,13,1,3,1,6.67,1,20,1,2.05,1,2025-06-07 20:00:00
2025-06-07,21:00:00,2,1,13,1,3,1,6.08,1,20,1,2.05,1,2025-06-07 21:00:00
2025-06-07,22:00:00,2,1,13,1,3,1,5.88,1,20,1,2.07,1,2025-06-07 22:00:00
2025-06-07,23:00:00,2,1,13,1,3,1,6.79,1,20,1,2.87,1,2025-06-07 23:00:00
2025-06-08,0:00:00,2.14,1,5.86,1,3.18,1,6.3,1,20,1,3.12,1,2025-06-08 0:00:00
2025-06-08,1:00:00,2,1,13,1,3,1,5.96,1,20,1,4.22,1,2025-06-08 1:00:00
2025-06-08,2:00:00,2.01,1,13,1,3,1,5.73,1,20,1,4.18,1,2025-06-08 2:00:00
2025-06-08,3:00:00,2,1,13,1,3,1,6,1,20,1,4.07,1,2025-06-08 3:00:00
2025-06-08,4:00:00,2,1,13,1,3,1,6.07,1,20,1,4.05,1,2025-06-08 4:00:00
2025-06-08,5:00:00,2.01,1,13,1,3,1,6.5,1,20,1,4.48,1,2025-06-08 5:00:00
2025-06-08,6:00:00,2,1,13,1,3,1,6.76,1,20,1,5.1,1,2025-06-08 6:00:00
2025-06-08,7:00:00,2,1,13,1,3,1,6.65,1,20,1,4.09,1,2025-06-08 7:00:00
2025-06-08,8:00:00,2,1,13,1,3,1,6.64,1,20,1,5.56,1,2025-06-08 8:00:00
2025-06-08,9:00:00,2,1,13,1,3,1,6.49,1,20,1,5.45,1,2025-06-08 9:00:00
2025-06-08,10:00:00,2,1,13,1,3,1,6.89,1,20,1,8.58,1,2025-06-08 10:00:00
2025-06-08,11:00:00,2.63,1,17.33,1,3.91,1,8.97,1,20,1,11.13,1,2025-06-08 11:00:00
2025-06-08,12:00:00,35.74,1,238.2,1,50.28,1,118.43,1,20,1,11.94,1,2025-06-08 12:00:00
2025-06-08,13:00:00,17.11,1,47.39,1,21.7,1,53.91,1,20,1,9.07,1,2025-06-08 13:00:00
2025-06-08,14:00:00,4.1,1,24.88,1,5.5,1,13.29,1,20,1,7.39,1,2025-06-08 14:00:00
2025-06-08,15:00:00,25.9,1,149.8,1,32.38,1,82.56,1,20,1,7.39,1,2025-06-08 15:00:00
2025-06-08,16:00:00,2,1,13,1,3,1,6.68,1,20,1,3.36,1,2025-06-08 16:00:00
2025-06-08,17:00:00,26.32,1,160.36,1,33.94,1,85.37,1,20,1,2.02,1,2025-06-08 17:00:00
2025-06-08,18:00:00,9.5,1,45.43,1,12.19,1,31.08,1,20,1,2.02,1,2025-06-08 18:00:00
2025-06-08,19:00:00,2.48,1,13,1,3,1,6.62,1,20,1,2.01,1,2025-06-08 19:00:00
2025-06-08,20:00:00,2.14,1,13,1,3,1,7.32,1,20,1,2,1,2025-06-08 20:00:00
2025-06-08,21:00:00,4.25,1,12.87,1,3,1,6.97,1,20,1,2.13,1,2025-06-08 21:00:00
2025-06-08,22:00:00,2.22,1,12.68,1,3,1,7.4,1,20,1,3.6,1,2025-06-08 22:00:00
2025-06-08,23:00:00,2,1,12.68,1,3,1,7.73,1,20,1,2.49,1,2025-06-08 23:00:00
2025-06-09,0:00:00,2.02,1,12.71,1,3,1,6.94,1,20,1,3.25,1,2025-06-09 0:00:00
2025-06-09,1:00:00,2.21,1,12.75,1,3,1,8,1,20,1,5.13,1,2025-06-09 1:00:00
2025-06-09,2:00:00,2,1,12.86,1,3,1,8.27,1,20,1,2.87,1,2025-06-09 2:00:00
2025-06-09,3:00:00,2.08,1,12.95,1,3,1,6.86,1,20,1,1.97,1,2025-06-09 3:00:00
2025-06-09,4:00:00,3.72,1,12.67,1,3,1,6.02,1,20,1,1.72,1,2025-06-09 4:00:00
2025-06-09,5:00:00,2.63,1,12.19,1,3,1,5.77,1,20,1,1.77,1,2025-06-09 5:00:00
2025-06-09,6:00:00,2.6,1,12.12,1,3,1,6.42,1,20,1,3.36,1,2025-06-09 6:00:00
2025-06-09,7:00:00,2.87,1,12.19,1,3,1,7.07,1,20,1,5.59,1,2025-06-09 7:00:00
2025-06-09,8:00:00,4.2,1,12.39,1,3,1,6.73,1,20,1,7.04,1,2025-06-09 8:00:00
2025-06-09,9:00:00,4.43,1,6.28,1,2.45,1,5.45,1,9.83,1,4,1,2025-06-09 9:00:00
2025-06-09,10:00:00,1,1,1,1,2,1,4,1,0.36,1,1.22,1,2025-06-09 10:00:00
2025-06-09,11:00:00,1,1,1,1,2,1,4,1,0.45,1,1.36,1,2025-06-09 11:00:00
2025-06-09,12:00:00,1,1,1,1,2,1,4,1,0.63,1,0,1,2025-06-09 12:00:00
2025-06-09,13:00:00,1,1,1,1,2,1,4,1,1.08,1,0.81,1,2025-06-09 13:00:00
2025-06-09,14:00:00,1,1,1,1,2,1,4,1,1.53,1,0.81,1,2025-06-09 14:00:00
2025-06-09,15:00:00,1,1,1,1,2,1,4,1,0.62,1,0.82,1,2025-06-09 15:00:00
2025-06-09,16:00:00,1,1,1,1,2,1,4,1,0.54,1,0.54,1,2025-06-09 16:00:00
2025-06-09,17:00:00,1,1,1,1,2,1,4,1,0.27,1,1.35,1,2025-06-09 17:00:00
2025-06-09,18:00:00,1,1,1,1,2,1,4,1,0.73,1,0.81,1,2025-06-09 18:00:00
2025-06-09,19:00:00,1,1,1,1,2,1,4,1,0.81,1,1.36,1,2025-06-09 19:00:00
2025-06-09,20:00:00,1,1,1,1,2,1,4,1,0.63,1,0.41,1,2025-06-09 20:00:00
2025-06-09,21:00:00,1,1,1,1,2,1,4,1,0.98,1,0.41,1,2025-06-09 21:00:00
2025-06-09,22:00:00,1,1,1,1,2,1,4,1,0.37,1,2.04,1,2025-06-09 22:00:00
2025-06-09,23:00:00,1,1,1,1,2,1,4,1,0.27,1,0.94,1,2025-06-09 23:00:00
2025-06-10,0:00:00,1,1,1,1,2,1,4,1,0.91,1,1.22,1,2025-06-10 0:00:00
2025-06-10,1:00:00,1,1,1,1,2,1,4,1,0,1,0.54,1,2025-06-10 1:00:00
2025-06-10,2:00:00,1,1,1,1,2,1,4,1,0.27,1,0,1,2025-06-10 2:00:00
2025-06-10,3:00:00,1,1,1,1,2,1,4,1,0.64,1,0.82,1,2025-06-10 3:00:00
2025-06-10,4:00:00,1,1,1,1,2,1,4,1,0.27,1,0.41,1,2025-06-10 4:00:00
2025-06-10,5:00:00,1,1,1,1,2,1,4,1,0.54,1,0.53,1,2025-06-10 5:00:00
2025-06-10,6:00:00,1,1,1,1,2,1,4,1,0.54,1,1.22,1,2025-06-10 6:00:00
2025-06-10,7:00:00,1,1,1,1,2,1,4,1,0,1,0.41,1,2025-06-10 7:00:00
2025-06-10,8:00:00,1,1,1,1,2,1,4,1,0.8,1,0.41,1,2025-06-10 8:00:00
2025-06-10,9:00:00,1,1,1,1,2,1,4,1,0.36,1,1.61,1,2025-06-10 9:00:00
2025-06-10,10:00:00,1,1,1,1,2,1,4,1,0.54,1,1.35,1,2025-06-10 10:00:00
2025-06-10,11:00:00,1,1,1.09,1,2.1,1,6.56,1,3.37,1,1.27,1,2025-06-10 11:00:00
2025-06-10,12:00:00,1,1,1,1,2,1,4,1,0.89,1,1.34,1,2025-06-10 12:00:00
2025-06-10,13:00:00,1,1,1,1,2,1,4,1,0,1,1.22,1,2025-06-10 13:00:00
2025-06-10,14:00:00,1.3,1,30.58,1,58.06,1,76.39,1,14.84,1,0.94,1,2025-06-10 14:00:00
2025-06-10,15:00:00,1.21,1,118.45,1,140.09,1,175.68,1,4.57,1,3.53,1,2025-06-10 15:00:00
2025-06-10,16:00:00,1,1,1,1,2,1,4,1,0.45,1,1.09,1,2025-06-10 16:00:00
2025-06-10,17:00:00,1,1,1,1,2,1,4,1,0.63,1,0.54,1,2025-06-10 17:00:00
2025-06-10,18:00:00,1,1,1,1,2,1,4,1,0.45,1,0.82,1,2025-06-10 18:00:00
2025-06-10,19:00:00,1,1,1,1,2,1,4,1,1.71,1,0,1,2025-06-10 19:00:00
2025-06-10,20:00:00,1,1,1,1,2,1,4,1,0.44,1,0.53,1,2025-06-10 20:00:00
2025-06-10,21:00:00,1,1,1,1,2,1,4,1,0.81,1,1.08,1,2025-06-10 21:00:00
2025-06-10,22:00:00,1,1,1,1,2,1,4,1,0.54,1,0.54,1,2025-06-10 22:00:00
2025-06-10,23:00:00,1,1,1,1,2,1,4,1,0,1,0.94,1,2025-06-10 23:00:00
2025-06-11,0:00:00,1,1,1,1,2,1,4,1,0.53,1,1.34,1,2025-06-11 0:00:00
2025-06-11,1:00:00,1,1,1,1,2,1,4,1,0.27,1,0,1,2025-06-11 1:00:00
2025-06-11,2:00:00,1,1,1,1,2,1,4,1,0.72,1,0.53,1,2025-06-11 2:00:00
2025-06-11,3:00:00,1,1,1,1,2,1,4,1,0.53,1,0.8,1,2025-06-11 3:00:00
2025-06-11,4:00:00,1,1,1,1,2,1,4,1,0.63,1,0.53,1,2025-06-11 4:00:00
2025-06-11,5:00:00,1,1,1,1,2,1,4,1,0.53,1,0.41,1,2025-06-11 5:00:00
2025-06-11,6:00:00,1,1,1,1,2,1,4,1,0.09,1,0.27,1,2025-06-11 6:00:00
2025-06-11,7:00:00,1,1,1,1,2,1,4,1,0,1,0.13,1,2025-06-11 7:00:00
2025-06-11,8:00:00,1,1,1,1,2,1,4,1,1.96,1,1.34,1,2025-06-11 8:00:00
2025-06-11,9:00:00,1,1,1,1,2,1,4,1,0.81,1,0.4,1,2025-06-11 9:00:00
2025-06-11,10:00:00,1,1,1,1,2,1,4,1,0,1,2.14,1,2025-06-11 10:00:00
2025-06-11,11:00:00,1,1,1,1,2,1,4,1,0.36,1,0.67,1,2025-06-11 11:00:00
2025-06-11,12:00:00,1,1,1,1,2,1,4,1,0.09,1,1.22,1,2025-06-11 12:00:00
2025-06-11,13:00:00,1,1,1,1,2,1,4,1,0.54,1,1.5,1,2025-06-11 13:00:00
2025-06-11,14:00:00,1,1,1,1,2,1,4,1,0.27,1,0.27,1,2025-06-11 14:00:00
2025-06-11,15:00:00,1,1,1,1,2,1,4,1,1.45,1,0.13,1,2025-06-11 15:00:00
2025-06-11,16:00:00,1,1,1,1,2,1,4,1,0,1,1.21,1,2025-06-11 16:00:00
2025-06-11,17:00:00,1,1,1,1,2,1,4,1,0.44,1,0.27,1,2025-06-11 17:00:00
2025-06-11,18:00:00,1,1,1,1,2,1,4,1,1.35,1,0.41,1,2025-06-11 18:00:00
2025-06-11,19:00:00,1,1,1,1,2,1,4,1,0.56,1,1.63,1,2025-06-11 19:00:00
2025-06-11,20:00:00,1,1,1,1,2,1,4,1,1.26,1,0.14,1,2025-06-11 20:00:00
2025-06-11,21:00:00,1,1,1,1,2,1,4,1,0.36,1,1.36,1,2025-06-11 21:00:00
2025-06-11,22:00:00,1,1,1,1,2,1,4,1,0.54,1,0.53,1,2025-06-11 22:00:00
2025-06-11,23:00:00,1,1,1,1,2,1,4,1,0.63,1,0.54,1,2025-06-11 23:00:00
2025-06-12,0:00:00,1,1,1,1,2,1,4,1,0.54,1,0.41,1,2025-06-12 0:00:00
2025-06-12,1:00:00,1,1,1,1,2,1,4,1,0.27,1,0.41,1,2025-06-12 1:00:00
2025-06-12,2:00:00,1,1,1,1,2,1,4,1,0.18,1,0.27,1,2025-06-12 2:00:00
2025-06-12,3:00:00,1,1,1,1,2,1,4,1,0.09,1,0.96,1,2025-06-12 3:00:00
2025-06-12,4:00:00,1,1,1,1,2,1,4,1,0.63,1,0,1,2025-06-12 4:00:00
2025-06-12,5:00:00,1,1,1,1,2,1,4,1,0.27,1,0.69,1,2025-06-12 5:00:00
2025-06-12,6:00:00,1,1,1,1,2,1,4,1,0.53,1,0.4,1,2025-06-12 6:00:00
2025-06-12,7:00:00,1,1,1,1,2,1,4,1,0.91,1,0,1,2025-06-12 7:00:00
2025-06-12,8:00:00,1,1,1,1,2,1,4,1,0.71,1,0.94,1,2025-06-12 8:00:00
2025-06-12,9:00:00,1,1,1,1,2,1,4,1,1.27,1,1.35,1,2025-06-12 9:00:00
2025-06-12,10:00:00,1,1,1,1,2,1,4,1,1.18,1,0.53,1,2025-06-12 10:00:00
2025-06-12,11:00:00,1,1,1,1,2,1,4,1,0.45,1,1.22,1,2025-06-12 11:00:00
2025-06-12,12:00:00,1,1,1,1,2,1,4,1,0.73,1,0.94,1,2025-06-12 12:00:00
2025-06-12,13:00:00,1,1,1,1,2,1,4,1,0.72,1,0.53,1,2025-06-12 13:00:00
2025-06-12,14:00:00,1,1,1,1,2,1,4,1,0.28,1,1.22,1,2025-06-12 14:00:00
2025-06-12,15:00:00,1,1,1,1,2,1,4,1,0.35,1,0.14,1,2025-06-12 15:00:00
2025-06-12,16:00:00,1,1,1,1,2,1,4,1,0.55,1,0.95,1,2025-06-12 16:00:00
2025-06-12,17:00:00,1,1,1,1,2,1,4,1,0.54,1,0.13,1,2025-06-12 17:00:00
2025-06-12,18:00:00,1,1,1,1,2,1,4,1,0.54,1,0.27,1,2025-06-12 18:00:00
2025-06-12,19:00:00,1,1,1,1,2,1,4,1,0.72,1,1.77,1,2025-06-12 19:00:00
2025-06-12,20:00:00,1,1,1,1,2,1,4,1,1,1,0.4,1,2025-06-12 20:00:00
2025-06-12,21:00:00,1,1,1,1,2,1,4,1,1.79,1,0.81,1,2025-06-12 21:00:00
2025-06-12,22:00:00,1,1,1,1,2,1,4,1,0.55,1,0,1,2025-06-12 22:00:00
2025-06-12,23:00:00,1,1,1,1,2,1,4,1,0.89,1,1.89,1,2025-06-12 23:00:00
2025-06-13,0:00:00,1,1,1,1,2,1,4,1,0.36,1,1.62,1,2025-06-13 0:00:00
2025-06-13,1:00:00,1,1,1,1,2,1,4,1,0.36,1,1.09,1,2025-06-13 1:00:00
2025-06-13,2:00:00,1,1,1,1,2,1,4,1,0.36,1,0,1,2025-06-13 2:00:00
2025-06-13,3:00:00,1,1,1,1,2,1,4,1,0.63,1,1.09,1,2025-06-13 3:00:00
2025-06-13,4:00:00,1,1,1,1,2,1,4,1,1.27,1,1.62,1,2025-06-13 4:00:00
2025-06-13,5:00:00,1,1,1,1,2,1,4,1,0.27,1,0.53,1,2025-06-13 5:00:00
2025-06-13,6:00:00,1,1,1,1,2,1,4,1,0.9,1,1.77,1,2025-06-13 6:00:00
2025-06-13,7:00:00,1,1,1,1,2,1,4,1,0.54,1,0.81,1,2025-06-13 7:00:00
2025-06-13,8:00:00,1,1,1,1,2,1,4,1,0,1,1.21,1,2025-06-13 8:00:00
2025-06-13,9:00:00,1,1,1,1,2,1,4,1,0.09,1,1.77,1,2025-06-13 9:00:00
2025-06-13,10:00:00,1,1,1,1,2,1,4,1,0.36,1,0,1,2025-06-13 10:00:00
2025-06-13,11:00:00,1,1,1,1,2,1,4,1,0.09,1,1.37,1,2025-06-13 11:00:00
2025-06-13,12:00:00,1,1,1,1,2,1,4,1,0,1,0.13,1,2025-06-13 12:00:00
2025-06-13,13:00:00,1,1,1,1,2,1,4,1,0.63,1,0.55,1,2025-06-13 13:00:00
2025-06-13,14:00:00,1,1,1,1,2,1,4,1,0.54,1,2.15,1,2025-06-13 14:00:00
2025-06-13,15:00:00,1,1,1,1,2,1,4,1,0.27,1,1.09,1,2025-06-13 15:00:00
2025-06-13,16:00:00,1,1,1,1,2,1,4,1,0.9,1,1.89,1,2025-06-13 16:00:00
2025-06-13,17:00:00,1,1,1,1,2,1,4,1,0.45,1,0.41,1,2025-06-13 17:00:00
2025-06-13,18:00:00,1,1,1,1,2,1,4,1,0.27,1,0,1,2025-06-13 18:00:00
2025-06-13,19:00:00,1,1,1,1,2,1,4,1,1.36,1,0,1,2025-06-13 19:00:00
2025-06-13,20:00:00,1,1,1,1,2,1,4,1,0.18,1,0,1,2025-06-13 20:00:00
2025-06-13,21:00:00,1,1,1,1,2,1,4,1,0,1,0.41,1,2025-06-13 21:00:00
2025-06-13,22:00:00,1,1,1,1,2,1,4,1,0.63,1,1.5,1,2025-06-13 22:00:00
2025-06-13,23:00:00,1,1,1,1,2,1,4,1,0.45,1,0,1,2025-06-13 23:00:00
2025-06-14,0:00:00,1,1,1,1,2,1,4,1,0.72,1,0.68,1,2025-06-14 0:00:00
2025-06-14,1:00:00,1,1,1,1,2,1,4,1,1.17,1,0.4,1,2025-06-14 1:00:00
2025-06-14,2:00:00,1,1,1,1,2,1,4,1,0.18,1,1.22,1,2025-06-14 2:00:00
2025-06-14,3:00:00,1,1,1,1,2,1,4,1,0.27,1,0.53,1,2025-06-14 3:00:00
2025-06-14,4:00:00,1,1,1,1,2,1,4,1,0,1,1.75,1,2025-06-14 4:00:00
2025-06-14,5:00:00,1,1,1,1,2,1,4,1,0.63,1,0,1,2025-06-14 5:00:00
2025-06-14,6:00:00,1,1,1,1,2,1,4,1,0.36,1,0.28,1,2025-06-14 6:00:00
2025-06-14,7:00:00,1,1,1,1,2,1,4,1,0.73,1,1.9,1,2025-06-14 7:00:00
2025-06-14,8:00:00,1,1,1,1,2,1,4,1,0.9,1,0.82,1,2025-06-14 8:00:00
2025-06-14,9:00:00,1,1,1,1,2,1,4,1,0.63,1,0,1,2025-06-14 9:00:00
2025-06-14,10:00:00,1,1,1,1,2,1,4,1,0.54,1,0.94,1,2025-06-14 10:00:00
2025-06-14,11:00:00,1,1,1,1,2,1,4,1,0.36,1,0.95,1,2025-06-14 11:00:00
2025-06-14,12:00:00,1,1,1,1,2,1,4,1,0.36,1,0.68,1,2025-06-14 12:00:00
2025-06-14,13:00:00,1,1,1,1,2,1,4,1,0.64,1,0.96,1,2025-06-14 13:00:00
2025-06-14,14:00:00,1,1,1,1,2,1,4,1,0.35,1,2.71,1,2025-06-14 14:00:00
2025-06-14,15:00:00,1,1,1,1,2,1,4,1,1.18,1,0.94,1,2025-06-14 15:00:00
2025-06-14,16:00:00,1,1,1,1,2,1,4,1,1,1,0.67,1,2025-06-14 16:00:00
2025-06-14,17:00:00,1,1,1,1,2,1,4,1,0.27,1,0.69,1,2025-06-14 17:00:00
2025-06-14,18:00:00,1,1,1,1,2,1,4,1,1.7,1,0,1,2025-06-14 18:00:00
2025-06-14,19:00:00,1,1,1,1,2,1,4,1,0.72,1,0,1,2025-06-14 19:00:00
2025-06-14,20:00:00,1,1,1,1,2,1,4,1,0.36,1,0.14,1,2025-06-14 20:00:00
2025-06-14,21:00:00,1,1,1,1,2,1,4,1,0.45,1,0.68,1,2025-06-14 21:00:00
2025-06-14,22:00:00,1,1,1,1,2,1,4,1,0.99,1,0.4,1,2025-06-14 22:00:00
2025-06-14,23:00:00,1,1,1,1,2,1,4,1,0.71,1,0,1,2025-06-14 23:00:00
2025-06-15,0:00:00,1,1,1,1,2,1,4,1,0.63,1,0.13,1,2025-06-15 0:00:00
2025-06-15,1:00:00,1,1,1,1,2,1,4,1,0.81,1,0.54,1,2025-06-15 1:00:00
2025-06-15,2:00:00,1,1,1,1,2,1,4,1,1.26,1,1.21,1,2025-06-15 2:00:00
2025-06-15,3:00:00,1,1,1,1,2,1,4,1,0.36,1,0,1,2025-06-15 3:00:00
2025-06-15,4:00:00,1,1,1,1,2,1,4,1,0.63,1,0,1,2025-06-15 4:00:00
2025-06-15,5:00:00,1,1,1,1,2,1,4,1,0.54,1,1.09,1,2025-06-15 5:00:00
2025-06-15,6:00:00,1,1,1,1,2,1,4,1,0.09,1,0.67,1,2025-06-15 6:00:00
2025-06-15,7:00:00,1,1,1,1,2,1,4,1,0.27,1,1.08,1,2025-06-15 7:00:00
2025-06-15,8:00:00,1,1,1,1,2,1,4,1,0.27,1,1.09,1,2025-06-15 8:00:00
2025-06-15,9:00:00,1,1,1,1,2,1,4,1,0.36,1,0.41,1,2025-06-15 9:00:00
2025-06-15,10:00:00,1,1,1,1,2,1,4,1,0.09,1,1.62,1,2025-06-15 10:00:00
2025-06-15,11:00:00,1,1,1,1,2,1,4,1,0.18,1,0.27,1,2025-06-15 11:00:00
2025-06-15,12:00:00,1,1,1,1,2,1,4,1,0,1,0,1,2025-06-15 12:00:00
2025-06-15,13:00:00,1,1,1,1,2,1,4,1,0,1,1.48,1,2025-06-15 13:00:00
2025-06-15,14:00:00,1,1,1,1,2,1,4,1,0.09,1,0.68,1,2025-06-15 14:00:00
2025-06-15,15:00:00,1,1,1,1,2,1,4,1,1.09,1,0.41,1,2025-06-15 15:00:00
2025-06-15,16:00:00,1,1,1,1,2,1,4,1,0.18,1,0.54,1,2025-06-15 16:00:00
2025-06-15,17:00:00,1,1,1,1,2,1,4,1,0.46,1,1.64,1,2025-06-15 17:00:00
2025-06-15,18:00:00,1,1,1,1,2,1,4,1,0.54,1,0,1,2025-06-15 18:00:00
2025-06-15,19:00:00,1,1,1,1,2,1,4,1,0.37,1,0.53,1,2025-06-15 19:00:00
2025-06-15,20:00:00,1,1,1,1,2,1,4,1,0.09,1,1.11,1,2025-06-15 20:00:00
2025-06-15,21:00:00,1,1,1,1,2,1,4,1,0,1,0.54,1,2025-06-15 21:00:00
2025-06-15,22:00:00,1,1,1,1,2,1,4,1,0.64,1,0.53,1,2025-06-15 22:00:00
2025-06-15,23:00:00,1,1,1,1,2,1,4,1,0.81,1,0.41,1,2025-06-15 23:00:00
2025-06-16,0:00:00,1,1,1,1,2,1,4,1,0.37,1,1.5,1,2025-06-16 0:00:00
2025-06-16,1:00:00,1,1,1,1,2,1,4,1,0.36,1,0.83,1,2025-06-16 1:00:00
2025-06-16,2:00:00,1,1,1,1,2,1,4,1,0.18,1,0.41,1,2025-06-16 2:00:00
2025-06-16,3:00:00,1,1,1,1,2,1,4,1,0.27,1,0.41,1,2025-06-16 3:00:00
2025-06-16,4:00:00,1,1,1,1,2,1,4,1,0.28,1,2.19,1,2025-06-16 4:00:00
2025-06-16,5:00:00,1,1,1,1,2,1,4,1,0.36,1,0.95,1,2025-06-16 5:00:00
2025-06-16,6:00:00,1,1,1,1,2,1,4,1,0.91,1,2.19,1,2025-06-16 6:00:00
2025-06-16,7:00:00,1,1,1,1,2,1,4,1,0.18,1,0.55,1,2025-06-16 7:00:00
2025-06-16,8:00:00,1,1,1,1,2,1,4,1,1.26,1,0.55,1,2025-06-16 8:00:00
2025-06-16,9:00:00,1,1,1,1,2,1,4,1,0.09,1,0.27,1,2025-06-16 9:00:00
2025-06-16,10:00:00,1,1,1,1,2,1,4,1,0.27,1,0.55,1,2025-06-16 10:00:00
2025-06-16,11:00:00,1,1,1,1,2,1,4,1,0,1,0.82,1,2025-06-16 11:00:00
2025-06-16,12:00:00,1,1,1,1,2,1,4,1,0,1,0.14,1,2025-06-16 12:00:00
2025-06-16,13:00:00,1,1,1,1,2,1,4,1,0.91,1,1.51,1,2025-06-16 13:00:00
2025-06-16,14:00:00,2.62,1,1.73,1,3.51,1,10.25,1,1.07,1,0.25,1,2025-06-16 14:00:00
2025-06-16,15:00:00,78.57,1,89.49,1,13.28,1,97.99,1,16.86,1,7.47,1,2025-06-16 15:00:00
2025-06-16,16:00:00,79.87,1,111.39,1,19.5,1,52.49,1,15.13,1,7.74,1,2025-06-16 16:00:00
2025-06-16,17:00:00,78.48,1,61.27,1,38.02,1,42.91,1,14,1,5.49,1,2025-06-16 17:00:00
2025-06-16,18:00:00,92.58,1,55.74,1,37.7,1,45.38,1,14,1,3.15,1,2025-06-16 18:00:00
2025-06-16,19:00:00,103.28,1,54.72,1,37.71,1,39.51,1,14,1,2.03,1,2025-06-16 19:00:00
2025-06-16,20:00:00,105,1,52.98,1,37.16,1,31.76,1,14,1,2.02,1,2025-06-16 20:00:00
2025-06-16,21:00:00,105,1,49.54,1,33.44,1,28.9,1,13.06,1,2.01,1,2025-06-16 21:00:00
2025-06-16,22:00:00,105,1,47.87,1,40.98,1,142.46,1,12.62,1,2.01,1,2025-06-16 22:00:00
2025-06-16,23:00:00,105,1,42.43,1,110.4,1,51.35,1,11.89,1,2.04,1,2025-06-16 23:00:00
2025-06-17,0:00:00,105,1,42.91,1,116.36,1,26.2,1,11,1,2.03,1,2025-06-17 0:00:00
2025-06-17,1:00:00,105,1,45.14,1,133.17,1,27.17,1,11.71,1,2.03,1,2025-06-17 1:00:00
2025-06-17,2:00:00,105,1,44.4,1,135.85,1,24.84,1,11.52,1,2.04,1,2025-06-17 2:00:00
2025-06-17,3:00:00,105,1,52.42,1,139.19,1,28.3,1,12.75,1,2.04,1,2025-06-17 3:00:00
2025-06-17,4:00:00,105,1,54.65,1,140.29,1,29.52,1,13,1,2.03,1,2025-06-17 4:00:00
2025-06-17,5:00:00,105,1,53.98,1,149.66,1,29.37,1,13,1,2.03,1,2025-06-17 5:00:00
2025-06-17,6:00:00,25.51,1,55.29,1,189.89,1,30.07,1,13.15,1,2.05,1,2025-06-17 6:00:00
2025-06-17,7:00:00,26.58,1,54.67,1,196.67,1,29.65,1,13,1,2.77,1,2025-06-17 7:00:00
2025-06-17,8:00:00,59.25,1,53.94,1,180.2,1,41.36,1,13,1,6.42,1,2025-06-17 8:00:00
2025-06-17,9:00:00,80.57,1,54.72,1,177.34,1,40.19,1,13,1,8.95,1,2025-06-17 9:00:00
2025-06-17,10:00:00,81.15,1,55.82,1,211.36,1,43.51,1,13,1,10.14,1,2025-06-17 10:00:00
2025-06-17,11:00:00,64.72,1,56.2,1,217.38,1,43.5,1,13.22,1,11.44,1,2025-06-17 11:00:00
2025-06-17,12:00:00,78.97,1,65.2,1,228.54,1,51.25,1,14.17,1,10.3,1,2025-06-17 12:00:00
2025-06-17,13:00:00,59.3,56.01,48.64,46.61,302.36,294.96,702.58,701.09,9.85,9.44,9.22,227.83,2025-06-17 13:00:00
2025-06-17,14:00:00,18.62,18.62,51.89,51.89,275.66,275.66,737.18,737.18,9.55,9.55,11.51,293.57,2025-06-17 14:00:00
2025-06-17,15:00:00,14,14,52.88,52.88,305.34,305.34,1287.13,1287.13,8.76,8.76,16.42,418.6,2025-06-17 15:00:00
2025-06-17,16:00:00,17.26,17.26,54.28,54.28,406.04,406.04,1419.73,1419.73,8.01,8.01,18,459,2025-06-17 16:00:00
2025-06-17,17:00:00,39.15,39.15,56.08,56.08,451.2,451.2,1166.34,1166.34,8.16,8.16,17.44,444.72,2025-06-17 17:00:00
2025-06-17,18:00:00,22.78,22.78,52.12,52.12,322.31,322.31,1683.34,1683.34,7.25,7.25,15.36,391.71,2025-06-17 18:00:00
2025-06-17,19:00:00,16.41,16.41,53.72,53.72,289.03,289.03,1554.05,1554.05,7.73,7.73,2.81,71.67,2025-06-17 19:00:00
2025-06-17,20:00:00,30.84,30.84,61.73,61.73,271.6,271.6,1331.69,1331.69,9.18,9.18,2,51.03,2025-06-17 20:00:00
2025-06-17,21:00:00,15.42,15.42,67.21,67.21,268.31,268.31,1230,1230,9.09,9.09,3.01,76.78,2025-06-17 21:00:00
2025-06-17,22:00:00,13.24,13.24,60.78,60.78,293.55,293.55,1320.98,1320.98,8.43,8.43,6.44,164.18,2025-06-17 22:00:00
2025-06-17,23:00:00,15.3,15.3,64.52,64.52,278.9,278.9,1541.35,1541.35,9.03,9.03,7.46,190.34,2025-06-17 23:00:00
2025-06-18,0:00:00,16.32,16.32,72.42,72.42,253.15,253.15,1490.5,1490.5,9,9,10.73,273.69,2025-06-18 0:00:00
2025-06-18,1:00:00,16.84,16.84,66.01,66.01,256.4,256.4,1294.1,1294.1,9,9,2,51.04,2025-06-18 1:00:00
2025-06-18,2:00:00,16.02,16.02,68.27,68.27,262.47,262.47,1073.28,1073.28,9,9,2,51.07,2025-06-18 2:00:00
2025-06-18,3:00:00,15.49,15.49,70.21,70.21,261.67,261.67,1067.83,1067.83,9,9,2.17,55.26,2025-06-18 3:00:00
2025-06-18,4:00:00,15.49,15.49,71.2,71.2,251.84,251.84,1157.61,1157.61,9,9,8.07,205.79,2025-06-18 4:00:00
2025-06-18,5:00:00,15.52,15.52,71.21,71.21,255.69,255.69,1251.52,1251.52,9,9,2,51.04,2025-06-18 5:00:00
2025-06-18,6:00:00,15.56,15.56,71.6,71.6,261.94,261.94,1200.22,1200.22,9,9,2.01,51.18,2025-06-18 6:00:00
2025-06-18,7:00:00,15.88,15.88,71.18,71.18,265.92,265.92,1285.91,1285.91,9,9,5.51,140.45,2025-06-18 7:00:00
2025-06-18,8:00:00,19.57,19.57,69.03,69.03,290.99,290.99,1232.03,1232.03,8.28,8.28,8.86,226,2025-06-18 8:00:00
2025-06-18,9:00:00,33.15,33.15,67.12,67.12,324.39,324.39,1286.74,1286.74,7.24,7.24,8,203.87,2025-06-18 9:00:00
2025-06-18,10:00:00,14.8,14.8,74.19,74.19,284.45,284.45,1400.35,1400.35,9.05,9.05,4.58,116.9,2025-06-18 10:00:00
2025-06-18,11:00:00,16.86,16.86,68.16,68.16,312.26,312.26,1329.27,1329.27,7.78,7.78,6.52,166.27,2025-06-18 11:00:00
2025-06-18,12:00:00,36.65,36.65,70.96,70.96,326.52,326.52,1249.73,1249.73,7.78,7.78,8.53,217.41,2025-06-18 12:00:00
2025-06-18,13:00:00,18.18,18.18,74.31,74.31,307.66,307.66,1114.34,1114.34,9,9,8.7,221.94,2025-06-18 13:00:00
2025-06-18,14:00:00,20.91,20.91,74.04,74.04,304.29,304.29,1107.55,1107.55,9,9,3.54,90.29,2025-06-18 14:00:00
2025-06-18,15:00:00,17.68,17.68,74.05,74.05,294.48,294.48,1274.83,1274.83,9,9,5.29,134.97,2025-06-18 15:00:00
2025-06-18,16:00:00,16.61,16.61,73.79,73.79,293.38,293.38,1083.37,1083.37,9,9,7.93,202.23,2025-06-18 16:00:00
2025-06-18,17:00:00,18.89,18.89,82.36,82.36,284.53,284.53,1526.72,1526.72,9.04,9.04,17.13,436.7,2025-06-18 17:00:00
2025-06-18,18:00:00,18.49,18.49,74.25,74.25,280.55,280.55,1436.08,1436.08,9,9,14.01,357.26,2025-06-18 18:00:00
2025-06-18,19:00:00,19.35,19.35,74.52,74.52,285.65,285.65,1429.3,1429.3,8.93,8.93,2.01,51.25,2025-06-18 19:00:00
2025-06-18,20:00:00,24.14,24.14,73.46,73.46,306.52,306.52,1470.64,1470.64,7.93,7.93,2.03,51.67,2025-06-18 20:00:00
2025-06-18,21:00:00,18.44,18.44,77.97,77.97,305.64,305.64,1439.94,1439.94,8.98,8.98,2.02,51.39,2025-06-18 21:00:00
2025-06-18,22:00:00,16.7,16.7,78.53,78.53,298.58,298.58,1295.18,1295.18,9,9,2.01,51.31,2025-06-18 22:00:00
2025-06-18,23:00:00,21.73,21.73,78.84,78.84,302.75,302.75,1154.89,1154.89,9,9,2.01,51.21,2025-06-18 23:00:00
2025-06-19,0:00:00,23.53,23.53,79.34,79.34,307.26,307.26,1179.59,1179.59,9,9,2.01,51.28,2025-06-19 0:00:00
2025-06-19,1:00:00,27.97,27.97,80.28,80.28,305.99,305.99,1192.42,1192.42,9.34,9.34,2.01,51.23,2025-06-19 1:00:00
2025-06-19,2:00:00,26.03,26.03,80.8,80.8,305,305,1251.73,1251.73,9.39,9.39,2.15,54.87,2025-06-19 2:00:00
2025-06-19,3:00:00,23.29,23.29,79.19,79.19,312.81,312.81,992.87,992.87,9.29,9.29,2.11,53.7,2025-06-19 3:00:00
2025-06-19,4:00:00,18.31,18.31,78.44,78.44,300.47,300.47,993.78,993.78,9,9,2.02,51.47,2025-06-19 4:00:00
2025-06-19,5:00:00,15.74,15.74,78.24,78.24,313.5,313.5,930.68,930.68,9.01,9.01,3.1,79.11,2025-06-19 5:00:00
2025-06-19,6:00:00,14.58,14.58,78.59,78.59,314.81,314.81,904.53,904.53,9.04,9.04,3.07,78.2,2025-06-19 6:00:00
2025-06-19,7:00:00,16,16,79.13,79.13,313.39,313.39,1025.54,1025.54,9.13,9.13,2.94,75.05,2025-06-19 7:00:00
2025-06-19,8:00:00,20.88,20.88,79.43,79.43,301.81,301.81,1043.07,1043.07,9.2,9.2,5.27,134.27,2025-06-19 8:00:00
2025-06-19,9:00:00,15.88,15.88,77.61,77.61,299.42,299.42,1022.86,1022.86,9.04,9.04,9.54,243.33,2025-06-19 9:00:00
2025-06-19,10:00:00,13.93,13.93,77.97,77.97,270.61,270.61,1272.82,1272.82,9.09,9.09,11.4,290.75,2025-06-19 10:00:00
2025-06-19,11:00:00,18.49,18.49,77.79,77.79,300.31,300.31,1043.69,1043.69,9,9,16.64,424.37,2025-06-19 11:00:00
2025-06-19,12:00:00,22.77,22.77,81.22,81.22,307.62,307.62,1226.78,1226.78,9,9,17.58,448.18,2025-06-19 12:00:00
2025-06-19,13:00:00,27.43,27.43,84.49,84.49,312.05,312.05,1214.69,1214.69,9,9,17.65,450.18,2025-06-19 13:00:00
2025-06-19,14:00:00,24.62,24.62,77.93,77.93,315.1,315.1,1290.32,1290.32,9,9,15.15,386.4,2025-06-19 14:00:00
2025-06-19,15:00:00,23.42,23.42,85.94,85.94,309.77,309.77,1249.63,1249.63,9,9,8.85,225.75,2025-06-19 15:00:00
2025-06-19,16:00:00,24.02,24.02,77.62,77.62,316.96,316.96,1079.64,1079.64,9,9,8.6,219.29,2025-06-19 16:00:00
2025-06-19,17:00:00,31.55,31.55,76.56,76.56,334.19,334.19,1388.05,1388.05,8.64,8.64,2.26,57.62,2025-06-19 17:00:00
2025-06-19,18:00:00,16.78,16.78,79.38,79.38,296.77,296.77,1252.32,1252.32,9.1,9.1,2.03,51.84,2025-06-19 18:00:00
2025-06-19,19:00:00,16.72,16.72,85.61,85.61,327.33,327.33,609.29,609.29,9.64,9.64,2.01,51.17,2025-06-19 19:00:00
2025-06-19,20:00:00,13.79,13.79,85.73,85.73,313.78,313.78,769.11,769.11,9.96,9.96,2.01,51.26,2025-06-19 20:00:00
2025-06-19,21:00:00,16.47,16.47,77.99,77.99,313.09,313.09,1048.19,1048.19,9.44,9.44,2.01,51.31,2025-06-19 21:00:00
2025-06-19,22:00:00,21.64,21.64,81.71,81.71,310.24,310.24,1176.14,1176.14,9.23,9.23,2.01,51.21,2025-06-19 22:00:00
2025-06-19,23:00:00,20.15,20.15,86.64,86.64,307.39,307.39,1099.89,1099.89,9.29,9.29,2.01,51.21,2025-06-19 23:00:00
2025-06-20,0:00:00,14.34,14.34,77.74,77.74,308.27,308.27,943.77,943.77,9.26,9.26,2.01,51.2,2025-06-20 0:00:00
2025-06-20,1:00:00,15.96,15.96,79.76,79.76,311.91,311.91,946.88,946.88,9.29,9.29,2.09,53.37,2025-06-20 1:00:00
2025-06-20,2:00:00,22.13,22.13,81.42,81.42,307.69,307.69,895.54,895.54,9.04,9.04,10.31,262.89,2025-06-20 2:00:00
2025-06-20,3:00:00,15.48,15.48,80.85,80.85,286.38,286.38,1019.37,1019.37,9,9,2,51.07,2025-06-20 3:00:00
2025-06-20,4:00:00,15.57,15.57,81.08,81.08,305.78,305.78,920.83,920.83,9,9,2.01,51.32,2025-06-20 4:00:00
2025-06-20,5:00:00,19.02,19.02,81.45,81.45,320.48,320.48,895.49,895.49,9.1,9.1,2,51.03,2025-06-20 5:00:00
2025-06-20,6:00:00,13.11,13.11,81.23,81.23,312.02,312.02,944.93,944.93,9.14,9.14,2.01,51.17,2025-06-20 6:00:00
2025-06-20,7:00:00,13.22,13.22,81.39,81.39,291.41,291.41,998.43,998.43,9.14,9.14,2,51.02,2025-06-20 7:00:00
2025-06-20,8:00:00,16.15,16.15,81.46,81.46,293.97,293.97,974.76,974.76,9,9,2.16,55.18,2025-06-20 8:00:00
2025-06-20,9:00:00,14,14,81.17,81.17,315.1,315.1,1282.64,1282.64,9.05,9.05,4.03,102.85,2025-06-20 9:00:00
2025-06-20,10:00:00,16.02,16.02,81.55,81.55,316.01,316.01,1197.91,1197.91,9.12,9.12,4.97,126.77,2025-06-20 10:00:00
2025-06-20,11:00:00,15.94,15.94,82.18,82.18,322.03,322.03,1361.11,1361.11,9.15,9.15,5.92,151.05,2025-06-20 11:00:00
2025-06-20,12:00:00,21.88,21.88,81.93,81.93,326.47,326.47,1005.99,1005.99,9.04,9.04,8.56,218.33,2025-06-20 12:00:00
2025-06-20,13:00:00,22.42,22.42,80.54,80.54,329.12,329.12,908.55,908.55,9.04,9.04,7.5,191.36,2025-06-20 13:00:00
2025-06-20,14:00:00,44.51,12.13,92.52,56.41,290.48,220.19,724.61,543.92,10.14,6.51,7.2,105.31,2025-06-20 14:00:00
2025-06-20,15:00:00,103.6,12.91,164.49,14.88,115.32,45.26,154.33,29.79,15.41,2.49,15.92,50.71,2025-06-20 15:00:00
2025-06-20,16:00:00,59.22,59.22,76.6,76.6,305.03,305.03,497.23,497.23,8.31,8.31,8.3,211.56,2025-06-20 16:00:00
2025-06-20,17:00:00,40.81,40.81,83.56,83.56,324.2,324.2,485.78,485.78,9.54,9.54,2,51.01,2025-06-20 17:00:00
2025-06-20,18:00:00,23.27,23.27,82.15,82.15,312.95,312.95,771.46,771.46,9.44,9.44,2.39,61.01,2025-06-20 18:00:00
2025-06-20,19:00:00,22.72,22.72,81.47,81.47,304.02,304.02,904.86,904.86,9,9,2,51.08,2025-06-20 19:00:00
2025-06-20,20:00:00,23.11,23.11,80.94,80.94,311.75,311.75,759.59,759.59,9,9,10.15,258.89,2025-06-20 20:00:00
2025-06-20,21:00:00,23,23,81.68,81.68,307,307,784.25,784.25,9,9,4.24,108.02,2025-06-20 21:00:00
2025-06-20,22:00:00,19.8,19.8,81.71,81.71,295.88,295.88,814.12,814.12,9,9,2,51.07,2025-06-20 22:00:00
2025-06-20,23:00:00,24.33,24.33,82.09,82.09,299.57,299.57,783.13,783.13,9,9,2,51.06,2025-06-20 23:00:00
2025-06-21,0:00:00,21.43,21.43,80.78,80.78,314.42,314.42,683.33,683.33,9,9,2,51.03,2025-06-21 0:00:00
2025-06-21,1:00:00,22.08,22.08,82.1,82.1,316.14,316.14,622.84,622.84,9.08,9.08,2.75,70.11,2025-06-21 1:00:00
2025-06-21,2:00:00,19.61,19.61,81.88,81.88,309.18,309.18,725.77,725.77,9.07,9.07,3.16,80.53,2025-06-21 2:00:00
2025-06-21,3:00:00,20.48,20.48,82.01,82.01,305.93,305.93,746.15,746.15,9.03,9.03,2.19,55.95,2025-06-21 3:00:00
2025-06-21,4:00:00,18.06,18.06,81.99,81.99,311.99,311.99,698.37,698.37,9.01,9.01,2.01,51.14,2025-06-21 4:00:00
2025-06-21,5:00:00,15.89,15.89,81.66,81.66,311.7,311.7,705.69,705.69,9.01,9.01,2.01,51.35,2025-06-21 5:00:00
2025-06-21,6:00:00,18.61,18.61,81.32,81.32,314.39,314.39,694.8,694.8,9,9,5.21,132.78,2025-06-21 6:00:00
2025-06-21,7:00:00,17.78,17.78,80.19,80.19,331.28,331.28,639.1,639.1,9,9,15.36,391.62,2025-06-21 7:00:00
2025-06-21,8:00:00,14.93,14.93,80.85,80.85,338.86,338.86,593.51,593.51,9,9,17.04,434.58,2025-06-21 8:00:00
2025-06-21,9:00:00,13.74,13.74,80.82,80.82,307.01,307.01,937.13,937.13,9.06,9.06,8.32,212.04,2025-06-21 9:00:00
2025-06-21,10:00:00,12.79,12.79,88.15,88.15,313,313,934.11,934.11,9,9,7.31,186.35,2025-06-21 10:00:00
2025-06-21,11:00:00,13.98,13.98,78.43,78.43,299.49,299.49,1434.25,1434.25,9,9,11.18,284.97,2025-06-21 11:00:00
2025-06-21,12:00:00,20.17,20.17,80.12,80.12,302.41,302.41,1256.43,1256.43,9,9,14.23,362.85,2025-06-21 12:00:00
2025-06-21,13:00:00,26.02,26.02,82.31,82.31,306.82,306.82,1139.24,1139.24,9.04,9.04,10.28,262.11,2025-06-21 13:00:00
2025-06-21,14:00:00,26.98,26.98,84.68,84.68,279.43,279.43,1854.03,1854.03,9.17,9.17,2.36,60.19,2025-06-21 14:00:00
2025-06-21,15:00:00,26.54,26.54,82.73,82.73,306.24,306.24,1334.27,1334.27,9,9,3.17,80.92,2025-06-21 15:00:00
2025-06-21,16:00:00,29.94,29.94,83.25,83.25,319,319,1170.61,1170.61,9,9,5.04,128.57,2025-06-21 16:00:00
2025-06-21,17:00:00,14.68,14.68,82.29,82.29,314.65,314.65,950.76,950.76,9,9,6.85,174.72,2025-06-21 17:00:00
2025-06-21,18:00:00,19.23,19.23,81.41,81.41,313.12,313.12,831.96,831.96,9,9,2.45,62.55,2025-06-21 18:00:00
2025-06-21,19:00:00,31.18,31.18,82.45,82.45,314.54,314.54,782.06,782.06,9,9,7.54,192.25,2025-06-21 19:00:00
2025-06-21,20:00:00,12.94,12.94,80.82,80.82,302.49,302.49,737.14,737.14,9,9,2.01,51.33,2025-06-21 20:00:00
2025-06-21,21:00:00,11.79,11.79,80.45,80.45,297.31,297.31,707.14,707.14,9,9,2.02,51.45,2025-06-21 21:00:00
2025-06-21,22:00:00,19.76,19.76,84.62,84.62,298.16,298.16,963.84,963.84,9.21,9.21,2.01,51.33,2025-06-21 22:00:00
2025-06-21,23:00:00,17.32,17.32,81.35,81.35,278.07,278.07,864.7,864.7,9,9,2,51,2025-06-21 23:00:00
2025-06-22,0:00:00,16.25,16.25,80.85,80.85,309.55,309.55,741.35,741.35,9,9,2,51.01,2025-06-22 0:00:00
2025-06-22,1:00:00,19.3,19.3,81.72,81.72,297.7,297.7,881.27,881.27,9,9,2,51.01,2025-06-22 1:00:00
2025-06-22,2:00:00,32.03,32.03,82.38,82.38,301.17,301.17,853.79,853.79,9,9,2.6,66.28,2025-06-22 2:00:00
2025-06-22,3:00:00,35.39,35.39,81.9,81.9,301.08,301.08,818.91,818.91,8.82,8.82,2,51.12,2025-06-22 3:00:00
2025-06-22,4:00:00,10.74,10.74,72.56,72.56,330.29,330.29,718.15,718.15,7.17,7.17,3.55,90.58,2025-06-22 4:00:00
2025-06-22,5:00:00,16.16,16.16,79.24,79.24,316.39,316.39,665.72,665.72,8.51,8.51,2,51.09,2025-06-22 5:00:00
2025-06-22,6:00:00,13.73,13.73,81.46,81.46,307.29,307.29,697.55,697.55,9,9,3.95,100.76,2025-06-22 6:00:00
2025-06-22,7:00:00,13.17,13.17,82.26,82.26,299.21,299.21,744.38,744.38,9,9,5.75,146.74,2025-06-22 7:00:00
2025-06-22,8:00:00,12.74,12.74,76.23,76.23,323.32,323.32,687.83,687.83,8.17,8.17,7.01,178.64,2025-06-22 8:00:00
2025-06-22,9:00:00,12.62,12.62,82.43,82.43,303.18,303.18,687.95,687.95,8.98,8.98,2.74,69.97,2025-06-22 9:00:00
2025-06-22,10:00:00,11.17,11.17,81.93,81.93,301.74,301.74,710.21,710.21,9,9,4.94,125.95,2025-06-22 10:00:00
2025-06-22,11:00:00,11.75,11.75,81.37,81.37,295.91,295.91,771.36,771.36,9,9,10.27,261.84,2025-06-22 11:00:00
2025-06-22,12:00:00,11.23,11.23,81.88,81.88,292.7,292.7,735.93,735.93,9,9,6.48,165.29,2025-06-22 12:00:00
2025-06-22,13:00:00,10.29,10.29,81.49,81.49,287.31,287.31,701.57,701.57,9,9,2.02,51.54,2025-06-22 13:00:00
2025-06-22,14:00:00,10.31,10.31,81.38,81.38,287.12,287.12,757.72,757.72,9,9,2.63,66.99,2025-06-22 14:00:00
2025-06-22,15:00:00,10.67,10.67,81.42,81.42,285.2,285.2,788.12,788.12,9,9,3.13,79.69,2025-06-22 15:00:00
2025-06-22,16:00:00,10.11,10.11,81.13,81.13,278.38,278.38,752.7,752.7,9,9,2.01,51.26,2025-06-22 16:00:00
2025-06-22,17:00:00,10.34,10.34,81.09,81.09,279.83,279.83,791.78,791.78,9,9,2,51.12,2025-06-22 17:00:00
2025-06-22,18:00:00,10.62,10.62,81.99,81.99,280.15,280.15,1097.02,1097.02,9,9,2,51.04,2025-06-22 18:00:00
2025-06-22,19:00:00,11.09,11.09,81.32,81.32,277.73,277.73,1263.73,1263.73,9,9,2,51.09,2025-06-22 19:00:00
2025-06-22,20:00:00,18.27,18.27,76.35,76.35,280.35,280.35,1328.59,1328.59,7.81,7.81,2,51,2025-06-22 20:00:00
2025-06-22,21:00:00,10.75,10.75,74.07,74.07,296.91,296.91,1249.3,1249.3,7.01,7.01,2,51,2025-06-22 21:00:00
2025-06-22,22:00:00,15.92,15.92,78.1,78.1,295.98,295.98,952.84,952.84,8.02,8.02,2,51.05,2025-06-22 22:00:00
2025-06-22,23:00:00,10.85,10.85,82.49,82.49,290.68,290.68,861.89,861.89,9,9,2.07,52.72,2025-06-22 23:00:00
2025-06-23,0:00:00,10.19,10.19,82.4,82.4,288.01,288.01,743.35,743.35,9,9,2.01,51.24,2025-06-23 0:00:00
2025-06-23,1:00:00,10.07,10.07,81.67,81.67,286.42,286.42,841.31,841.31,8.85,8.85,2,51.07,2025-06-23 1:00:00
2025-06-23,2:00:00,9.56,9.56,82.3,82.3,288.29,288.29,820.69,820.69,9,9,2.26,57.56,2025-06-23 2:00:00
2025-06-23,3:00:00,12.55,12.55,81.06,81.06,291.78,291.78,875.71,875.71,8.68,8.68,2,51.11,2025-06-23 3:00:00
2025-06-23,4:00:00,9.48,9.48,74.99,74.99,308.43,308.43,841.07,841.07,7.55,7.55,2,51.06,2025-06-23 4:00:00
2025-06-23,5:00:00,13.62,13.62,81.73,81.73,288.48,288.48,826.11,826.11,8.8,8.8,2.01,51.13,2025-06-23 5:00:00
2025-06-23,6:00:00,10.22,10.22,82.84,82.84,281.07,281.07,791.33,791.33,9,9,3.92,100.02,2025-06-23 6:00:00
2025-06-23,7:00:00,10.42,10.42,82.86,82.86,273.42,273.42,1080.89,1080.89,8.91,8.91,5.75,146.61,2025-06-23 7:00:00
2025-06-23,8:00:00,9.62,9.62,82.98,82.98,279.67,279.67,772.81,772.81,9,9,7.62,194.26,2025-06-23 8:00:00
2025-06-23,9:00:00,12.4,12.4,82.02,82.02,285.07,285.07,864.9,864.9,8.71,8.71,7.45,189.92,2025-06-23 9:00:00
2025-06-23,10:00:00,13.86,13.86,83.18,83.18,287.3,287.3,819.4,819.4,8.74,8.74,7.5,191.13,2025-06-23 10:00:00
2025-06-23,11:00:00,11.87,11.87,83.37,83.37,292.76,292.76,713.91,713.91,9,9,7.27,185.45,2025-06-23 11:00:00
2025-06-23,12:00:00,13.02,13.02,84.35,84.35,294,294,1222.11,1222.11,9.11,9.11,7.55,192.64,2025-06-23 12:00:00
2025-06-23,13:00:00,12.65,12.65,84.54,84.54,260.16,260.16,909.01,909.01,9,9,9.68,246.76,2025-06-23 13:00:00
2025-06-23,14:00:00,18.33,18.33,80.58,80.58,263.94,263.94,962.03,962.03,8.31,8.31,10.66,271.76,2025-06-23 14:00:00
2025-06-23,15:00:00,10.37,10.37,78.02,78.02,283.21,283.21,1238.57,1238.57,7.49,7.49,9.02,229.96,2025-06-23 15:00:00
2025-06-23,16:00:00,8.88,8.88,76.41,76.41,297.21,297.21,1093.18,1093.18,7.47,7.47,7.09,180.7,2025-06-23 16:00:00
2025-06-23,17:00:00,14.43,14.43,81.09,81.09,296.81,296.81,1033.22,1033.22,8.51,8.51,4.11,104.87,2025-06-23 17:00:00
2025-06-23,18:00:00,10.89,10.89,83.75,83.75,294.17,294.17,937.58,937.58,9,9,2,51.08,2025-06-23 18:00:00
2025-06-23,19:00:00,15.85,15.85,83.74,83.74,295.46,295.46,945.6,945.6,9,9,2,51.12,2025-06-23 19:00:00
2025-06-23,20:00:00,25.31,25.31,84.23,84.23,297.87,297.87,974.18,974.18,9,9,2,51.08,2025-06-23 20:00:00
2025-06-23,21:00:00,19.68,19.68,84.66,84.66,291.03,291.03,935.82,935.82,9,9,2.01,51.21,2025-06-23 21:00:00
2025-06-23,22:00:00,17.54,17.54,83.9,83.9,300.79,300.79,855.44,855.44,9,9,2,51.1,2025-06-23 22:00:00
2025-06-23,23:00:00,16.63,16.63,84.87,84.87,297.73,297.73,916.75,916.75,9.02,9.02,2,51.12,2025-06-23 23:00:00
2025-06-24,0:00:00,15.68,15.68,84.13,84.13,296.23,296.23,846.88,846.88,9,9,2.01,51.19,2025-06-24 0:00:00
2025-06-24,1:00:00,20.79,20.79,85.19,85.19,281.02,281.02,912.88,912.88,9.12,9.12,2,51.12,2025-06-24 1:00:00
2025-06-24,2:00:00,25.66,25.66,84,84,261.94,261.94,960.97,960.97,9.02,9.02,2,51.11,2025-06-24 2:00:00
2025-06-24,3:00:00,38.54,38.54,82.21,82.21,276.52,276.52,934.9,934.9,8.6,8.6,3,76.39,2025-06-24 3:00:00
2025-06-24,4:00:00,27.73,27.73,75.96,75.96,306.05,306.05,979.23,979.23,7,7,8.85,225.72,2025-06-24 4:00:00
2025-06-24,5:00:00,24.21,24.21,75.86,75.86,305.38,305.38,905.75,905.75,7.07,7.07,3.3,84.14,2025-06-24 5:00:00
2025-06-24,6:00:00,29.05,29.05,76.6,76.6,319.66,319.66,783.25,783.25,7.17,7.17,2,51.01,2025-06-24 6:00:00
2025-06-24,7:00:00,23.35,23.35,75.58,75.58,317.87,317.87,812.04,812.04,7.02,7.02,3.95,100.74,2025-06-24 7:00:00
2025-06-24,8:00:00,19.2,19.2,74.25,74.25,319.09,319.09,880.49,880.49,7,7,8.05,205.35,2025-06-24 8:00:00
2025-06-24,9:00:00,21.8,21.8,75.04,75.04,310.58,310.58,929.08,929.08,7.03,7.03,11.54,294.3,2025-06-24 9:00:00
2025-06-24,10:00:00,22.04,22.04,75.22,75.22,281.06,281.06,1142.2,1142.2,7.03,7.03,9.65,245.98,2025-06-24 10:00:00
2025-06-24,11:00:00,19.5,19.5,74.25,74.25,294.93,294.93,996.55,996.55,7,7,9.84,250.97,2025-06-24 11:00:00
2025-06-24,12:00:00,25.7,25.7,75.54,75.54,311.96,311.96,850.82,850.82,7.07,7.07,10.13,258.31,2025-06-24 12:00:00
2025-06-24,13:00:00,31.23,31.23,83.82,83.82,269.74,269.74,1172.83,1172.83,8.73,8.73,8.7,221.77,2025-06-24 13:00:00
2025-06-24,14:00:00,28.18,28.18,88.36,88.36,231.9,231.9,1310.32,1310.32,9.28,9.28,6.63,169.13,2025-06-24 14:00:00
2025-06-24,15:00:00,24.72,24.72,95.51,95.51,350.29,350.29,460.17,460.17,10.95,10.95,2.81,71.71,2025-06-24 15:00:00
2025-06-24,16:00:00,17.32,17.32,88.66,88.66,322.62,322.62,431.56,431.56,10,10,6.25,159.37,2025-06-24 16:00:00
2025-06-24,17:00:00,11.53,11.53,96.4,96.4,337.25,337.25,442.94,442.94,11.11,11.11,6.93,176.63,2025-06-24 17:00:00
2025-06-24,18:00:00,10.53,10.53,99.2,99.2,358.21,358.21,430.78,430.78,11.96,11.96,3.32,84.71,2025-06-24 18:00:00
2025-06-24,19:00:00,11.8,11.8,89.01,89.01,325.32,325.32,636.05,636.05,10.61,10.61,4.68,119.37,2025-06-24 19:00:00
2025-06-24,20:00:00,9.95,9.95,88.17,88.17,301.28,301.28,572.33,572.33,10.25,10.25,2,51.01,2025-06-24 20:00:00
2025-06-24,21:00:00,10.33,10.33,83.38,83.38,283.07,283.07,611.78,611.78,9.01,9.01,2,51.04,2025-06-24 21:00:00
2025-06-24,22:00:00,16.63,16.63,83.11,83.11,281.34,281.34,1006.06,1006.06,9,9,2,51.02,2025-06-24 22:00:00
2025-06-24,23:00:00,16.99,16.99,84.05,84.05,287.28,287.28,884.59,884.59,9,9,2.62,66.9,2025-06-24 23:00:00
2025-06-25,0:00:00,15.6,15.6,84.54,84.54,297.08,297.08,656.87,656.87,9,9,2.95,75.24,2025-06-25 0:00:00
2025-06-25,1:00:00,13.6,13.6,83.81,83.81,294.33,294.33,618.71,618.71,9,9,2.15,54.84,2025-06-25 1:00:00
2025-06-25,2:00:00,13.48,13.48,83.39,83.39,296.34,296.34,622.13,622.13,9,9,7.64,194.86,2025-06-25 2:00:00
2025-06-25,3:00:00,15.3,15.3,82.48,82.48,297.45,297.45,626.88,626.88,8.92,8.92,8.6,219.34,2025-06-25 3:00:00
2025-06-25,4:00:00,18.64,18.64,82.32,82.32,316.55,316.55,618.61,618.61,8.68,8.68,8.09,206.2,2025-06-25 4:00:00
2025-06-25,5:00:00,13.18,13.18,83.39,83.39,303.71,303.71,625.08,625.08,9,9,4.57,116.48,2025-06-25 5:00:00
2025-06-25,6:00:00,13.6,13.6,83.62,83.62,291.27,291.27,717.48,717.48,9.01,9.01,2.02,51.44,2025-06-25 6:00:00
2025-06-25,7:00:00,14.22,14.22,83.53,83.53,304.58,304.58,703.06,703.06,9,9,2.01,51.35,2025-06-25 7:00:00
2025-06-25,8:00:00,13.59,13.59,82.84,82.84,320.48,320.48,786.45,786.45,9.01,9.01,4.67,119.14,2025-06-25 8:00:00
2025-06-25,9:00:00,17.09,17.09,82.13,82.13,300.44,300.44,940.21,940.21,9,9,8.41,214.45,2025-06-25 9:00:00
2025-06-25,10:00:00,14.99,14.99,81.81,81.81,325.06,325.06,771.88,771.88,9,9,9.15,233.34,2025-06-25 10:00:00
2025-06-25,11:00:00,16.91,16.91,81.3,81.3,320.52,320.52,827.49,827.49,8.7,8.7,10.36,264.28,2025-06-25 11:00:00
2025-06-25,12:00:00,7.96,7.96,73.69,73.69,363.66,363.66,828.24,828.24,7.01,7.01,11.9,303.44,2025-06-25 12:00:00
2025-06-25,13:00:00,8.01,8.01,73.44,73.44,362.28,362.28,743.15,743.15,7,7,12.59,321.06,2025-06-25 13:00:00
2025-06-25,14:00:00,8.53,8.53,72.87,72.87,336.76,336.76,930.08,930.08,7,7,4.97,126.67,2025-06-25 14:00:00
2025-06-25,15:00:00,9.43,9.43,72.86,72.86,333.14,333.14,915.17,915.17,7,7,7.85,200.05,2025-06-25 15:00:00
2025-06-25,16:00:00,9.82,9.82,73.59,73.59,341.33,341.33,804.38,804.38,7,7,3.39,86.52,2025-06-25 16:00:00
2025-06-25,17:00:00,9.64,9.64,73.67,73.67,348.89,348.89,721.58,721.58,7,7,2.02,51.61,2025-06-25 17:00:00
2025-06-25,18:00:00,9.87,9.87,74.24,74.24,348.74,348.74,847.87,847.87,7.02,7.02,2.01,51.22,2025-06-25 18:00:00
2025-06-25,19:00:00,10.13,10.13,74.01,74.01,367.12,367.12,1205.09,1205.09,7.03,7.03,2.01,51.34,2025-06-25 19:00:00
2025-06-25,20:00:00,10.49,10.49,73.76,73.76,373.81,373.81,906.1,906.1,7.09,7.09,2.03,51.69,2025-06-25 20:00:00
2025-06-25,21:00:00,9.84,9.84,73.23,73.23,389.19,389.19,671.15,671.15,7.08,7.08,2.01,51.35,2025-06-25 21:00:00
2025-06-25,22:00:00,9.86,9.86,74.08,74.08,375.79,375.79,699.08,699.08,7.17,7.17,2,51.11,2025-06-25 22:00:00
2025-06-25,23:00:00,9.61,9.61,73.46,73.46,379.39,379.39,809.22,809.22,7.07,7.07,2.01,51.24,2025-06-25 23:00:00
2025-06-26,0:00:00,9.34,9.34,73.63,73.63,372.21,372.21,695.05,695.05,7.04,7.04,2,51.1,2025-06-26 0:00:00
2025-06-26,1:00:00,9.07,9.07,73.75,73.75,366.26,366.26,714.56,714.56,7.04,7.04,2.38,60.62,2025-06-26 1:00:00
2025-06-26,2:00:00,9.34,9.34,73.5,73.5,378.13,378.13,806.69,806.69,7.02,7.02,2.55,64.99,2025-06-26 2:00:00
2025-06-26,3:00:00,16.67,16.67,75.62,75.62,345.48,345.48,1184.52,1184.52,7.52,7.52,4.9,125.01,2025-06-26 3:00:00
2025-06-26,4:00:00,17.53,17.53,79.47,79.47,348.61,348.61,661.08,661.08,8.56,8.56,6.44,164.09,2025-06-26 4:00:00
2025-06-26,5:00:00,13.87,13.87,82.74,82.74,334.8,334.8,728.16,728.16,9,9,7.64,194.9,2025-06-26 5:00:00
2025-06-26,6:00:00,14.04,14.04,82.74,82.74,321.14,321.14,671.46,671.46,9,9,9.62,245.34,2025-06-26 6:00:00
2025-06-26,7:00:00,14.26,14.26,82.98,82.98,333.71,333.71,670.03,670.03,9,9,12.52,319.24,2025-06-26 7:00:00
2025-06-26,8:00:00,16.52,16.52,83.88,83.88,351.46,351.46,724.04,724.04,9,9,2.36,60.21,2025-06-26 8:00:00
2025-06-26,9:00:00,35.07,35.07,81.25,81.25,343.14,343.14,828.4,828.4,8.96,8.96,3.61,92.13,2025-06-26 9:00:00
2025-06-26,10:00:00,22.76,22.76,80.57,80.57,369.62,369.62,809.05,809.05,8.67,8.67,8.49,216.48,2025-06-26 10:00:00
2025-06-26,11:00:00,14.43,14.43,83.33,83.33,364.23,364.23,663.29,663.29,8.89,8.89,15.46,394.27,2025-06-26 11:00:00
2025-06-26,12:00:00,14.98,14.98,84.3,84.3,339.27,339.27,659.38,659.38,9,9,15.09,384.84,2025-06-26 12:00:00
2025-06-26,13:00:00,26.49,26.49,84.82,84.82,322.68,322.68,691.81,691.81,9,9,5.57,142.03,2025-06-26 13:00:00
2025-06-26,14:00:00,31.06,31.06,85.59,85.59,317.27,317.27,755.21,755.21,9,9,6.36,162.25,2025-06-26 14:00:00
2025-06-26,15:00:00,28.39,28.39,85.32,85.32,299.41,299.41,846.52,846.52,9.05,9.05,4.35,111.03,2025-06-26 15:00:00
2025-06-26,16:00:00,33.31,33.31,84.07,84.07,295.66,295.66,917.01,917.01,9,9,2.02,51.51,2025-06-26 16:00:00
2025-06-26,17:00:00,39.19,39.19,84.26,84.26,303.49,303.49,1000.19,1000.19,9,9,2.02,51.39,2025-06-26 17:00:00
2025-06-26,18:00:00,39.59,39.59,84.5,84.5,321.49,321.49,890.53,890.53,9,9,2.01,51.28,2025-06-26 18:00:00
2025-06-26,19:00:00,36.57,36.57,83.97,83.97,316.67,316.67,883.85,883.85,9,9,2.01,51.21,2025-06-26 19:00:00
2025-06-26,20:00:00,39.58,39.58,83.84,83.84,319.33,319.33,883.53,883.53,9,9,2.01,51.24,2025-06-26 20:00:00
2025-06-26,21:00:00,52.16,52.16,84.61,84.61,331.32,331.32,785.91,785.91,9.03,9.03,2.01,51.28,2025-06-26 21:00:00
2025-06-26,22:00:00,37.4,37.4,79.57,79.57,338.31,338.31,924.17,924.17,8.09,8.09,2,51.1,2025-06-26 22:00:00
2025-06-26,23:00:00,15.05,15.05,75.47,75.47,359.49,359.49,817.85,817.85,7.16,7.16,2,51.1,2025-06-26 23:00:00
2025-06-27,0:00:00,33.03,33.03,84.17,84.17,335.8,335.8,762.09,762.09,9,9,2,51.03,2025-06-27 0:00:00
2025-06-27,1:00:00,46.62,46.62,84.42,84.42,336.14,336.14,808.14,808.14,9,9,2.01,51.18,2025-06-27 1:00:00
2025-06-27,2:00:00,21.74,21.74,85.24,85.24,319.33,319.33,874.58,874.58,9.06,9.06,2.01,51.21,2025-06-27 2:00:00
2025-06-27,3:00:00,19.79,19.79,84.83,84.83,329.86,329.86,797.56,797.56,9.01,9.01,2.01,51.2,2025-06-27 3:00:00
2025-06-27,4:00:00,27.66,27.66,85.09,85.09,283.27,283.27,1158.64,1158.64,9,9,2.01,51.32,2025-06-27 4:00:00
2025-06-27,5:00:00,25.7,25.7,85.77,85.77,278.09,278.09,1068.58,1068.58,9,9,2,51.09,2025-06-27 5:00:00
2025-06-27,6:00:00,22.99,22.99,84.78,84.78,273.51,273.51,1156.21,1156.21,9,9,2.16,55.07,2025-06-27 6:00:00
2025-06-27,7:00:00,23.72,23.72,85.01,85.01,287.56,287.56,1282.2,1282.2,9,9,5.17,131.93,2025-06-27 7:00:00
2025-06-27,8:00:00,24.41,24.41,84.89,84.89,316.16,316.16,947.34,947.34,9,9,6.55,167.02,2025-06-27 8:00:00
2025-06-27,9:00:00,20.11,20.11,83.91,83.91,301.13,301.13,1007.87,1007.87,9.03,9.03,7.47,190.53,2025-06-27 9:00:00
2025-06-27,10:00:00,32.93,32.93,78.13,78.13,306.01,306.01,1244.59,1244.59,7.39,7.39,8.64,220.43,2025-06-27 10:00:00
2025-06-27,11:00:00,35.93,35.93,77.59,77.59,337.82,337.82,1027.28,1027.28,7.08,7.08,8.88,226.56,2025-06-27 11:00:00
2025-06-27,12:00:00,27.65,27.65,77.43,77.43,328.63,328.63,1245.75,1245.75,7.05,7.05,12.27,312.9,2025-06-27 12:00:00
2025-06-27,13:00:00,31.79,31.79,78.01,78.01,321.07,321.07,1105.79,1105.79,7.17,7.17,10.25,261.38,2025-06-27 13:00:00
2025-06-27,14:00:00,99.48,99.48,79.72,79.72,321.58,321.58,1123.25,1123.25,7.84,7.84,10.38,264.81,2025-06-27 14:00:00
2025-06-27,15:00:00,33.76,33.76,85.74,85.74,297.64,297.64,1201.73,1201.73,9.02,9.02,6.67,170.04,2025-06-27 15:00:00
2025-06-27,16:00:00,24.17,24.17,85.95,85.95,291.68,291.68,1167.82,1167.82,9,9,2.62,66.73,2025-06-27 16:00:00
2025-06-27,17:00:00,36.13,36.13,86.37,86.37,306.87,306.87,1190.71,1190.71,9,9,2.02,51.51,2025-06-27 17:00:00
2025-06-27,18:00:00,25.97,25.97,86.25,86.25,305.88,305.88,1065,1065,9,9,2.01,51.26,2025-06-27 18:00:00
2025-06-27,19:00:00,17.17,17.17,85.62,85.62,304.71,304.71,1078.97,1078.97,9,9,2.01,51.22,2025-06-27 19:00:00
2025-06-27,20:00:00,35.91,35.91,85.87,85.87,298.28,298.28,1143.93,1143.93,9,9,2.01,51.23,2025-06-27 20:00:00
2025-06-27,21:00:00,52.41,52.41,86.04,86.04,290.92,290.92,1215.04,1215.04,9,9,2,51.01,2025-06-27 21:00:00
2025-06-27,22:00:00,46.18,46.18,85.59,85.59,294.65,294.65,1274.39,1274.39,9,9,2,51.01,2025-06-27 22:00:00
2025-06-27,23:00:00,39.36,39.36,86.31,86.31,294.58,294.58,1138.19,1138.19,9,9,2,51.01,2025-06-27 23:00:00
2025-06-28,0:00:00,36.39,36.39,85.49,85.49,292.64,292.64,1078.73,1078.73,9,9,2,51.04,2025-06-28 0:00:00
2025-06-28,1:00:00,43.94,43.94,84.26,84.26,298.44,298.44,1066.65,1066.65,8.87,8.87,2,51.04,2025-06-28 1:00:00
2025-06-28,2:00:00,36.94,36.94,85.64,85.64,285.99,285.99,1032.9,1032.9,9,9,2.01,51.2,2025-06-28 2:00:00
2025-06-28,3:00:00,32.26,32.26,85.37,85.37,297.29,297.29,1208.63,1208.63,9,9,2.02,51.43,2025-06-28 3:00:00
2025-06-28,4:00:00,34,34,85.09,85.09,294.14,294.14,1307.01,1307.01,9,9,6.54,166.86,2025-06-28 4:00:00
2025-06-28,5:00:00,45.58,45.58,86.29,86.29,297.19,297.19,1323.52,1323.52,9,9,4.65,118.65,2025-06-28 5:00:00
2025-06-28,6:00:00,59.35,59.35,87.93,87.93,299.85,299.85,893.46,893.46,9.17,9.17,2.01,51.36,2025-06-28 6:00:00
2025-06-28,7:00:00,52.41,52.41,85.87,85.87,310.69,310.69,943.01,943.01,8.97,8.97,4.18,106.68,2025-06-28 7:00:00
2025-06-28,8:00:00,26.69,26.69,85.28,85.28,306.9,306.9,869.77,869.77,9.08,9.08,6.89,175.8,2025-06-28 8:00:00
2025-06-28,9:00:00,29.89,29.89,84.58,84.58,310.04,310.04,880.75,880.75,9,9,6.76,172.44,2025-06-28 9:00:00
2025-06-28,10:00:00,24.43,24.43,85.49,85.49,316.16,316.16,1078.47,1078.47,9,9,6.77,172.52,2025-06-28 10:00:00
2025-06-28,11:00:00,18.67,18.67,84.7,84.7,316.85,316.85,985.6,985.6,9,9,7.66,195.3,2025-06-28 11:00:00
2025-06-28,12:00:00,20.47,20.47,85.05,85.05,314.2,314.2,1067.04,1067.04,9.01,9.01,6.35,161.98,2025-06-28 12:00:00
2025-06-28,13:00:00,19.49,19.49,84.54,84.54,304.7,304.7,1084.24,1084.24,9.03,9.03,9.87,251.57,2025-06-28 13:00:00
2025-06-28,14:00:00,18.5,18.5,84.42,84.42,288.98,288.98,1165.79,1165.79,9.03,9.03,10.82,275.98,2025-06-28 14:00:00
2025-06-28,15:00:00,18.17,18.17,84.3,84.3,293.91,293.91,1166.61,1166.61,9.03,9.03,6.98,177.98,2025-06-28 15:00:00
2025-06-28,16:00:00,18.55,18.55,84.76,84.76,292.27,292.27,1195.57,1195.57,9,9,3.23,82.35,2025-06-28 16:00:00
2025-06-28,17:00:00,18.29,18.29,84.56,84.56,289.49,289.49,1110.5,1110.5,9.01,9.01,2.05,52.25,2025-06-28 17:00:00
2025-06-28,18:00:00,27.43,27.43,83.79,83.79,297.23,297.23,887.38,887.38,9,9,2.01,51.25,2025-06-28 18:00:00
2025-06-28,19:00:00,22.7,22.7,83.45,83.45,301.45,301.45,826.44,826.44,9,9,5.46,139.15,2025-06-28 19:00:00
2025-06-28,20:00:00,30.59,30.59,83.87,83.87,298.11,298.11,802.92,802.92,9.07,9.07,2.79,71.12,2025-06-28 20:00:00
2025-06-28,21:00:00,17.44,17.44,83.68,83.68,287.39,287.39,893.61,893.61,9.02,9.02,2,51,2025-06-28 21:00:00
2025-06-28,22:00:00,20.43,20.43,83.6,83.6,294.23,294.23,876.24,876.24,9,9,3.03,77.17,2025-06-28 22:00:00
2025-06-28,23:00:00,21.69,21.69,83.54,83.54,298.35,298.35,864.21,864.21,9,9,4.87,124.24,2025-06-28 23:00:00
2025-06-29,0:00:00,21.97,21.97,84.41,84.41,315.46,315.46,833.47,833.47,9.01,9.01,2,51,2025-06-29 0:00:00
2025-06-29,1:00:00,19.63,19.63,83.28,83.28,313.51,313.51,960.11,960.11,9,9,2,51,2025-06-29 1:00:00
2025-06-29,2:00:00,24.51,24.51,83.74,83.74,313.92,313.92,998.37,998.37,9,9,2.54,64.69,2025-06-29 2:00:00
2025-06-29,3:00:00,29.61,29.61,83.85,83.85,317.04,317.04,1012.98,1012.98,8.97,8.97,2.32,59.16,2025-06-29 3:00:00
2025-06-29,4:00:00,21.98,21.98,84.31,84.31,313.64,313.64,873.37,873.37,9.01,9.01,4.32,110.28,2025-06-29 4:00:00
2025-06-29,5:00:00,26.04,26.04,84.84,84.84,305.23,305.23,948.94,948.94,9.1,9.1,5.38,137.12,2025-06-29 5:00:00
2025-06-29,6:00:00,23.38,23.38,83.84,83.84,273.57,273.57,1466.2,1466.2,8.95,8.95,2.99,76.28,2025-06-29 6:00:00
2025-06-29,7:00:00,24.08,24.08,83.37,83.37,274.61,274.61,1184.35,1184.35,8.99,8.99,4.22,107.69,2025-06-29 7:00:00
2025-06-29,8:00:00,20.45,20.45,83.45,83.45,289.17,289.17,1326.1,1326.1,9,9,6.71,171.07,2025-06-29 8:00:00
2025-06-29,9:00:00,22.74,22.74,84.13,84.13,290.46,290.46,1417.15,1417.15,9,9,5.86,149.32,2025-06-29 9:00:00
2025-06-29,10:00:00,17.91,17.91,83.34,83.34,284.34,284.34,1146.14,1146.14,9.02,9.02,7.06,180.14,2025-06-29 10:00:00
2025-06-29,11:00:00,18.52,18.52,82.38,82.38,283.64,283.64,1184.73,1184.73,9,9,11.14,284.18,2025-06-29 11:00:00
2025-06-29,12:00:00,20.53,20.53,85.33,85.33,232.99,232.99,1885.5,1885.5,9.34,9.34,11.75,299.66,2025-06-29 12:00:00
2025-06-29,13:00:00,28.35,28.35,82.64,82.64,276.31,276.31,1147.98,1147.98,8.82,8.82,10.78,274.97,2025-06-29 13:00:00
2025-06-29,14:00:00,28.28,28.28,83.49,83.49,288.74,288.74,1196.1,1196.1,9,9,9.41,239.83,2025-06-29 14:00:00
2025-06-29,15:00:00,26.29,26.29,83.94,83.94,281.61,281.61,971.21,971.21,9,9,4.71,120.09,2025-06-29 15:00:00
2025-06-29,16:00:00,32.88,32.88,83.95,83.95,279.5,279.5,990.92,990.92,9,9,2,51.07,2025-06-29 16:00:00
2025-06-29,17:00:00,18.03,18.03,82.69,82.69,274.68,274.68,990.63,990.63,9,9,2,51.03,2025-06-29 17:00:00
2025-06-29,18:00:00,19.26,19.26,83.56,83.56,281.45,281.45,940.83,940.83,9,9,2,51.03,2025-06-29 18:00:00
2025-06-29,19:00:00,30.48,30.48,82.25,82.25,270.11,270.11,1100.16,1100.16,8.93,8.93,2,51,2025-06-29 19:00:00
2025-06-29,20:00:00,19.78,19.78,83.37,83.37,300.24,300.24,997.13,997.13,9,9,2,51,2025-06-29 20:00:00
2025-06-29,21:00:00,18.9,18.9,84.5,84.5,281.16,281.16,928.96,928.96,9.12,9.12,2,51.03,2025-06-29 21:00:00
2025-06-29,22:00:00,17.98,17.98,84.74,84.74,257.07,257.07,1146.49,1146.49,9.21,9.21,2,51.03,2025-06-29 22:00:00
2025-06-29,23:00:00,15.33,15.33,83.89,83.89,285.44,285.44,957.99,957.99,9,9,2,51,2025-06-29 23:00:00
2025-06-30,0:00:00,23.24,23.24,84.11,84.11,295.98,295.98,830.03,830.03,9,9,2,51,2025-06-30 0:00:00
2025-06-30,1:00:00,20.04,20.04,88.4,88.4,267.28,267.28,1238.41,1238.41,9.12,9.12,2,51,2025-06-30 1:00:00
2025-06-30,2:00:00,16.28,16.28,84.41,84.41,292.8,292.8,1051.71,1051.71,9.03,9.03,2.34,59.65,2025-06-30 2:00:00
2025-06-30,3:00:00,16.74,16.74,84.22,84.22,300.75,300.75,838.44,838.44,9,9,2,51.03,2025-06-30 3:00:00
2025-06-30,4:00:00,24.8,24.8,85.99,85.99,293.04,293.04,1091.16,1091.16,9.03,9.03,2.02,51.58,2025-06-30 4:00:00
2025-06-30,5:00:00,30.32,30.32,82.93,82.93,305.6,305.6,965.59,965.59,8.86,8.86,3.3,84.12,2025-06-30 5:00:00
2025-06-30,6:00:00,19.89,19.89,83.24,83.24,300.24,300.24,856.49,856.49,9,9,10.43,266.02,2025-06-30 6:00:00
2025-06-30,7:00:00,23.79,23.79,84.76,84.76,307.84,307.84,1064.77,1064.77,9.01,9.01,13.62,347.31,2025-06-30 7:00:00
2025-06-30,8:00:00,21.63,21.63,85.75,85.75,284.56,284.56,1334.62,1334.62,9.12,9.12,10.98,279.96,2025-06-30 8:00:00
2025-06-30,9:00:00,19.82,19.82,85.68,85.68,291.4,291.4,1386.8,1386.8,9.02,9.02,8.67,221.13,2025-06-30 9:00:00
2025-06-30,10:00:00,20.24,20.24,86.66,86.66,306.76,306.76,1438.39,1438.39,9.04,9.04,2,51.1,2025-06-30 10:00:00
2025-06-30,11:00:00,22.79,22.79,86.77,86.77,313.61,313.61,964.3,964.3,9.46,9.46,2.01,51.2,2025-06-30 11:00:00
2025-06-30,12:00:00,26.69,26.69,85.18,85.18,291.56,291.56,1700.83,1700.83,9,9,7.18,183.02,2025-06-30 12:00:00
2025-06-30,13:00:00,24.5,24.5,84.21,84.21,286.14,286.14,1955.21,1955.21,9.02,9.02,10.28,262.22,2025-06-30 13:00:00
2025-06-30,14:00:00,23.22,23.22,84.64,84.64,278.86,278.86,2077.32,2077.32,9.01,9.01,10.77,274.72,2025-06-30 14:00:00
2025-06-30,15:00:00,19.43,19.43,85.14,85.14,291.39,291.39,1646.2,1646.2,9,9,9.57,243.93,2025-06-30 15:00:00
2025-06-30,16:00:00,25.42,25.42,84.52,84.52,282.7,282.7,1438.94,1438.94,9,9,7.22,184.05,2025-06-30 16:00:00
2025-06-30,17:00:00,24.21,24.21,85.22,85.22,292.78,292.78,1534.9,1534.9,9.02,9.02,5.96,151.99,2025-06-30 17:00:00
2025-06-30,18:00:00,14.87,14.87,84.81,84.81,295.11,295.11,1237.99,1237.99,9,9,2.01,51.13,2025-06-30 18:00:00
2025-06-30,19:00:00,16.75,16.75,85.68,85.68,292.87,292.87,1311.08,1311.08,9.09,9.09,2.01,51.15,2025-06-30 19:00:00
2025-06-30,20:00:00,20.95,20.95,86.46,86.46,296.04,296.04,1096.95,1096.95,9,9,2,51,2025-06-30 20:00:00
2025-06-30,21:00:00,22.24,22.24,84.42,84.42,303.07,303.07,1242.5,1242.5,8.97,8.97,2,51.07,2025-06-30 21:00:00
2025-06-30,22:00:00,18.16,18.16,86.05,86.05,292.68,292.68,1335.06,1335.06,9.02,9.02,2.01,51.2,2025-06-30 22:00:00
2025-06-30,23:00:00,36.38,36.38,85.47,85.47,279.85,279.85,1632.78,1632.78,9.13,9.13,2,51.06,2025-06-30 23:00:00
2025-07-01,0:00:00,48.1,48.1,86.32,86.32,300.33,300.33,1213.85,1213.85,9,9,2.01,51.23,2025-07-01 0:00:00
2025-07-01,1:00:00,44.79,44.79,86.49,86.49,294.71,294.71,1021.19,1021.19,9,9,2.46,62.75,2025-07-01 1:00:00
2025-07-01,2:00:00,43.32,43.32,86.41,86.41,289.9,289.9,1277.93,1277.93,9,9,2,51,2025-07-01 2:00:00
2025-07-01,3:00:00,49.84,49.84,86.91,86.91,307.26,307.26,1062.66,1062.66,9,9,2.03,51.73,2025-07-01 3:00:00
2025-07-01,4:00:00,37.56,37.56,86.85,86.85,308.07,308.07,1234.45,1234.45,9,9,4.48,114.11,2025-07-01 4:00:00
2025-07-01,5:00:00,38.19,38.19,87.35,87.35,260.03,260.03,1672.21,1672.21,9.17,9.17,2.44,62.35,2025-07-01 5:00:00
2025-07-01,6:00:00,37.47,37.47,86.1,86.1,266.46,266.46,1606.94,1606.94,9,9,5.93,151.09,2025-07-01 6:00:00
2025-07-01,7:00:00,37.17,37.17,86.44,86.44,285.01,285.01,1722.79,1722.79,9.03,9.03,6.73,171.57,2025-07-01 7:00:00
2025-07-01,8:00:00,45.09,45.09,86.13,86.13,293.61,293.61,1383.81,1383.81,9.04,9.04,6.93,176.62,2025-07-01 8:00:00
2025-07-01,9:00:00,37.57,37.57,82.86,82.86,301.9,301.9,1425.44,1425.44,8.39,8.39,6.24,159.08,2025-07-01 9:00:00
2025-07-01,10:00:00,33.58,33.58,79.63,79.63,329.06,329.06,1078.07,1078.07,7.9,7.9,7.18,183.12,2025-07-01 10:00:00
2025-07-01,11:00:00,31.51,31.51,79.39,79.39,314.78,314.78,1230.4,1230.4,7.94,7.94,7.74,197.35,2025-07-01 11:00:00
2025-07-01,12:00:00,48.83,48.83,81.98,81.98,313.64,313.64,1351.1,1351.1,8.08,8.08,7.97,203.24,2025-07-01 12:00:00
2025-07-01,13:00:00,21.42,21.42,86.31,86.31,285.87,285.87,1486.69,1486.69,9,9,10.62,270.9,2025-07-01 13:00:00
2025-07-01,14:00:00,36.46,36.46,87.57,87.57,283.16,283.16,1671.37,1671.37,9,9,10.42,265.68,2025-07-01 14:00:00
2025-07-01,15:00:00,39.11,39.11,86.89,86.89,291.62,291.62,1422.4,1422.4,9,9,7.88,200.85,2025-07-01 15:00:00
2025-07-01,16:00:00,38.97,38.97,87.3,87.3,290.61,290.61,1571.82,1571.82,9,9,14.29,364.33,2025-07-01 16:00:00
2025-07-01,17:00:00,23.13,23.13,87.08,87.08,282.32,282.32,1417.72,1417.72,9,9,7.89,201.23,2025-07-01 17:00:00
2025-07-01,18:00:00,27.43,27.43,86.78,86.78,277.82,277.82,1539.43,1539.43,9,9,3.23,82.47,2025-07-01 18:00:00
2025-07-01,19:00:00,43.79,43.79,87.63,87.63,294.17,294.17,1644.7,1644.7,9,9,2,51.01,2025-07-01 19:00:00
2025-07-01,20:00:00,37.97,37.97,87.66,87.66,288.3,288.3,1977.51,1977.51,9,9,2,51,2025-07-01 20:00:00
2025-07-01,21:00:00,38.53,38.53,87.53,87.53,288.93,288.93,2165.78,2165.78,9,9,2,51.01,2025-07-01 21:00:00
2025-07-01,22:00:00,32.24,32.24,88.61,88.61,293.71,293.71,1566.66,1566.66,9.01,9.01,2,51,2025-07-01 22:00:00
2025-07-01,23:00:00,31.92,31.92,87.68,87.68,316.56,316.56,1166.2,1166.2,9,9,2,51,2025-07-01 23:00:00
2025-07-02,0:00:00,26.55,26.55,88.3,88.3,307.59,307.59,1379.77,1379.77,9.02,9.02,2,51,2025-07-02 0:00:00
2025-07-02,1:00:00,20.95,20.95,87.6,87.6,317.53,317.53,1539.18,1539.18,9,9,2,51,2025-07-02 1:00:00
2025-07-02,2:00:00,18.11,18.11,87.97,87.97,318.82,318.82,1398.23,1398.23,9,9,2.14,54.52,2025-07-02 2:00:00
2025-07-02,3:00:00,18.84,18.84,87.54,87.54,312.53,312.53,1617.08,1617.08,9,9,3.62,92.23,2025-07-02 3:00:00
2025-07-02,4:00:00,20.84,20.84,88.31,88.31,286.41,286.41,1785.77,1785.77,9.05,9.05,2.4,61.22,2025-07-02 4:00:00
2025-07-02,5:00:00,31.36,31.36,88.24,88.24,300.27,300.27,1667.63,1667.63,9,9,3.92,99.87,2025-07-02 5:00:00
2025-07-02,6:00:00,19.28,19.28,87.55,87.55,313.45,313.45,1319.75,1319.75,9.02,9.02,5.79,147.75,2025-07-02 6:00:00
2025-07-02,7:00:00,22.22,22.22,88.47,88.47,309.23,309.23,1301.7,1301.7,9,9,5.95,151.78,2025-07-02 7:00:00
2025-07-02,8:00:00,40.68,40.68,85.89,85.89,315.15,315.15,1461.92,1461.92,8.99,8.99,8.35,213.01,2025-07-02 8:00:00
2025-07-02,9:00:00,45,45,86.08,86.08,319.03,319.03,1325.23,1325.23,9,9,9.49,241.94,2025-07-02 9:00:00
2025-07-02,10:00:00,31.74,31.74,86.11,86.11,300.12,300.12,1484.27,1484.27,9,9,8.67,221.03,2025-07-02 10:00:00
2025-07-02,11:00:00,22.73,22.73,85.19,85.19,297.31,297.31,1534.89,1534.89,9,9,8.6,219.34,2025-07-02 11:00:00
2025-07-02,12:00:00,26.7,26.7,85.66,85.66,323.94,323.94,1291.31,1291.31,9,9,9.54,243.36,2025-07-02 12:00:00
2025-07-02,13:00:00,34.03,34.03,86.56,86.56,306.53,306.53,1235.52,1235.52,9,9,9.53,243.04,2025-07-02 13:00:00
2025-07-02,14:00:00,25.02,25.02,85.78,85.78,302.67,302.67,1627.32,1627.32,9,9,7.16,182.59,2025-07-02 14:00:00
2025-07-02,15:00:00,23.63,23.63,85.42,85.42,289.68,289.68,1892.1,1892.1,9,9,4,102.05,2025-07-02 15:00:00
2025-07-02,16:00:00,21.1,21.1,85.01,85.01,287.35,287.35,1687.5,1687.5,9,9,2,51,2025-07-02 16:00:00
2025-07-02,17:00:00,18.24,18.24,87.84,87.84,293.87,293.87,1596.29,1596.29,9.39,9.39,6.23,158.97,2025-07-02 17:00:00
2025-07-02,18:00:00,28.68,28.68,88.46,88.46,281.5,281.5,1853.42,1853.42,9.01,9.01,6.85,174.6,2025-07-02 18:00:00
2025-07-02,19:00:00,52.58,52.58,88.89,88.89,284.1,284.1,2074.59,2074.59,9,9,2.31,58.8,2025-07-02 19:00:00
2025-07-02,20:00:00,25.71,25.71,88.86,88.86,264.77,264.77,2258.78,2258.78,9.29,9.29,2,51.07,2025-07-02 20:00:00
2025-07-02,21:00:00,23.33,23.33,88.39,88.39,266.37,266.37,2382.36,2382.36,9.32,9.32,2,51,2025-07-02 21:00:00
2025-07-02,22:00:00,24.83,24.83,88.32,88.32,272.31,272.31,1972.08,1972.08,9.15,9.15,2,51,2025-07-02 22:00:00
2025-07-02,23:00:00,25.89,25.89,87.45,87.45,260.18,260.18,2332.96,2332.96,9,9,2,51,2025-07-02 23:00:00
2025-07-03,0:00:00,29.97,29.97,88.17,88.17,253.91,253.91,1847.79,1847.79,9.08,9.08,2,51,2025-07-03 0:00:00
2025-07-03,1:00:00,39.71,39.71,88.06,88.06,255.77,255.77,1974.23,1974.23,9.01,9.01,2,51,2025-07-03 1:00:00
2025-07-03,2:00:00,30.33,30.33,87.69,87.69,250.97,250.97,2089.13,2089.13,9,9,2,51.04,2025-07-03 2:00:00
2025-07-03,3:00:00,30.87,30.87,87.3,87.3,242.36,242.36,2164.02,2164.02,9,9,4.05,103.19,2025-07-03 3:00:00
2025-07-03,4:00:00,41.14,41.14,87.49,87.49,261.88,261.88,2029.39,2029.39,9,9,2.38,60.82,2025-07-03 4:00:00
2025-07-03,5:00:00,35.66,35.66,87.49,87.49,261.31,261.31,2018.1,2018.1,9,9,2.1,53.57,2025-07-03 5:00:00
2025-07-03,6:00:00,33.14,33.14,88.03,88.03,247.27,247.27,2145.24,2145.24,9.17,9.17,2.84,72.37,2025-07-03 6:00:00
2025-07-03,7:00:00,26.13,26.13,86.79,86.79,248.28,248.28,2097.12,2097.12,9.07,9.07,6.29,160.29,2025-07-03 7:00:00
2025-07-03,8:00:00,33.39,33.32,86.25,86.06,254.68,254.09,2106.27,2101.74,9,8.98,13.5,343.47,2025-07-03 8:00:00
2025-07-03,9:00:00,32.14,32.12,85.99,85.89,251.67,251.39,1918.6,1916.37,9,8.99,11.84,301.48,2025-07-03 9:00:00
2025-07-03,10:00:00,35.16,35.16,91.73,91.73,253.2,253.2,2274.52,2274.52,8.62,8.62,12.76,325.27,2025-07-03 10:00:00
2025-07-03,11:00:00,55.96,55.96,85.34,85.34,252.08,252.08,1854.16,1854.16,9,9,10.75,274.23,2025-07-03 11:00:00
2025-07-03,12:00:00,45.63,45.63,85.5,85.5,257.28,257.28,2157.46,2157.46,9,9,10.56,269.31,2025-07-03 12:00:00
2025-07-03,13:00:00,22.4,22.4,85.59,85.59,261.25,261.25,1756.95,1756.95,9.03,9.03,12.26,312.7,2025-07-03 13:00:00
2025-07-03,14:00:00,18.18,18.18,84.95,84.95,255.41,255.41,1769.29,1769.29,9,9,8.26,210.68,2025-07-03 14:00:00
2025-07-03,15:00:00,16.94,16.94,85.65,85.65,257.8,257.8,1629.54,1629.54,9.02,9.02,4.69,119.62,2025-07-03 15:00:00
2025-07-03,16:00:00,17.47,17.47,91.95,91.95,258.24,258.24,1570.33,1570.33,9,9,6.69,170.49,2025-07-03 16:00:00
2025-07-03,17:00:00,18.13,18.13,87.49,87.49,253.96,253.96,1911.47,1911.47,9.05,9.05,2,51,2025-07-03 17:00:00
2025-07-03,18:00:00,24.78,24.78,84.32,84.32,259.98,259.98,1683.71,1683.71,9.09,9.09,2,51,2025-07-03 18:00:00
2025-07-03,19:00:00,28.8,28.8,85.66,85.66,260.84,260.84,1837.72,1837.72,9,9,2,51,2025-07-03 19:00:00
2025-07-03,20:00:00,21.13,21.13,86.17,86.17,257.93,257.93,1802.04,1802.04,9.01,9.01,4.27,109,2025-07-03 20:00:00
2025-07-03,21:00:00,22.33,22.33,80.4,80.4,271.18,271.18,1876.39,1876.39,8.19,8.19,6.75,172.22,2025-07-03 21:00:00
2025-07-03,22:00:00,32.07,32.07,79.94,79.94,271.92,271.92,1669.1,1669.1,8,8,6.45,164.51,2025-07-03 22:00:00
2025-07-03,23:00:00,33.71,33.71,80.2,80.2,262.65,262.65,1594.05,1594.05,7.97,7.97,3.46,88.31,2025-07-03 23:00:00
2025-07-04,0:00:00,47.16,47.16,86.59,86.59,243.99,243.99,1825.83,1825.83,8.92,8.92,2.86,73.05,2025-07-04 0:00:00
2025-07-04,1:00:00,45.75,45.75,86.87,86.87,241.09,241.09,1928.29,1928.29,9.03,9.03,2.87,73.09,2025-07-04 1:00:00
2025-07-04,2:00:00,30.55,30.55,84.25,84.25,238.94,238.94,2232.73,2232.73,8.64,8.64,4.24,108.11,2025-07-04 2:00:00
2025-07-04,3:00:00,39.28,39.28,80.54,80.54,267.79,267.79,2229.6,2229.6,7.79,7.79,5.89,150.07,2025-07-04 3:00:00
2025-07-04,4:00:00,34.59,34.59,78.98,78.98,268.04,268.04,2242.85,2242.85,7.43,7.43,12.18,310.5,2025-07-04 4:00:00
2025-07-04,5:00:00,26.5,26.5,79.54,79.54,266.35,266.35,2020.91,2020.91,7.6,7.6,6.08,154.93,2025-07-04 5:00:00
2025-07-04,6:00:00,31.86,31.86,79.12,79.12,271.34,271.34,1926.33,1926.33,7.2,7.2,3.75,95.56,2025-07-04 6:00:00
2025-07-04,7:00:00,30.66,30.66,79.57,79.57,273.12,273.12,1960.23,1960.23,7.59,7.59,8.44,215.34,2025-07-04 7:00:00
2025-07-04,8:00:00,24.38,24.38,83.29,83.29,275.42,275.42,2011.14,2011.14,7.41,7.41,9.22,235.1,2025-07-04 8:00:00
2025-07-04,9:00:00,27.07,27.07,78.83,78.83,275.1,275.1,2093.68,2093.68,7.4,7.4,8.34,212.62,2025-07-04 9:00:00
2025-07-04,10:00:00,29.63,29.63,77.54,77.54,281.61,281.61,2034.35,2034.35,7.29,7.29,8.25,210.47,2025-07-04 10:00:00
2025-07-04,11:00:00,31.28,31.28,78.8,78.8,287.83,287.83,1809.18,1809.18,7.19,7.19,11.87,302.75,2025-07-04 11:00:00
2025-07-04,12:00:00,32.35,32.35,84.82,84.82,297.95,297.95,1411.45,1411.45,7.64,7.64,17.84,454.99,2025-07-04 12:00:00
2025-07-04,13:00:00,47.53,47.53,78.57,78.57,270.69,270.69,1659.54,1659.54,7.41,7.41,13.16,335.59,2025-07-04 13:00:00
2025-07-04,14:00:00,40.95,40.95,76.95,76.95,259.3,259.3,1595.15,1595.15,7.78,7.78,2,50.91,2025-07-04 14:00:00
2025-07-04,15:00:00,33.59,33.59,84.93,84.93,256.23,256.23,1925.34,1925.34,7.24,7.24,8.48,216.34,2025-07-04 15:00:00
2025-07-04,16:00:00,33.46,33.46,77.82,77.82,265.47,265.47,1905.78,1905.78,7.33,7.33,13.45,342.9,2025-07-04 16:00:00
2025-07-04,17:00:00,40.6,40.6,80.51,80.51,292.2,292.2,1251.43,1251.43,7.73,7.73,2.75,70.19,2025-07-04 17:00:00
2025-07-04,18:00:00,44.18,44.18,85.09,85.09,309.48,309.48,928.63,928.63,8,8,2,51,2025-07-04 18:00:00
2025-07-04,19:00:00,48.52,48.52,85.61,85.61,327.81,327.81,947.05,947.05,8.08,8.08,2,51,2025-07-04 19:00:00
2025-07-04,20:00:00,47.93,47.93,81.04,81.04,328.14,328.14,1043.74,1043.74,8.05,8.05,2,51,2025-07-04 20:00:00
2025-07-04,21:00:00,65.76,65.76,83.29,83.29,338.69,338.69,991.87,991.87,8.11,8.11,2,51,2025-07-04 21:00:00
2025-07-04,22:00:00,72.37,72.37,84.42,84.42,344.96,344.96,1023.96,1023.96,8.3,8.3,4.61,117.66,2025-07-04 22:00:00
2025-07-04,23:00:00,42.54,42.54,90.01,90.01,346.72,346.72,866.59,866.59,9.62,9.62,3.68,93.81,2025-07-04 23:00:00
2025-07-05,0:00:00,42.98,42.98,92.21,92.21,333.23,333.23,899.67,899.67,9.94,9.94,2,51,2025-07-05 0:00:00
2025-07-05,1:00:00,36.16,36.16,91.94,91.94,330.79,330.79,805.9,805.9,10,10,2.66,67.83,2025-07-05 1:00:00
2025-07-05,2:00:00,23.59,23.59,91.69,91.69,332,332,799.42,799.42,9.99,9.99,3.44,87.68,2025-07-05 2:00:00
2025-07-05,3:00:00,22.48,22.48,91.08,91.08,321.02,321.02,838.13,838.13,9.95,9.95,3.84,97.94,2025-07-05 3:00:00
2025-07-05,4:00:00,27.41,27.41,90.69,90.69,349.01,349.01,755.56,755.56,9.97,9.97,3.21,81.82,2025-07-05 4:00:00
2025-07-05,5:00:00,25.67,25.67,90.01,90.01,348.15,348.15,740.48,740.48,9.89,9.89,2.02,51.6,2025-07-05 5:00:00
2025-07-05,6:00:00,21.51,21.51,90.37,90.37,329.2,329.2,848.77,848.77,9.96,9.96,6.89,175.6,2025-07-05 6:00:00
2025-07-05,7:00:00,28.7,28.7,90.63,90.63,322.44,322.44,909.8,909.8,9.93,9.93,7.47,190.55,2025-07-05 7:00:00
2025-07-05,8:00:00,17.36,17.36,90.58,90.58,316.25,316.25,974.73,974.73,9.91,9.91,2.93,74.75,2025-07-05 8:00:00
2025-07-05,9:00:00,15.24,15.24,89.2,89.2,312.26,312.26,1375.87,1375.87,9.77,9.77,4.65,118.59,2025-07-05 9:00:00
2025-07-05,10:00:00,15.47,15.47,88.76,88.76,318.28,318.28,1277.21,1277.21,9.65,9.65,7.67,195.64,2025-07-05 10:00:00
2025-07-05,11:00:00,18.28,18.28,87.97,87.97,316.04,316.04,1294.31,1294.31,9.62,9.62,7.29,185.79,2025-07-05 11:00:00
2025-07-05,12:00:00,42.77,42.77,88.43,88.43,317.75,317.75,1321.23,1321.23,9.32,9.32,5.73,146.14,2025-07-05 12:00:00
2025-07-05,13:00:00,40.54,40.54,87.57,87.57,326.97,326.97,1259.15,1259.15,9.3,9.3,5.94,151.53,2025-07-05 13:00:00
2025-07-05,14:00:00,33.84,33.84,87.33,87.33,312.15,312.15,1390.62,1390.62,9.3,9.3,11.68,297.8,2025-07-05 14:00:00
2025-07-05,15:00:00,18.95,18.95,90.48,90.48,302.64,302.64,1260.18,1260.18,9.47,9.47,10.01,255.29,2025-07-05 15:00:00
2025-07-05,16:00:00,15.94,15.94,92.84,92.84,297.97,297.97,1306.32,1306.32,9.73,9.73,2.76,70.34,2025-07-05 16:00:00
2025-07-05,17:00:00,14.53,14.53,85.06,85.06,280.13,280.13,1171.78,1171.78,9.94,9.94,2,51.02,2025-07-05 17:00:00
2025-07-05,18:00:00,12.8,12.8,92.04,92.04,281.35,281.35,1063.76,1063.76,9.89,9.89,2,51.12,2025-07-05 18:00:00
2025-07-05,19:00:00,12.88,12.88,84.17,84.17,283.42,283.42,1082.13,1082.13,9.88,9.88,2,51.12,2025-07-05 19:00:00
2025-07-05,20:00:00,14.1,14.1,85.92,85.92,279.9,279.9,1150.56,1150.56,9.78,9.78,2,51.1,2025-07-05 20:00:00
2025-07-05,21:00:00,14.81,14.81,87.57,87.57,280.34,280.34,1137.34,1137.34,9.86,9.86,2,51.01,2025-07-05 21:00:00
2025-07-05,22:00:00,14.99,14.99,87.65,87.65,276.03,276.03,1208.42,1208.42,9.79,9.79,4.58,116.84,2025-07-05 22:00:00
2025-07-05,23:00:00,13.78,13.78,86.54,86.54,266.01,266.01,1485.27,1485.27,9.53,9.53,9.27,236.47,2025-07-05 23:00:00
2025-07-06,0:00:00,15.65,15.65,93.53,93.53,267.02,267.02,1554.49,1554.49,9.74,9.74,16.05,409.18,2025-07-06 0:00:00
2025-07-06,1:00:00,18.25,18.25,84.66,84.66,259.65,259.65,1379.64,1379.64,9.56,9.56,7.02,179.02,2025-07-06 1:00:00
2025-07-06,2:00:00,17.08,17.08,85.61,85.61,260.79,260.79,1284.68,1284.68,9.5,9.5,2,51.03,2025-07-06 2:00:00
2025-07-06,3:00:00,20.17,20.17,87.13,87.13,255.63,255.63,1222.73,1222.73,9.8,9.8,2,51,2025-07-06 3:00:00
2025-07-06,4:00:00,23.03,23.03,87.45,87.45,261.26,261.26,1241.67,1241.67,9.79,9.79,2,51.02,2025-07-06 4:00:00
2025-07-06,5:00:00,23.88,23.88,87.07,87.07,259.51,259.51,1454.91,1454.91,9.82,9.82,4.88,124.48,2025-07-06 5:00:00
2025-07-06,6:00:00,49.2,49.2,85.53,85.53,272.56,272.56,1587.29,1587.29,9.16,9.16,5.33,135.8,2025-07-06 6:00:00
2025-07-06,7:00:00,21.63,21.63,87.94,87.94,256.94,256.94,1233.43,1233.43,9.92,9.92,5.11,130.22,2025-07-06 7:00:00
2025-07-06,8:00:00,17.86,17.86,93.73,93.73,260.16,260.16,1107.73,1107.73,9.78,9.78,9.84,250.96,2025-07-06 8:00:00
2025-07-06,9:00:00,14.9,14.9,84.8,84.8,254.87,254.87,1179.76,1179.76,9.79,9.79,9.68,246.96,2025-07-06 9:00:00
2025-07-06,10:00:00,13.66,13.66,90.87,90.87,252.37,252.37,1192.64,1192.64,9.76,9.76,11.33,288.88,2025-07-06 10:00:00
2025-07-06,11:00:00,13.33,13.33,83.35,83.35,266.2,266.2,1228.01,1228.01,9.75,9.75,11.04,281.56,2025-07-06 11:00:00
2025-07-06,12:00:00,14.18,14.18,92.58,92.58,271.75,271.75,1419.38,1419.38,9.9,9.9,8.11,206.93,2025-07-06 12:00:00
2025-07-06,13:00:00,11.22,11.22,87.77,87.77,237.04,237.04,916.24,916.24,10.04,10.04,7.68,195.73,2025-07-06 13:00:00
2025-07-06,14:00:00,9.7,9.7,91.86,91.86,229.31,229.31,809.61,809.61,10,10,8.15,207.93,2025-07-06 14:00:00
2025-07-06,15:00:00,9.79,9.79,84.78,84.78,238.15,238.15,851.73,851.73,10,10,3.87,98.7,2025-07-06 15:00:00
2025-07-06,16:00:00,9.98,9.98,87.99,87.99,235.43,235.43,843.6,843.6,10,10,2,51,2025-07-06 16:00:00
2025-07-06,17:00:00,10.5,10.5,91.09,91.09,234.23,234.23,769.07,769.07,10.09,10.09,2,51,2025-07-06 17:00:00
2025-07-06,18:00:00,11.05,11.05,90.61,90.61,231.18,231.18,738.31,738.31,10.03,10.03,2,51,2025-07-06 18:00:00
2025-07-06,19:00:00,10.43,10.43,90.7,90.7,236.21,236.21,757.17,757.17,10,10,2,51,2025-07-06 19:00:00
2025-07-06,20:00:00,11.49,11.49,91.26,91.26,240.91,240.91,770.85,770.85,10,10,2.45,62.6,2025-07-06 20:00:00
2025-07-06,21:00:00,15.44,15.44,91.31,91.31,238.83,238.83,820.7,820.7,10,10,3.56,90.79,2025-07-06 21:00:00
2025-07-06,22:00:00,20.51,20.51,91.1,91.1,238.75,238.75,1001.54,1001.54,10,10,3.72,94.85,2025-07-06 22:00:00
2025-07-06,23:00:00,19.4,19.4,90.6,90.6,244.63,244.63,1010.79,1010.79,10,10,9.51,242.54,2025-07-06 23:00:00
2025-07-07,0:00:00,55.35,55.35,91.08,91.08,250.5,250.5,971.89,971.89,9.99,9.99,11.31,288.44,2025-07-07 0:00:00
2025-07-07,1:00:00,42.2,42.2,87.47,87.47,262.11,262.11,865.29,865.29,9.32,9.32,11.82,301.37,2025-07-07 1:00:00
2025-07-07,2:00:00,14.15,14.15,91.38,91.38,251.98,251.98,788.33,788.33,10,10,3.84,97.88,2025-07-07 2:00:00
2025-07-07,3:00:00,11.07,11.07,92.35,92.35,254.51,254.51,778.4,778.4,10,10,2,51,2025-07-07 3:00:00
2025-07-07,4:00:00,12.38,12.38,91.92,91.92,245.65,245.65,813.16,813.16,10,10,2,51,2025-07-07 4:00:00
2025-07-07,5:00:00,12.85,12.85,91.9,91.9,245.31,245.31,850.74,850.74,10,10,2.29,58.36,2025-07-07 5:00:00
2025-07-07,6:00:00,12.78,12.78,92.42,92.42,247.6,247.6,870.44,870.44,10,10,6,152.96,2025-07-07 6:00:00
2025-07-07,7:00:00,10.84,10.84,92.25,92.25,242.78,242.78,862.26,862.26,10,10,8.61,219.57,2025-07-07 7:00:00
2025-07-07,8:00:00,8.88,8.88,91.87,91.87,250.75,250.75,821.52,821.52,10,10,8.25,210.49,2025-07-07 8:00:00
2025-07-07,9:00:00,8.96,8.96,91.76,91.76,247.82,247.82,812.17,812.17,10,10,5.54,141.17,2025-07-07 9:00:00
2025-07-07,10:00:00,9.15,9.15,91.47,91.47,238.93,238.93,804.25,804.25,10,10,4.97,126.64,2025-07-07 10:00:00
2025-07-07,11:00:00,9.19,9.19,91.04,91.04,241.8,241.8,827.8,827.8,10,10,5.95,151.74,2025-07-07 11:00:00
2025-07-07,12:00:00,8.84,8.84,90.21,90.21,248.86,248.86,826.78,826.78,10,10,6.71,171.06,2025-07-07 12:00:00
2025-07-07,13:00:00,8.88,8.88,89.52,89.52,245.02,245.02,943.88,943.88,10,10,9.44,240.81,2025-07-07 13:00:00
2025-07-07,14:00:00,9.7,9.7,90.12,90.12,242.87,242.87,1001.27,1001.27,10,10,14.01,357.13,2025-07-07 14:00:00
2025-07-07,15:00:00,9.91,9.91,89.99,89.99,237.54,237.54,1004.44,1004.44,10,10,5.72,145.95,2025-07-07 15:00:00
2025-07-07,16:00:00,11.24,11.24,90.79,90.79,244.9,244.9,883.22,883.22,10,10,2,51,2025-07-07 16:00:00
2025-07-07,17:00:00,9.75,9.75,90.08,90.08,239.31,239.31,848.53,848.53,10,10,5.19,132.35,2025-07-07 17:00:00
2025-07-07,18:00:00,8.64,8.64,90.91,90.91,235.57,235.57,969.73,969.73,10,10,7.79,198.74,2025-07-07 18:00:00
2025-07-07,19:00:00,8.02,8.02,90,90,226.49,226.49,1127.89,1127.89,10,10,9.99,254.86,2025-07-07 19:00:00
2025-07-07,20:00:00,8.09,8.09,89.93,89.93,228.06,228.06,929.14,929.14,10,10,3.31,84.4,2025-07-07 20:00:00
2025-07-07,21:00:00,9,9,90.74,90.74,237.92,237.92,925.3,925.3,10,10,9.26,236.15,2025-07-07 21:00:00
2025-07-07,22:00:00,9.88,9.88,90.98,90.98,251.65,251.65,841.78,841.78,10,10,10.72,273.48,2025-07-07 22:00:00
2025-07-07,23:00:00,9.63,9.63,91.08,91.08,235.32,235.32,852.19,852.19,10,10,2.23,56.99,2025-07-07 23:00:00
2025-07-08,0:00:00,14.01,14.01,86.85,86.85,246.19,246.19,911.99,911.99,9.23,9.23,1.94,49.5,2025-07-08 0:00:00
2025-07-08,1:00:00,10.44,10.44,90.99,90.99,240.9,240.9,817.42,817.42,9.96,9.96,1.99,50.83,2025-07-08 1:00:00
2025-07-08,2:00:00,19.08,19.08,91.23,91.23,316.72,316.72,700.2,700.2,10.01,10.01,2.3,58.65,2025-07-08 2:00:00
2025-07-08,3:00:00,28.5,28.5,89.48,89.48,305.55,305.55,804.58,804.58,9.44,9.44,4.02,102.53,2025-07-08 3:00:00
2025-07-08,4:00:00,47.67,47.67,88.47,88.47,288.58,288.58,907.28,907.28,9.16,9.16,4.96,126.56,2025-07-08 4:00:00
2025-07-08,5:00:00,48.36,48.36,89.18,89.18,278.91,278.91,868.73,868.73,9.58,9.58,5,127.4,2025-07-08 5:00:00
2025-07-08,6:00:00,48.01,48.01,80.81,80.81,290.19,290.19,1083.2,1083.2,7.66,7.66,5,127.5,2025-07-08 6:00:00
2025-07-08,7:00:00,33.98,33.98,82.1,82.1,276.73,276.73,919.63,919.63,8,8,5.96,152.08,2025-07-08 7:00:00
2025-07-08,8:00:00,33.23,33.23,81.16,81.16,265.75,265.75,1057.81,1057.81,7.66,7.66,9.18,234.05,2025-07-08 8:00:00
2025-07-08,9:00:00,24.11,24.11,79.7,79.7,279.12,279.12,1265.35,1265.35,7.13,7.13,7.75,197.62,2025-07-08 9:00:00
2025-07-08,10:00:00,28.18,28.18,79.76,79.76,287.49,287.49,1045.39,1045.39,7.25,7.25,8.17,208.32,2025-07-08 10:00:00
2025-07-08,11:00:00,30.99,30.99,79.7,79.7,289.56,289.56,1201.67,1201.67,7.16,7.16,8.9,227.03,2025-07-08 11:00:00
2025-07-08,12:00:00,40.74,40.74,79.29,79.29,281.48,281.48,1448.09,1448.09,7.04,7.04,9.42,240.28,2025-07-08 12:00:00
2025-07-08,13:00:00,45.94,45.94,79.48,79.48,277.57,277.57,1256.5,1256.5,7.02,7.02,11.81,301.05,2025-07-08 13:00:00
2025-07-08,14:00:00,45.3,16.97,48.64,28.81,164.25,99.76,805.83,455.17,4.24,3.12,12.93,123.49,2025-07-08 14:00:00
2025-07-08,15:00:00,46.18,14.74,61.84,21.52,271.37,102.6,1370.37,447.41,7.02,3.23,10.5,86.97,2025-07-08 15:00:00
2025-07-08,16:00:00,35.17,35.17,55.58,55.58,269.97,269.97,1248.28,1248.28,7.23,7.23,6.14,156.59,2025-07-08 16:00:00
2025-07-08,17:00:00,42.05,42.05,57.4,57.4,287.54,287.54,971.96,971.96,7.98,7.98,2,51.04,2025-07-08 17:00:00
2025-07-08,18:00:00,37.83,37.83,56.78,56.78,282.6,282.6,1076.39,1076.39,7.41,7.41,2,51.04,2025-07-08 18:00:00
2025-07-08,19:00:00,42.58,42.58,57.96,57.96,278.16,278.16,1058.49,1058.49,7.42,7.42,2,51.04,2025-07-08 19:00:00
2025-07-08,20:00:00,42.91,42.91,57.6,57.6,271.22,271.22,1067.42,1067.42,7.58,7.58,2,51,2025-07-08 20:00:00
2025-07-08,21:00:00,46.26,46.26,58.09,58.09,268.48,268.48,1029.87,1029.87,7.76,7.76,2,51,2025-07-08 21:00:00
2025-07-08,22:00:00,57.57,57.57,61.86,61.86,250.87,250.87,1020.7,1020.7,8.69,8.69,2.15,54.74,2025-07-08 22:00:00
2025-07-08,23:00:00,37.96,37.96,63.34,63.34,236.86,236.86,1079.65,1079.65,9.15,9.15,4.03,102.82,2025-07-08 23:00:00
2025-07-09,0:00:00,69.57,69.57,62.69,62.69,248.08,248.08,1199.38,1199.38,8.63,8.63,4.02,102.49,2025-07-09 0:00:00
2025-07-09,1:00:00,64.43,64.43,64.26,64.26,245.34,245.34,1118.34,1118.34,9.01,9.01,3.49,88.92,2025-07-09 1:00:00
2025-07-09,2:00:00,55.03,55.03,64.48,64.48,253.47,253.47,1079.7,1079.7,9.08,9.08,3.83,97.58,2025-07-09 2:00:00
2025-07-09,3:00:00,54.31,54.31,64.49,64.49,247.76,247.76,1229.48,1229.48,9.17,9.17,4.38,111.72,2025-07-09 3:00:00
2025-07-09,4:00:00,52.24,52.24,65.56,65.56,244.59,244.59,1265.25,1265.25,9.45,9.45,4.33,110.44,2025-07-09 4:00:00
2025-07-09,5:00:00,63.11,63.11,65.19,65.19,248.52,248.52,1144.14,1144.14,9.64,9.64,3.57,90.98,2025-07-09 5:00:00
2025-07-09,6:00:00,59.94,59.94,65.23,65.23,252.55,252.55,1049.7,1049.7,9.58,9.58,3.65,93.18,2025-07-09 6:00:00
2025-07-09,7:00:00,57.3,57.3,62.87,62.87,258.03,258.03,1180.47,1180.47,8.89,8.89,4.18,106.52,2025-07-09 7:00:00
2025-07-09,8:00:00,85.95,85.95,64.33,64.33,266.21,266.21,1018.51,1018.51,9.1,9.1,5.12,130.46,2025-07-09 8:00:00
2025-07-09,9:00:00,59.95,59.95,66.57,66.57,250.67,250.67,1062.81,1062.81,9.64,9.64,6.25,159.39,2025-07-09 9:00:00
2025-07-09,10:00:00,55.14,55.14,67.01,67.01,260.33,260.33,953.13,953.13,9.69,9.69,7.81,199.06,2025-07-09 10:00:00
2025-07-09,11:00:00,61.33,61.33,63.54,63.54,259.96,259.96,980.03,980.03,9.64,9.64,10.23,260.96,2025-07-09 11:00:00
2025-07-09,12:00:00,69.45,69.45,64.83,64.83,261.97,261.97,1104.38,1104.38,9.14,9.14,10.14,258.64,2025-07-09 12:00:00
2025-07-09,13:00:00,51.43,51.43,64.75,64.75,259.84,259.84,1064.18,1064.18,9.08,9.08,8.88,226.43,2025-07-09 13:00:00
2025-07-09,14:00:00,58.74,58.74,58.76,58.76,278.65,278.65,1233.17,1233.17,7.68,7.68,11.98,305.57,2025-07-09 14:00:00
2025-07-09,15:00:00,72.25,72.25,67.66,67.66,263.36,263.36,1116.31,1116.31,8.65,8.65,17.1,436.07,2025-07-09 15:00:00
2025-07-09,16:00:00,50.96,50.96,62.25,62.25,262.91,262.91,1047.76,1047.76,9.15,9.15,15.56,396.87,2025-07-09 16:00:00
2025-07-09,17:00:00,43.45,43.45,67.8,67.8,247.15,247.15,1203.79,1203.79,9,9,7.54,192.19,2025-07-09 17:00:00
2025-07-09,18:00:00,55.93,55.93,61.83,61.83,246.66,246.66,1263.61,1263.61,9,9,4.16,106.08,2025-07-09 18:00:00
2025-07-09,19:00:00,55.44,55.44,63.56,63.56,249.18,249.18,1197.18,1197.18,9.11,9.11,2.05,52.16,2025-07-09 19:00:00
2025-07-09,20:00:00,58.47,58.47,64.61,64.61,252.47,252.47,1073.29,1073.29,9.07,9.07,2.03,51.67,2025-07-09 20:00:00
2025-07-09,21:00:00,54.1,54.1,61.55,61.55,251.78,251.78,1000.69,1000.69,8.28,8.28,2.01,51.32,2025-07-09 21:00:00
2025-07-09,22:00:00,86.95,86.95,61.7,61.7,259.76,259.76,829.81,829.81,8.39,8.39,2.05,52.18,2025-07-09 22:00:00
2025-07-09,23:00:00,70.8,70.8,66.1,66.1,253.64,253.64,821.56,821.56,9.87,9.87,2.9,74.02,2025-07-09 23:00:00
2025-07-10,0:00:00,42.79,42.79,65.76,65.76,251.21,251.21,886.72,886.72,10,10,2.04,52.04,2025-07-10 0:00:00
2025-07-10,1:00:00,34.05,34.05,65.12,65.12,226.53,226.53,937.32,937.32,9.89,9.89,3.13,79.71,2025-07-10 1:00:00
2025-07-10,2:00:00,27.18,27.18,64.46,64.46,213.87,213.87,971.8,971.8,9.47,9.47,5.14,130.99,2025-07-10 2:00:00
2025-07-10,3:00:00,39.69,39.69,64.93,64.93,230.09,230.09,872.93,872.93,9.74,9.74,3.68,93.79,2025-07-10 3:00:00
2025-07-10,4:00:00,51.19,51.19,65.13,65.13,240.07,240.07,829.13,829.13,9.32,9.32,5.51,140.39,2025-07-10 4:00:00
2025-07-10,5:00:00,36.6,36.6,65.16,65.16,246.31,246.31,818.26,818.26,9.54,9.54,3.67,93.51,2025-07-10 5:00:00
2025-07-10,6:00:00,28.72,28.72,64.99,64.99,246.37,246.37,814.2,814.2,9.9,9.9,6.35,161.92,2025-07-10 6:00:00
2025-07-10,7:00:00,38.65,38.65,65.22,65.22,256.78,256.78,801.07,801.07,9.86,9.86,3.35,85.33,2025-07-10 7:00:00
2025-07-10,8:00:00,35.1,35.1,65.7,65.7,255.79,255.79,818.73,818.73,9.96,9.96,2,51.09,2025-07-10 8:00:00
2025-07-10,9:00:00,35.92,35.92,66.27,66.27,215.98,215.98,994.4,994.4,9.74,9.74,5.82,148.41,2025-07-10 9:00:00
2025-07-10,10:00:00,47.63,47.63,65.14,65.14,220.5,220.5,897.99,897.99,9.74,9.74,9.08,231.43,2025-07-10 10:00:00
2025-07-10,11:00:00,64.96,64.96,65.84,65.84,238,238,857,857,9.64,9.64,13.95,355.78,2025-07-10 11:00:00
2025-07-10,12:00:00,89.8,89.8,64.72,64.72,311.27,311.27,819.87,819.87,8.05,8.05,13.53,345.01,2025-07-10 12:00:00
2025-07-10,13:00:00,105,105,59.85,59.85,300.58,300.58,877.94,877.94,8,8,12.99,331.35,2025-07-10 13:00:00
2025-07-10,14:00:00,95.02,95.02,69.09,69.09,276.05,276.05,837.46,837.46,9.5,9.5,16.46,419.84,2025-07-10 14:00:00
2025-07-10,15:00:00,74.61,74.61,66.68,66.68,265.09,265.09,797.64,797.64,9.98,9.98,12.37,315.52,2025-07-10 15:00:00
2025-07-10,16:00:00,34.66,34.66,68.52,68.52,255.93,255.93,769.62,769.62,9.99,9.99,9.22,235.01,2025-07-10 16:00:00
2025-07-10,17:00:00,34.88,34.88,63.31,63.31,250.61,250.61,1001.06,1001.06,9.53,9.53,9.37,238.82,2025-07-10 17:00:00
2025-07-10,18:00:00,58.03,58.03,68.99,68.99,279.54,279.54,891.11,891.11,9.76,9.76,7.38,188.09,2025-07-10 18:00:00
2025-07-10,19:00:00,68.61,68.61,64.3,64.3,275.71,275.71,900.52,900.52,9.91,9.91,2.48,63.17,2025-07-10 19:00:00
2025-07-10,20:00:00,48.59,48.59,69.75,69.75,254.7,254.7,774.32,774.32,9.97,9.97,2.03,51.79,2025-07-10 20:00:00
2025-07-10,21:00:00,48.22,48.22,64,64,256.71,256.71,715.53,715.53,9.99,9.99,2.03,51.88,2025-07-10 21:00:00
2025-07-10,22:00:00,57.78,57.78,65.59,65.59,261.26,261.26,755.9,755.9,10,10,2.03,51.78,2025-07-10 22:00:00
2025-07-10,23:00:00,67.2,67.2,66.54,66.54,260.24,260.24,852.37,852.37,9.96,9.96,2.03,51.76,2025-07-10 23:00:00
2025-07-11,0:00:00,41.3,41.3,66.64,66.64,260.22,260.22,878.1,878.1,10,10,2.42,61.78,2025-07-11 0:00:00
2025-07-11,1:00:00,34.85,34.85,66.57,66.57,246.97,246.97,819.3,819.3,10,10,2.53,64.49,2025-07-11 1:00:00
2025-07-11,2:00:00,38.99,38.99,66.28,66.28,249.83,249.83,818.01,818.01,10,10,2.16,55.09,2025-07-11 2:00:00
2025-07-11,3:00:00,44.16,44.16,67.21,67.21,252.73,252.73,825.86,825.86,10,10,4.01,102.29,2025-07-11 3:00:00
2025-07-11,4:00:00,29.8,29.8,66.89,66.89,249.96,249.96,806.25,806.25,10,10,4.05,103.4,2025-07-11 4:00:00
2025-07-11,5:00:00,52.45,52.45,66.86,66.86,254.36,254.36,804.56,804.56,9.79,9.79,4,102,2025-07-11 5:00:00
2025-07-11,6:00:00,60.4,60.4,68,68,238.26,238.26,825.16,825.16,10,10,4.56,116.31,2025-07-11 6:00:00
2025-07-11,7:00:00,50.55,50.55,66.71,66.71,261.09,261.09,804.84,804.84,9.59,9.59,5.57,141.92,2025-07-11 7:00:00
2025-07-11,8:00:00,60.63,52.01,75.3,65.12,292.81,280.11,658.29,626.13,11.31,9.96,7.3,166.32,2025-07-11 8:00:00
2025-07-11,9:00:00,50.75,1,13.08,1,5.2,1,4.23,1,3.83,1,7.11,1,2025-07-11 9:00:00
2025-07-11,10:00:00,90.46,1,110.76,1,4.83,1,427.22,1,6.21,1,6.6,1,2025-07-11 10:00:00
2025-07-11,11:00:00,62.24,1,23.22,1,3.88,1,479.43,1,5.86,1,8.61,1,2025-07-11 11:00:00
2025-07-11,12:00:00,72.96,1,27.47,1,4.86,1,493.71,1,6.21,1,11.75,1,2025-07-11 12:00:00
2025-07-11,13:00:00,39.47,1,22.77,1,35.51,1,347.08,1,4.84,1,11.2,1,2025-07-11 13:00:00
2025-07-11,14:00:00,73.6,2.55,28.09,3.05,140.12,8.51,198.28,17.19,4.08,1.21,8.85,6.59,2025-07-11 14:00:00
2025-07-11,15:00:00,31.59,31.59,91.17,91.17,269.24,269.24,682.13,682.13,10.02,10.02,4.7,119.95,2025-07-11 15:00:00
2025-07-11,16:00:00,13.46,13.45,76.29,76.23,238.08,237.87,813.65,812.88,10.01,10.01,4.74,120.75,2025-07-11 16:00:00
2025-07-11,17:00:00,22.28,22.28,73.9,73.9,219.22,219.22,938.87,938.87,9.76,9.76,10.06,256.44,2025-07-11 17:00:00
2025-07-11,18:00:00,38.57,38.57,81.5,81.5,233.75,233.75,865,865,9.88,9.88,2.98,75.98,2025-07-11 18:00:00
2025-07-11,19:00:00,48.2,48.2,73.1,73.1,230.71,230.71,958.64,958.64,9.62,9.62,3.49,88.96,2025-07-11 19:00:00
2025-07-11,20:00:00,52.38,52.38,76.37,76.37,227.1,227.1,1007.18,1007.18,9.5,9.5,2.01,51.31,2025-07-11 20:00:00
2025-07-11,21:00:00,42.95,42.95,75,75,209.34,209.34,985.44,985.44,9.55,9.55,2.02,51.62,2025-07-11 21:00:00
2025-07-11,22:00:00,48.08,48.08,72.99,72.99,243.35,243.35,817.27,817.27,9.54,9.54,2.03,51.65,2025-07-11 22:00:00
2025-07-11,23:00:00,54.56,54.56,75.39,75.39,239.09,239.09,792.63,792.63,9.85,9.85,2.21,56.31,2025-07-11 23:00:00
2025-07-12,0:00:00,49.54,49.54,75.96,75.96,222.66,222.66,871.1,871.1,9.84,9.84,3.6,91.73,2025-07-12 0:00:00
2025-07-12,1:00:00,52.95,52.95,76.85,76.85,225.11,225.11,821.98,821.98,9.93,9.93,3.53,90,2025-07-12 1:00:00
2025-07-12,2:00:00,53.4,53.4,76.06,76.06,204.06,204.06,895.2,895.2,9.91,9.91,3.44,87.72,2025-07-12 2:00:00
2025-07-12,3:00:00,55.79,55.79,76.42,76.42,207.88,207.88,817.01,817.01,9.9,9.9,3.43,87.37,2025-07-12 3:00:00
2025-07-12,4:00:00,60.79,60.79,76.28,76.28,192.44,192.44,903.87,903.87,9.91,9.91,4.97,126.62,2025-07-12 4:00:00
2025-07-12,5:00:00,59.62,59.62,75.96,75.96,203.84,203.84,867.39,867.39,9.79,9.79,5.17,131.76,2025-07-12 5:00:00
2025-07-12,6:00:00,53.56,53.56,76.59,76.59,205.33,205.33,860.42,860.42,9.91,9.91,4.97,126.72,2025-07-12 6:00:00
2025-07-12,7:00:00,47.8,47.8,76.3,76.3,215.35,215.35,867.83,867.83,9.68,9.68,4.95,126.11,2025-07-12 7:00:00
2025-07-12,8:00:00,45.84,45.84,76.77,76.77,197.21,197.21,927.24,927.24,9.92,9.92,5.5,140.23,2025-07-12 8:00:00
2025-07-12,9:00:00,84.57,84.57,73.97,73.97,187.09,187.09,1335.44,1335.44,9.11,9.11,6.76,172.42,2025-07-12 9:00:00
2025-07-12,10:00:00,104.55,104.55,74.91,74.91,233.58,233.58,1016.89,1016.89,8.91,8.91,8.45,215.56,2025-07-12 10:00:00
2025-07-12,11:00:00,78.23,56.88,74.98,47.34,168.72,126.08,929.58,659.24,7.93,6.13,6.69,108.81,2025-07-12 11:00:00
2025-07-12,12:00:00,44.87,5.53,173.92,7.86,113.45,18.6,649.66,96.61,5.41,1.77,5.42,12.36,2025-07-12 12:00:00
2025-07-12,13:00:00,48.37,48.37,70.57,70.57,202.75,202.75,1186.25,1186.25,9.49,9.49,4.47,113.89,2025-07-12 13:00:00
2025-07-12,14:00:00,44.72,44.72,67.29,67.29,193.31,193.31,1207.2,1207.2,9.37,9.37,3.51,89.62,2025-07-12 14:00:00
2025-07-12,15:00:00,57.9,57.9,68.01,68.01,207.1,207.1,1304.11,1304.11,9.16,9.16,2.88,73.39,2025-07-12 15:00:00
2025-07-12,16:00:00,62.25,62.25,69.09,69.09,203.28,203.28,1020.83,1020.83,9.62,9.62,2.39,60.84,2025-07-12 16:00:00
2025-07-12,17:00:00,53.43,53.43,69.53,69.53,226.03,226.03,785.94,785.94,9.77,9.77,2,51.12,2025-07-12 17:00:00
2025-07-12,18:00:00,37.79,37.79,70.03,70.03,254.17,254.17,689.44,689.44,10,10,2,51,2025-07-12 18:00:00
2025-07-12,19:00:00,50.12,50.12,70.25,70.25,273.42,273.42,682.54,682.54,10,10,3.5,89.25,2025-07-12 19:00:00
2025-07-12,20:00:00,63.55,63.55,70.54,70.54,283.52,283.52,679.09,679.09,10,10,4.24,108.09,2025-07-12 20:00:00
2025-07-12,21:00:00,29.72,29.72,77.56,77.56,338.43,338.43,587.13,587.13,11.5,11.5,4.67,119.13,2025-07-12 21:00:00
2025-07-12,22:00:00,11.55,11.55,79.52,79.52,282.56,282.56,593.7,593.7,12,12,5,127.45,2025-07-12 22:00:00
2025-07-12,23:00:00,7.61,7.61,78.48,78.48,208.12,208.12,629.62,629.62,11.9,11.9,4.38,111.72,2025-07-12 23:00:00
2025-07-13,0:00:00,6.01,6.01,77.14,77.14,248.82,248.82,595.29,595.29,11.57,11.57,4.07,103.77,2025-07-13 0:00:00
2025-07-13,1:00:00,6.09,6.09,78.47,78.47,290.42,290.42,535.05,535.05,12,12,3.64,92.93,2025-07-13 1:00:00
2025-07-13,2:00:00,6.36,6.36,81.18,81.18,267.82,267.82,518.04,518.04,12.11,12.11,2.73,69.63,2025-07-13 2:00:00
2025-07-13,3:00:00,5.48,5.48,81.23,81.23,198.69,198.69,508.15,508.15,12,12,3.63,92.59,2025-07-13 3:00:00
2025-07-13,4:00:00,4.67,4.67,79.61,79.61,216.56,216.56,469.03,469.03,12,12,4.89,124.57,2025-07-13 4:00:00
2025-07-13,5:00:00,20.16,20.16,76.37,76.37,190.36,190.36,612.36,612.36,11.18,11.18,5.01,127.72,2025-07-13 5:00:00
2025-07-13,6:00:00,55,55,70.02,70.02,203.01,203.01,692.75,692.75,10,10,6.05,154.3,2025-07-13 6:00:00
2025-07-13,7:00:00,50.7,50.7,70.8,70.8,187.49,187.49,836.25,836.25,10,10,6.53,166.61,2025-07-13 7:00:00
2025-07-13,8:00:00,47.92,47.92,69.82,69.82,193.76,193.76,860.76,860.76,10.01,10.01,4.42,112.81,2025-07-13 8:00:00
2025-07-13,9:00:00,60.71,60.71,69.45,69.45,202.44,202.44,877.41,877.41,9.86,9.86,3.55,90.61,2025-07-13 9:00:00
2025-07-13,10:00:00,68.27,68.27,70,70,206.42,206.42,893.93,893.93,9.8,9.8,5.25,133.91,2025-07-13 10:00:00
2025-07-13,11:00:00,70.64,70.64,69.55,69.55,208.87,208.87,775.44,775.44,10,10,4.84,123.47,2025-07-13 11:00:00
2025-07-13,12:00:00,91.06,91.06,69.41,69.41,206.78,206.78,910.5,910.5,9.69,9.69,4.56,116.24,2025-07-13 12:00:00
2025-07-13,13:00:00,57.67,56.31,74.12,66.81,262.44,233.49,787.83,740.4,10.68,9.62,9.86,226.13,2025-07-13 13:00:00
2025-07-13,14:00:00,5.07,1,174.01,1,413.84,1,831.89,1,4.41,1,7.39,1,2025-07-13 14:00:00
2025-07-13,15:00:00,5.04,2.59,70.42,36.38,212.27,97.48,239.99,118.14,11.57,5.44,3.43,23.18,2025-07-13 15:00:00
2025-07-13,16:00:00,4.29,4.29,70.96,70.96,204.05,204.05,267.02,267.02,11.34,11.34,2,51.04,2025-07-13 16:00:00
2025-07-13,17:00:00,6.38,6.38,72.91,72.91,170.08,170.08,265.62,265.62,12,12,2,51,2025-07-13 17:00:00
2025-07-13,18:00:00,6.15,6.15,71.64,71.64,183.35,183.35,268.02,268.02,12,12,2,51.01,2025-07-13 18:00:00
2025-07-13,19:00:00,5.51,5.51,70.34,70.34,232.02,232.02,259.46,259.46,11.75,11.75,2.6,66.29,2025-07-13 19:00:00
2025-07-13,20:00:00,8.08,8.08,65.13,65.13,308.02,308.02,414.64,414.64,10.73,10.73,3.13,79.87,2025-07-13 20:00:00
2025-07-13,21:00:00,20.92,20.92,64.15,64.15,323.28,323.28,299.66,299.66,9.92,9.92,2.15,54.79,2025-07-13 21:00:00
2025-07-13,22:00:00,11.11,11.11,64.08,64.08,283.19,283.19,318.86,318.86,9.95,9.95,2.98,76.09,2025-07-13 22:00:00
2025-07-13,23:00:00,19.52,19.52,67.94,67.94,279.55,279.55,348.93,348.93,10,10,2.17,55.3,2025-07-13 23:00:00
2025-07-14,0:00:00,38.58,38.58,68.25,68.25,289.64,289.64,356.97,356.97,9.04,9.04,3.98,101.51,2025-07-14 0:00:00
2025-07-14,1:00:00,40.72,40.72,58.93,58.93,292.09,292.09,422.61,422.61,7.98,7.98,8.59,219.1,2025-07-14 1:00:00
2025-07-14,2:00:00,50.87,50.87,59.36,59.36,241.22,241.22,430.96,430.96,8.13,8.13,8.44,215.24,2025-07-14 2:00:00
2025-07-14,3:00:00,39.84,39.84,55.64,55.64,270.31,270.31,372.35,372.35,8.06,8.06,3.67,93.66,2025-07-14 3:00:00
2025-07-14,4:00:00,41.33,41.33,63.43,63.43,276.72,276.72,421.47,421.47,8,8,3.3,84.15,2025-07-14 4:00:00
2025-07-14,5:00:00,44.95,44.95,53.64,53.64,259.8,259.8,544.67,544.67,7.7,7.7,2.18,55.5,2025-07-14 5:00:00
2025-07-14,6:00:00,46.48,46.48,56.71,56.71,271.66,271.66,504.1,504.1,7.96,7.96,5.1,130.13,2025-07-14 6:00:00
2025-07-14,7:00:00,51.46,51.46,62.28,62.28,273.53,273.53,522.89,522.89,8.07,8.07,7.41,189.02,2025-07-14 7:00:00
2025-07-14,8:00:00,41.44,41.44,53.1,53.1,265.79,265.79,511.8,511.8,7.76,7.76,8.26,210.59,2025-07-14 8:00:00
2025-07-14,9:00:00,34.67,34.6,61.22,61.07,284.89,284.2,480,478.63,7.54,7.53,6.46,164.41,2025-07-14 9:00:00
2025-07-14,10:00:00,30.1,30.1,53.02,53.02,277.65,277.65,535.55,535.55,7.32,7.32,10.93,278.8,2025-07-14 10:00:00
2025-07-14,11:00:00,27.15,27.15,53.38,53.38,274.46,274.46,581.96,581.96,7.03,7.03,12.37,315.33,2025-07-14 11:00:00
2025-07-14,12:00:00,29.09,29.09,55.88,55.88,272.23,272.23,556.58,556.58,7.43,7.43,13.53,345.01,2025-07-14 12:00:00
2025-07-14,13:00:00,68.03,68.03,58.82,58.82,257.25,257.25,627,627,7.87,7.87,17.93,457.11,2025-07-14 13:00:00
2025-07-14,14:00:00,37.48,37.48,63.22,63.22,234.66,234.66,512.02,512.02,9.26,9.26,12.99,331.3,2025-07-14 14:00:00
2025-07-14,15:00:00,11.44,11.44,63.36,63.36,224.82,224.82,579.28,579.28,9.39,9.39,9.23,235.47,2025-07-14 15:00:00
2025-07-14,16:00:00,9.58,9.58,63.05,63.05,214.45,214.45,637.13,637.13,9.07,9.07,2.36,60.28,2025-07-14 16:00:00
2025-07-14,17:00:00,9.23,9.23,63.76,63.76,225.13,225.13,778.67,778.67,9.36,9.36,2.14,54.68,2025-07-14 17:00:00
2025-07-14,18:00:00,9.22,9.22,62.95,62.95,224.8,224.8,626.93,626.93,9.11,9.11,2.03,51.76,2025-07-14 18:00:00
2025-07-14,19:00:00,9.9,9.9,62.14,62.14,237.97,237.97,547.05,547.05,9.21,9.21,2.02,51.58,2025-07-14 19:00:00
2025-07-14,20:00:00,9.63,9.63,61.89,61.89,234.38,234.38,658.14,658.14,9.4,9.4,2.03,51.8,2025-07-14 20:00:00
2025-07-14,21:00:00,10.33,10.33,68.41,68.41,226.76,226.76,656.79,656.79,9.26,9.26,2.05,52.17,2025-07-14 21:00:00
2025-07-14,22:00:00,15.84,15.84,62.86,62.86,224.53,224.53,727.87,727.87,9.18,9.18,2.48,63.16,2025-07-14 22:00:00
2025-07-14,23:00:00,29.17,29.17,59.08,59.08,239.3,239.3,737.47,737.47,9.07,9.07,3.87,98.69,2025-07-14 23:00:00
2025-07-15,0:00:00,33.87,33.87,62.09,62.09,232.62,232.62,844.79,844.79,9.15,9.15,2.27,57.98,2025-07-15 0:00:00
2025-07-15,1:00:00,19.5,19.5,64.29,64.29,227.39,227.39,902.55,902.55,9.51,9.51,2.01,51.24,2025-07-15 1:00:00
2025-07-15,2:00:00,26.04,26.04,62.83,62.83,211.3,211.3,441.71,441.71,9.56,9.56,2,51.12,2025-07-15 2:00:00
2025-07-15,3:00:00,20.52,20.52,65.43,65.43,241.21,241.21,318.67,318.67,9.8,9.8,2.4,61.14,2025-07-15 3:00:00
2025-07-15,4:00:00,15.91,15.91,64.98,64.98,236.12,236.12,482.82,482.82,9.32,9.32,3.01,76.72,2025-07-15 4:00:00
2025-07-15,5:00:00,14.99,14.99,59.6,59.6,238.23,238.23,487.82,487.82,9.31,9.31,5.12,130.46,2025-07-15 5:00:00
2025-07-15,6:00:00,13.17,13.17,60.31,60.31,228.15,228.15,562.49,562.49,9.31,9.31,8.75,223.21,2025-07-15 6:00:00
2025-07-15,7:00:00,18.12,18.12,61.94,61.94,230.36,230.36,685.91,685.91,9.42,9.42,8.27,210.76,2025-07-15 7:00:00
2025-07-15,8:00:00,42.67,42.67,63.17,63.17,240,240,461.1,461.1,9.74,9.74,2.86,72.96,2025-07-15 8:00:00
2025-07-15,9:00:00,36.12,36.12,63.36,63.36,240.29,240.29,417.97,417.97,9.38,9.38,6.68,170.46,2025-07-15 9:00:00
2025-07-15,10:00:00,42.28,42.28,62.54,62.54,249.97,249.97,478.53,478.53,9.42,9.42,10.42,265.8,2025-07-15 10:00:00
2025-07-15,11:00:00,35.69,35.69,62.85,62.85,238.62,238.62,452.41,452.41,9.3,9.3,11.59,295.47,2025-07-15 11:00:00
2025-07-15,12:00:00,42.37,42.37,63.46,63.46,248.53,248.53,441.91,441.91,9.09,9.09,10.82,275.89,2025-07-15 12:00:00
2025-07-15,13:00:00,33.22,33.22,63.89,63.89,243.15,243.15,410.38,410.38,9.16,9.16,7.38,188.23,2025-07-15 13:00:00
2025-07-15,14:00:00,35.66,35.66,59.03,59.03,265.38,265.38,448.97,448.97,8,8,8.17,208.44,2025-07-15 14:00:00
2025-07-15,15:00:00,41.77,41.77,57.77,57.77,258.68,258.68,461.98,461.98,7.68,7.68,11,280.61,2025-07-15 15:00:00
2025-07-15,16:00:00,44.76,44.76,56.75,56.75,259.67,259.67,573.74,573.74,7.33,7.33,10.05,256.21,2025-07-15 16:00:00
2025-07-15,17:00:00,28.01,28.01,62.64,62.64,235.3,235.3,668.7,668.7,9,9,9.63,245.54,2025-07-15 17:00:00
2025-07-15,18:00:00,9.45,9.45,61.6,61.6,229.21,229.21,525.39,525.39,9.03,9.03,6.58,167.69,2025-07-15 18:00:00
2025-07-15,19:00:00,9.74,9.74,61.26,61.26,217.62,217.62,610.38,610.38,9.04,9.04,2,51,2025-07-15 19:00:00
2025-07-15,20:00:00,17.33,17.33,70.29,70.29,212.14,212.14,605.41,605.41,9.13,9.13,2,51,2025-07-15 20:00:00
2025-07-15,21:00:00,10.37,10.37,58.38,58.38,214.57,214.57,531.29,531.29,9.01,9.01,2,51,2025-07-15 21:00:00
2025-07-15,22:00:00,9.56,9.56,59.97,59.97,222.23,222.23,514.34,514.34,9,9,2,51.01,2025-07-15 22:00:00
2025-07-15,23:00:00,9.4,9.4,65.43,65.43,227.97,227.97,552.18,552.18,9.04,9.04,3.82,97.52,2025-07-15 23:00:00
2025-07-16,0:00:00,12.33,12.33,57.37,57.37,233.61,233.61,590.89,590.89,9.01,9.01,8.76,223.38,2025-07-16 0:00:00
2025-07-16,1:00:00,17.61,17.61,67.12,67.12,232.18,232.18,572.55,572.55,9.05,9.05,5.15,131.38,2025-07-16 1:00:00
2025-07-16,2:00:00,16.31,16.31,59.21,59.21,220.24,220.24,667.32,667.32,9.16,9.16,11.11,283.23,2025-07-16 2:00:00
2025-07-16,3:00:00,12.31,12.31,63.92,63.92,218.93,218.93,706.57,706.57,9.03,9.03,4.22,107.59,2025-07-16 3:00:00
2025-07-16,4:00:00,14.34,14.34,57.29,57.29,250.1,250.1,694.47,694.47,9.01,9.01,2,51,2025-07-16 4:00:00
2025-07-16,5:00:00,18.63,18.63,60.22,60.22,269.18,269.18,389.82,389.82,9.44,9.44,2,51,2025-07-16 5:00:00
2025-07-16,6:00:00,17.65,17.65,61.75,61.75,290.67,290.67,576.23,576.23,9.55,9.55,5.28,134.69,2025-07-16 6:00:00
2025-07-16,7:00:00,16.52,16.52,62.56,62.56,279.73,279.73,394.24,394.24,9.88,9.88,3.83,97.76,2025-07-16 7:00:00
2025-07-16,8:00:00,21.71,21.71,62.51,62.51,265.51,265.51,490.5,490.5,9.89,9.89,2.01,51.13,2025-07-16 8:00:00
2025-07-16,9:00:00,18.85,18.85,59.95,59.95,266.03,266.03,414.65,414.65,9.54,9.54,3.41,87.01,2025-07-16 9:00:00
2025-07-16,10:00:00,23.51,23.51,69.36,69.36,265.18,265.18,325.09,325.09,9.6,9.6,6.91,176.25,2025-07-16 10:00:00
2025-07-16,11:00:00,13.18,13.18,59.07,59.07,267.78,267.78,329.67,329.67,9.66,9.66,9.17,233.82,2025-07-16 11:00:00
2025-07-16,12:00:00,15.96,15.96,59.61,59.61,271.22,271.22,349.52,349.52,9.31,9.31,12.9,329,2025-07-16 12:00:00
2025-07-16,13:00:00,29.05,29.05,61.2,61.2,249.1,249.1,435.23,435.23,9.15,9.15,12.07,307.88,2025-07-16 13:00:00
2025-07-16,14:00:00,19.01,19.01,61.32,61.32,245.74,245.74,521.45,521.45,9.19,9.19,10.57,269.57,2025-07-16 14:00:00
2025-07-16,15:00:00,22.03,22.03,61.21,61.21,243.16,243.16,525,525,9.22,9.22,12.98,331.02,2025-07-16 15:00:00
2025-07-16,16:00:00,23.35,23.35,62.76,62.76,256.55,256.55,535.32,535.32,9.12,9.12,6.68,170.46,2025-07-16 16:00:00
2025-07-16,17:00:00,33.96,33.96,63.68,63.68,271.81,271.81,437.18,437.18,9.47,9.47,8.08,205.96,2025-07-16 17:00:00
2025-07-16,18:00:00,45.82,45.82,62.94,62.94,251.67,251.67,633.16,633.16,9.45,9.45,11.46,292.27,2025-07-16 18:00:00
2025-07-16,19:00:00,21.3,21.3,62.7,62.7,269.77,269.77,431.51,431.51,9.75,9.75,6.69,170.53,2025-07-16 19:00:00
2025-07-16,20:00:00,16.01,16.01,61.55,61.55,272.34,272.34,446.71,446.71,9.84,9.84,2,51.03,2025-07-16 20:00:00
2025-07-16,21:00:00,14.3,14.3,61.55,61.55,262.72,262.72,566.35,566.35,9.96,9.96,2.02,51.39,2025-07-16 21:00:00
2025-07-16,22:00:00,15.49,15.49,62.53,62.53,259,259,538.82,538.82,9.74,9.74,3.16,80.47,2025-07-16 22:00:00
2025-07-16,23:00:00,16.53,16.53,68.83,68.83,258.3,258.3,579.69,579.69,9.86,9.86,2.85,72.56,2025-07-16 23:00:00
2025-07-17,0:00:00,12.33,12.33,56.74,56.74,262.81,262.81,488.3,488.3,9.64,9.64,2.01,51.19,2025-07-17 0:00:00
2025-07-17,1:00:00,18.42,18.42,56.47,56.47,265.12,265.12,445.25,445.25,9.06,9.06,2.02,51.55,2025-07-17 1:00:00
2025-07-17,2:00:00,13.32,13.32,59.63,59.63,242.71,242.71,461.19,461.19,9.31,9.31,4.05,103.33,2025-07-17 2:00:00
2025-07-17,3:00:00,14.69,14.69,59.83,59.83,259.38,259.38,424.31,424.31,9.23,9.23,4.92,125.36,2025-07-17 3:00:00
2025-07-17,4:00:00,24.98,24.98,60.66,60.66,246.03,246.03,524.13,524.13,9.4,9.4,4.89,124.65,2025-07-17 4:00:00
2025-07-17,5:00:00,50.11,50.11,60.76,60.76,231.84,231.84,514.67,514.67,9.01,9.01,4.36,111.16,2025-07-17 5:00:00
2025-07-17,6:00:00,35.85,35.82,56.84,56.78,260.11,259.79,434.24,433.75,8.38,8.37,5.12,130.4,2025-07-17 6:00:00
2025-07-17,7:00:00,28.36,28.36,55.59,55.59,291.22,291.22,432.66,432.66,8,8,5.71,145.53,2025-07-17 7:00:00
2025-07-17,8:00:00,29.55,29.55,54.14,54.14,255.65,255.65,619.16,619.16,7.66,7.66,7.2,183.5,2025-07-17 8:00:00
2025-07-17,9:00:00,13.09,12.63,53.13,51.94,243.98,238.22,740.63,726.09,7,6.86,9.81,245.44,2025-07-17 9:00:00
2025-07-17,10:00:00,7.68,7.68,52.72,52.72,248.31,248.31,674.56,674.56,7.02,7.02,12.01,306.17,2025-07-17 10:00:00
2025-07-17,11:00:00,8.12,8.12,52.62,52.62,243.26,243.26,676.28,676.28,7.01,7.01,18,458.96,2025-07-17 11:00:00
2025-07-17,12:00:00,8.42,8.42,52.93,52.93,234.57,234.57,840.21,840.21,7.01,7.01,16.48,420.3,2025-07-17 12:00:00
2025-07-17,13:00:00,8.31,8.31,53.44,53.44,245.74,245.74,809.25,809.25,7,7,13.88,353.96,2025-07-17 13:00:00
2025-07-17,14:00:00,7.77,7.77,53.92,53.92,268.64,268.64,751.02,751.02,7.04,7.04,5.11,130.23,2025-07-17 14:00:00
2025-07-17,15:00:00,7.09,7.09,53.59,53.59,284.8,284.8,664.89,664.89,7.02,7.02,3.16,80.46,2025-07-17 15:00:00
2025-07-17,16:00:00,18.76,18.76,54.49,54.49,276.96,276.96,735.83,735.83,7.06,7.06,11.26,287.11,2025-07-17 16:00:00
2025-07-17,17:00:00,28.46,28.46,54.82,54.82,269.7,269.7,654.49,654.49,7.17,7.17,5.41,137.95,2025-07-17 17:00:00
2025-07-17,18:00:00,25.89,25.89,54.88,54.88,282.69,282.69,524.31,524.31,7.25,7.25,2,51.06,2025-07-17 18:00:00
2025-07-17,19:00:00,63.02,63.02,56.37,56.37,273.28,273.28,455.96,455.96,7.67,7.67,2,51.1,2025-07-17 19:00:00
2025-07-17,20:00:00,32.92,32.92,56.12,56.12,290.59,290.59,377.58,377.58,7.94,7.94,2,51.12,2025-07-17 20:00:00
2025-07-17,21:00:00,27.75,27.75,62.45,62.45,302.15,302.15,386.13,386.13,7.87,7.87,2,51.01,2025-07-17 21:00:00
2025-07-17,22:00:00,23.92,23.92,51.6,51.6,305.88,305.88,429.34,429.34,7.68,7.68,2,51,2025-07-17 22:00:00
2025-07-17,23:00:00,22.56,22.56,54.4,54.4,310.13,310.13,529.27,529.27,7.35,7.35,2.33,59.52,2025-07-17 23:00:00
2025-07-18,0:00:00,31.07,31.07,62.17,62.17,281.29,281.29,479.62,479.62,8.79,8.79,2.09,53.39,2025-07-18 0:00:00
2025-07-18,1:00:00,44.66,44.66,54.82,54.82,269.1,269.1,355.49,355.49,8.63,8.63,4.92,125.55,2025-07-18 1:00:00
2025-07-18,2:00:00,16.52,16.52,54.3,54.3,249.2,249.2,534.42,534.42,7.8,7.8,6.17,157.22,2025-07-18 2:00:00
2025-07-18,3:00:00,11.61,9.8,61.37,58.25,200.54,193.23,533.31,490.32,9.64,9.25,5.82,142.16,2025-07-18 3:00:00
2025-07-18,4:00:00,97.13,1,136.01,1,25.17,1,69.28,1,16.38,1,5.89,1,2025-07-18 4:00:00
2025-07-18,5:00:00,105,1,145.96,1,10.09,1,23.77,1,17,1,6.06,1,2025-07-18 5:00:00
2025-07-18,6:00:00,103.31,1,146.52,1,10.3,1,23.39,1,17,1,6.66,1,2025-07-18 6:00:00
2025-07-18,7:00:00,78.46,1,147.48,1,10.28,1,23.79,1,17,1,7.11,1,2025-07-18 7:00:00
2025-07-18,8:00:00,62.94,1,145.54,1,9.98,1,22.62,1,17,1,5.27,1,2025-07-18 8:00:00
2025-07-18,9:00:00,47.47,1,141.31,1,9.76,1,22.01,1,17,1,5.16,1,2025-07-18 9:00:00
2025-07-18,10:00:00,41.74,1,142.07,1,9.74,1,21.96,1,17,1,7.77,1,2025-07-18 10:00:00
2025-07-18,11:00:00,38.77,1,152.41,1,9.88,1,22.06,1,17,1,11.9,1,2025-07-18 11:00:00
2025-07-18,12:00:00,45.41,1,138.92,1,9.45,1,21.3,1,17,1,10.25,1,2025-07-18 12:00:00
2025-07-18,13:00:00,49.39,1,129.75,1,9.87,1,21.49,1,17,1,9.88,1,2025-07-18 13:00:00
2025-07-18,14:00:00,29.15,1,152.58,1,9.65,1,21.66,1,17,1,10.6,1,2025-07-18 14:00:00
2025-07-18,15:00:00,23.7,1,127.64,1,9.45,1,20.85,1,17,1,9.63,1,2025-07-18 15:00:00
2025-07-18,16:00:00,22.63,1,128.9,1,9.48,1,21.2,1,17,1,3.93,1,2025-07-18 16:00:00
2025-07-18,17:00:00,50.37,1,151.79,1,9.33,1,18.6,1,17,1,2.07,1,2025-07-18 17:00:00
2025-07-18,18:00:00,47.4,1,126.47,1,9.54,1,18.9,1,17,1,2.05,1,2025-07-18 18:00:00
2025-07-18,19:00:00,65.4,1,132.9,1,9.13,1,18.15,1,17,1,2.04,1,2025-07-18 19:00:00
2025-07-18,20:00:00,66.87,1,137.83,1,8.89,1,16.67,1,17,1,2.03,1,2025-07-18 20:00:00
2025-07-18,21:00:00,53.84,1,123.82,1,7.84,1,14.48,1,17,1,2.91,1,2025-07-18 21:00:00
2025-07-18,22:00:00,41.33,1,129.23,1,9.12,1,17.63,1,17,1,4.75,1,2025-07-18 22:00:00
2025-07-18,23:00:00,34.39,1,131.45,1,9.03,1,16.97,1,17,1,4.44,1,2025-07-18 23:00:00
2025-07-19,0:00:00,14.55,1,131.3,1,8.74,1,16.57,1,17,1,5.44,1,2025-07-19 0:00:00
2025-07-19,1:00:00,19.69,1,129.84,1,8.8,1,17.15,1,17,1,5.61,1,2025-07-19 1:00:00
2025-07-19,2:00:00,18.83,1,129.61,1,8.72,1,17.08,1,17,1,5.01,1,2025-07-19 2:00:00
2025-07-19,3:00:00,9.55,1,130.37,1,9.12,1,17.15,1,17,1,5.1,1,2025-07-19 3:00:00
2025-07-19,4:00:00,9.59,1,130.97,1,8.55,1,16.52,1,17,1,5.03,1,2025-07-19 4:00:00
2025-07-19,5:00:00,9.38,1,130.6,1,8.79,1,16.79,1,17,1,4.93,1,2025-07-19 5:00:00
2025-07-19,6:00:00,6.2,1,131.89,1,8.91,1,16.69,1,17,1,5.99,1,2025-07-19 6:00:00
2025-07-19,7:00:00,5.74,1,131.27,1,8.8,1,16.77,1,17,1,5.65,1,2025-07-19 7:00:00
2025-07-19,8:00:00,40.54,1,132.18,1,9.05,1,16.9,1,17,1,5,1,2025-07-19 8:00:00
2025-07-19,9:00:00,73.97,1,131.15,1,8.56,1,16.93,1,17,1,6.78,1,2025-07-19 9:00:00
2025-07-19,10:00:00,101.42,1,130.34,1,8.56,1,17.27,1,17,1,8.7,1,2025-07-19 10:00:00
2025-07-19,11:00:00,76.97,1,130.11,1,8.62,1,17.47,1,17,1,9.9,1,2025-07-19 11:00:00
2025-07-19,12:00:00,61.39,1,129.33,1,8.58,1,17.07,1,17,1,9.96,1,2025-07-19 12:00:00
2025-07-19,13:00:00,55.2,1,148.83,1,8.47,1,16.95,1,17,1,10.59,1,2025-07-19 13:00:00
2025-07-19,14:00:00,54.32,1,120.74,1,4.69,1,12.33,1,17,1,4.51,1,2025-07-19 14:00:00
2025-07-19,15:00:00,40.32,1,138.55,1,3,1,11.33,1,17,1,2.07,1,2025-07-19 15:00:00
2025-07-19,16:00:00,41.76,1,125.21,1,3,1,11.45,1,17,1,2.82,1,2025-07-19 16:00:00
2025-07-19,17:00:00,35.99,1,133.95,1,3,1,11.37,1,17,1,2.07,1,2025-07-19 17:00:00
2025-07-19,18:00:00,39.65,1,128.65,1,3,1,11.63,1,17,1,2.08,1,2025-07-19 18:00:00
2025-07-19,19:00:00,40.32,1,121.68,1,3,1,15.39,1,17,1,2.05,1,2025-07-19 19:00:00
2025-07-19,20:00:00,34.91,1,128.36,1,3,1,11.58,1,17,1,2.06,1,2025-07-19 20:00:00
2025-07-19,21:00:00,42.57,1,129.47,1,3,1,11.37,1,17,1,3.52,1,2025-07-19 21:00:00
2025-07-19,22:00:00,32.34,1,129.11,1,3,1,11.4,1,17,1,4.78,1,2025-07-19 22:00:00
2025-07-19,23:00:00,31.26,1,128.08,1,3,1,11.09,1,17,1,3.65,1,2025-07-19 23:00:00
2025-07-20,0:00:00,33.83,1,127.63,1,3,1,11.07,1,17,1,4.93,1,2025-07-20 0:00:00
2025-07-20,1:00:00,37.78,1,127.47,1,3,1,11.18,1,17,1,5.02,1,2025-07-20 1:00:00
2025-07-20,2:00:00,33.27,1,127.83,1,3,1,11.24,1,17,1,5.04,1,2025-07-20 2:00:00
2025-07-20,3:00:00,28.9,1,127.29,1,3,1,11.24,1,17,1,5.03,1,2025-07-20 3:00:00
2025-07-20,4:00:00,27.53,1,127.63,1,3,1,11.06,1,17,1,5.05,1,2025-07-20 4:00:00
2025-07-20,5:00:00,26.37,1,130.34,1,3,1,11.37,1,17,1,5.08,1,2025-07-20 5:00:00
2025-07-20,6:00:00,25.6,1,128.93,1,3,1,11.38,1,17,1,6.01,1,2025-07-20 6:00:00
2025-07-20,7:00:00,26.5,1,129.11,1,3,1,11.18,1,17,1,5.89,1,2025-07-20 7:00:00
2025-07-20,8:00:00,28.04,1,130.19,1,3,1,11.11,1,17,1,6.54,1,2025-07-20 8:00:00
2025-07-20,9:00:00,23.65,1,128.59,1,3,1,11.18,1,17,1,6.85,1,2025-07-20 9:00:00
2025-07-20,10:00:00,25.39,1,129.21,1,3,1,11.15,1,17,1,6.54,1,2025-07-20 10:00:00
2025-07-20,11:00:00,30.26,1,129.2,1,3,1,11.13,1,17,1,6.95,1,2025-07-20 11:00:00
2025-07-20,12:00:00,25.02,1,129.18,1,3,1,11.23,1,17,1,7.01,1,2025-07-20 12:00:00
2025-07-20,13:00:00,33.73,1,129.04,1,3,1,11.18,1,17,1,7.25,1,2025-07-20 13:00:00
2025-07-20,14:00:00,24.65,1,127.19,1,3,1,11.21,1,17,1,5.88,1,2025-07-20 14:00:00
2025-07-20,15:00:00,38.19,1,130.19,1,3,1,11.11,1,17,1,2.59,1,2025-07-20 15:00:00
2025-07-20,16:00:00,24.53,1,127.36,1,3,1,11.16,1,17,1,2.09,1,2025-07-20 16:00:00
2025-07-20,17:00:00,29.82,1,147.07,1,3,1,11.4,1,17,1,2.11,1,2025-07-20 17:00:00
2025-07-20,18:00:00,24.2,1,125.9,1,3,1,11.63,1,17,1,2.1,1,2025-07-20 18:00:00
2025-07-20,19:00:00,28.89,1,125.78,1,3,1,11.53,1,17,1,2.08,1,2025-07-20 19:00:00
2025-07-20,20:00:00,25.12,1,128.7,1,3,1,11.21,1,17,1,2.06,1,2025-07-20 20:00:00
2025-07-20,21:00:00,22.41,1,129.83,1,3,1,11.13,1,17,1,2.06,1,2025-07-20 21:00:00
2025-07-20,22:00:00,23.01,1,129.17,1,3,1,11.45,1,17,1,3.99,1,2025-07-20 22:00:00
2025-07-20,23:00:00,25.25,1,129.67,1,3,1,11.46,1,17,1,4.97,1,2025-07-20 23:00:00
2025-07-21,0:00:00,28.74,1,129.13,1,3,1,10.99,1,17,1,4.72,1,2025-07-21 0:00:00
2025-07-21,1:00:00,29.1,1,129.73,1,3,1,11.05,1,17,1,5,1,2025-07-21 1:00:00
2025-07-21,2:00:00,23.11,1,128.66,1,3,1,11.65,1,17,1,5.02,1,2025-07-21 2:00:00
2025-07-21,3:00:00,26.29,1,129.39,1,3,1,11.28,1,17,1,5.05,1,2025-07-21 3:00:00
2025-07-21,4:00:00,21.73,1,129.5,1,3,1,11.2,1,17,1,5.02,1,2025-07-21 4:00:00
2025-07-21,5:00:00,19.71,1,127.94,1,3,1,10.94,1,17,1,5.01,1,2025-07-21 5:00:00
2025-07-21,6:00:00,19.96,1,129.39,1,3,1,11.02,1,17,1,6.06,1,2025-07-21 6:00:00
2025-07-21,7:00:00,22.44,1,129.2,1,3,1,11.13,1,17,1,5.61,1,2025-07-21 7:00:00
2025-07-21,8:00:00,38.66,1,130.88,1,3,1,11.12,1,17,1,5.64,1,2025-07-21 8:00:00
2025-07-21,9:00:00,20.86,1,130.02,1,3,1,11.24,1,17,1,6.18,1,2025-07-21 9:00:00
2025-07-21,10:00:00,71.89,1,130.48,1,3,1,11.1,1,17,1,7.16,1,2025-07-21 10:00:00
2025-07-21,11:00:00,93.63,1,130.43,1,3,1,11.12,1,17,1,7.07,1,2025-07-21 11:00:00
2025-07-21,12:00:00,28.4,1,129.91,1,3.02,1,11.15,1,17,1,6.71,1,2025-07-21 12:00:00
2025-07-21,13:00:00,14.85,1,129.97,1,3,1,11.11,1,17,1,5.76,1,2025-07-21 13:00:00
2025-07-21,14:00:00,11.47,1,126.86,1,3,1,10.99,1,17,1,2.54,1,2025-07-21 14:00:00
2025-07-21,15:00:00,8.34,1,122.2,1,3,1,11.17,1,17,1,0.06,1,2025-07-21 15:00:00
2025-07-21,16:00:00,8.79,1,136.97,1,3,1,10.94,1,17,1,0.97,1,2025-07-21 16:00:00
2025-07-21,17:00:00,9.46,1,128.94,1,3,1,10.65,1,17,1,0.97,1,2025-07-21 17:00:00
2025-07-21,18:00:00,10.12,1,118.87,1,3,1,10.57,1,17,1,0.97,1,2025-07-21 18:00:00
2025-07-21,19:00:00,11.2,1,122.15,1,3,1,10.45,1,17,1,2.76,1,2025-07-21 19:00:00
2025-07-21,20:00:00,10.9,1,123.75,1,3,1,10.32,1,17,1,0,1,2025-07-21 20:00:00
2025-07-21,21:00:00,9.95,1,123.5,1,3,1,10.26,1,17,1,0,1,2025-07-21 21:00:00
2025-07-21,22:00:00,15.36,1,124.31,1,3,1,10.67,1,17,1,2.06,1,2025-07-21 22:00:00
2025-07-21,23:00:00,25.03,1,128.82,1,3,1,11.14,1,17,1,4.15,1,2025-07-21 23:00:00
2025-07-22,0:00:00,42.95,1,129.8,1,3,1,11.16,1,17,1,4.48,1,2025-07-22 0:00:00
2025-07-22,1:00:00,104.44,1,129.83,1,3,1,11.08,1,17,1,4.58,1,2025-07-22 1:00:00
2025-07-22,2:00:00,83.37,1,128.37,1,3,1,11.38,1,17,1,4.11,1,2025-07-22 2:00:00
2025-07-22,3:00:00,15.23,1,127.5,1,3,1,11.4,1,17,1,3.8,1,2025-07-22 3:00:00
2025-07-22,4:00:00,9.28,1,129.36,1,3,1,11.13,1,17,1,4.04,1,2025-07-22 4:00:00
2025-07-22,5:00:00,8.93,1,128.95,1,3,1,11.92,1,17,1,4.33,1,2025-07-22 5:00:00
2025-07-22,6:00:00,7.97,1,129.02,1,3,1,11.33,1,17,1,7.65,1,2025-07-22 6:00:00
2025-07-22,7:00:00,8.1,1,129.36,1,3,1,11.51,1,17,1,5.56,1,2025-07-22 7:00:00
2025-07-22,8:00:00,9,1,130.62,1,3,1,11.06,1,17,1,3.78,1,2025-07-22 8:00:00
2025-07-22,9:00:00,12.05,1,129.66,1,3.01,1,10.95,1,17,1,6.08,1,2025-07-22 9:00:00
2025-07-22,10:00:00,18.13,1,129.35,1,3,1,11.08,1,17,1,5.52,1,2025-07-22 10:00:00
2025-07-22,11:00:00,9.33,1,129.36,1,3,1,11.21,1,17,1,5.94,1,2025-07-22 11:00:00
2025-07-22,12:00:00,7.32,1,129.3,1,3,1,11.18,1,17,1,5.71,1,2025-07-22 12:00:00
2025-07-22,13:00:00,7.5,1,127.8,1,3,1,11.09,1,17,1,5.98,1,2025-07-22 13:00:00
2025-07-22,14:00:00,26.72,1,128.09,1,3.42,1,11.48,1,17,1,5.73,1,2025-07-22 14:00:00
2025-07-22,15:00:00,12.01,1,127.67,1,3,1,11.21,1,17,1,3.31,1,2025-07-22 15:00:00
2025-07-22,16:00:00,9.68,1,128.93,1,3,1,11.12,1,17,1,2.04,1,2025-07-22 16:00:00
2025-07-22,17:00:00,10.71,1,137.64,1,3,1,10.98,1,17,1,2.04,1,2025-07-22 17:00:00
2025-07-22,18:00:00,9.93,1,140.72,1,3,1,11.4,1,17,1,2.04,1,2025-07-22 18:00:00
2025-07-22,19:00:00,9.29,1,129.82,1,3,1,11.62,1,17,1,2.04,1,2025-07-22 19:00:00
2025-07-22,20:00:00,10.46,1,131.75,1,3,1,11.77,1,17,1,2.1,1,2025-07-22 20:00:00
2025-07-22,21:00:00,10.49,1,123.4,1,3,1,11,1,17,1,2.03,1,2025-07-22 21:00:00
2025-07-22,22:00:00,9.39,1,127.42,1,3,1,11.07,1,17,1,2.03,1,2025-07-22 22:00:00
2025-07-22,23:00:00,8.54,1,127.82,1,3,1,10.91,1,17,1,2.09,1,2025-07-22 23:00:00
2025-07-23,0:00:00,9.8,1,127.75,1,3,1,11.04,1,17,1,3.08,1,2025-07-23 0:00:00
2025-07-23,1:00:00,9.51,1,128.49,1,3,1,11.26,1,17,1,3.21,1,2025-07-23 1:00:00
2025-07-23,2:00:00,9.15,1,128.82,1,3,1,11.1,1,17,1,2.13,1,2025-07-23 2:00:00
2025-07-23,3:00:00,8.93,1,128.77,1,3,1,11.04,1,17,1,2.02,1,2025-07-23 3:00:00
2025-07-23,4:00:00,9.47,1,128.33,1,3,1,11.03,1,17,1,2.05,1,2025-07-23 4:00:00
2025-07-23,5:00:00,9.29,1,127.55,1,3,1,10.97,1,17,1,3.34,1,2025-07-23 5:00:00
2025-07-23,6:00:00,9.2,1,128.56,1,3,1,11.14,1,17,1,5.21,1,2025-07-23 6:00:00
2025-07-23,7:00:00,9.79,1,129.53,1,3,1,11.25,1,17,1,5.08,1,2025-07-23 7:00:00
2025-07-23,8:00:00,7.86,1,129.49,1,3,1,11.47,1,17,1,6.72,1,2025-07-23 8:00:00
2025-07-23,9:00:00,11.82,1,129.76,1,3,1,11.4,1,17,1,7.01,1,2025-07-23 9:00:00
2025-07-23,10:00:00,13.82,1,129.2,1,3,1,11.4,1,17,1,7.06,1,2025-07-23 10:00:00
2025-07-23,11:00:00,11.52,1,128.82,1,3,1,11.25,1,17,1,6.75,1,2025-07-23 11:00:00
2025-07-23,12:00:00,8.53,1,130.08,1,3,1,11.25,1,17,1,5.1,1,2025-07-23 12:00:00
2025-07-23,13:00:00,8.09,1,147.3,1,3,1,11.21,1,17,1,4.34,1,2025-07-23 13:00:00
2025-07-23,14:00:00,16.71,1,120.41,1,3,1,11.27,1,17,1,3.1,1,2025-07-23 14:00:00
2025-07-23,15:00:00,14.37,1,122.74,1,3,1,11.36,1,17,1,2.76,1,2025-07-23 15:00:00
2025-07-23,16:00:00,10.58,1,140.7,1,3,1,11.26,1,17,1,2.06,1,2025-07-23 16:00:00
2025-07-23,17:00:00,10.12,1,133.95,1,3,1,11.35,1,17,1,2.08,1,2025-07-23 17:00:00
2025-07-23,18:00:00,8.9,1,120.76,1,3,1,11.26,1,17,1,2.03,1,2025-07-23 18:00:00
2025-07-23,19:00:00,8.99,1,140.6,1,3,1,11.25,1,17,1,2.03,1,2025-07-23 19:00:00
2025-07-23,20:00:00,9.35,1,124.95,1,3,1,11.23,1,17,1,2.04,1,2025-07-23 20:00:00
2025-07-23,21:00:00,10.15,1,121.43,1,3,1,11.3,1,17,1,2.43,1,2025-07-23 21:00:00
2025-07-23,22:00:00,9.44,1,126.98,1,3,1,11.22,1,17,1,2.02,1,2025-07-23 22:00:00
2025-07-23,23:00:00,8.86,1,129.84,1,3,1,11.16,1,17,1,2,1,2025-07-23 23:00:00
2025-07-24,0:00:00,8.59,1,129.58,1,3,1,11.15,1,17,1,2.02,1,2025-07-24 0:00:00
2025-07-24,1:00:00,8.3,1,127.96,1,3,1,11.15,1,17,1,2,1,2025-07-24 1:00:00
2025-07-24,2:00:00,7.58,1,127.72,1,3,1,11.36,1,17,1,2.02,1,2025-07-24 2:00:00
2025-07-24,3:00:00,7.69,1,128.59,1,3,1,11.28,1,17,1,2.01,1,2025-07-24 3:00:00
2025-07-24,4:00:00,8.64,1,129.03,1,3,1,11.18,1,17,1,2,1,2025-07-24 4:00:00
2025-07-24,5:00:00,7.45,1,129.86,1,3,1,11.14,1,17,1,1.99,1,2025-07-24 5:00:00
2025-07-24,6:00:00,8.84,1,130.55,1,3,1,11.06,1,17,1,4.53,1,2025-07-24 6:00:00
2025-07-24,7:00:00,6.34,1,130.81,1,3,1,11.3,1,17,1,5.46,1,2025-07-24 7:00:00
2025-07-24,8:00:00,7.92,1,132.23,1,3,1,11.4,1,17,1,6.57,1,2025-07-24 8:00:00
2025-07-24,9:00:00,13.88,1,131.44,1,3,1,11.28,1,17,1,7.04,1,2025-07-24 9:00:00
2025-07-24,10:00:00,8.82,1,131.43,1,3,1,11.36,1,17,1,7.67,1,2025-07-24 10:00:00
2025-07-24,11:00:00,5.04,1,130.7,1,3,1,11.3,1,17,1,6.75,1,2025-07-24 11:00:00
2025-07-24,12:00:00,4.67,1,131.07,1,3,1,11.41,1,17,1,5.03,1,2025-07-24 12:00:00
2025-07-24,13:00:00,4.45,1,128.74,1,3,1,11.5,1,17,1,3.68,1,2025-07-24 13:00:00
2025-07-24,14:00:00,6.37,1,127.76,1,3,1,11.31,1,17,1,2.25,1,2025-07-24 14:00:00
2025-07-24,15:00:00,4.67,1,129.59,1,3.12,1,11.89,1,17,1,2.05,1,2025-07-24 15:00:00
2025-07-24,16:00:00,4.78,1,129.85,1,3,1,11.64,1,17,1,2.04,1,2025-07-24 16:00:00
2025-07-24,17:00:00,4.54,1,135.71,1,3,1,11.34,1,17,1,2.03,1,2025-07-24 17:00:00
2025-07-24,18:00:00,4.31,1,150.03,1,3,1,11.46,1,17,1,2.02,1,2025-07-24 18:00:00
2025-07-24,19:00:00,4.52,1,122.67,1,3,1,11.27,1,17,1,2,1,2025-07-24 19:00:00
2025-07-24,20:00:00,5.34,1,142.19,1,3,1,11.38,1,17,1,2.01,1,2025-07-24 20:00:00
2025-07-24,21:00:00,4.11,1,122.66,1,3,1,11.13,1,17,1,2.03,1,2025-07-24 21:00:00
2025-07-24,22:00:00,4.29,1,124.61,1,3,1,11.1,1,17,1,2.04,1,2025-07-24 22:00:00
2025-07-24,23:00:00,4.87,1,129.34,1,3,1,11.28,1,17,1,2.04,1,2025-07-24 23:00:00
2025-07-25,0:00:00,5.08,1,129.44,1,3,1,11.01,1,17,1,2.04,1,2025-07-25 0:00:00
2025-07-25,1:00:00,5,1,129.72,1,3,1,11.17,1,17,1,2.03,1,2025-07-25 1:00:00
2025-07-25,2:00:00,5,1,129.44,1,3,1,11.14,1,17,1,2.29,1,2025-07-25 2:00:00
2025-07-25,3:00:00,5.21,1,128.71,1,3,1,11.17,1,17,1,2.3,1,2025-07-25 3:00:00
2025-07-25,4:00:00,5.04,1,127.87,1,3,1,11.34,1,17,1,2.71,1,2025-07-25 4:00:00
2025-07-25,5:00:00,5.01,1,129.19,1,3,1,11.21,1,17,1,2.22,1,2025-07-25 5:00:00
2025-07-25,6:00:00,5.33,1,128.88,1,3,1,11.16,1,17,1,2.72,1,2025-07-25 6:00:00
2025-07-25,7:00:00,4.78,1,129.72,1,3,1,11.3,1,17,1,6.22,1,2025-07-25 7:00:00
2025-07-25,8:00:00,4.07,1,130.3,1,3,1,11.48,1,17,1,7.3,1,2025-07-25 8:00:00
2025-07-25,9:00:00,9.69,1,130.44,1,3,1,11.45,1,17,1,6.99,1,2025-07-25 9:00:00
2025-07-25,10:00:00,16.2,1,130.89,1,3,1,11.14,1,17,1,6.37,1,2025-07-25 10:00:00
2025-07-25,11:00:00,31.78,1,127.08,1,3,1,11.62,1,17,1,6.9,1,2025-07-25 11:00:00
2025-07-25,12:00:00,7.1,1,126.14,1,3,1,11.92,1,17,1,6.5,1,2025-07-25 12:00:00
2025-07-25,13:00:00,7,1,133.14,1,3,1,11.34,1,17,1,5.71,1,2025-07-25 13:00:00
2025-07-25,14:00:00,50.94,1,141.6,1,3,1,11.98,1,17,1,4.44,1,2025-07-25 14:00:00
2025-07-25,15:00:00,22.74,1,128.06,1,3,1,12.01,1,17,1,4.64,1,2025-07-25 15:00:00
2025-07-25,16:00:00,11.01,1,125.81,1,3,1,11.41,1,17,1,2.36,1,2025-07-25 16:00:00
2025-07-25,17:00:00,7.99,1,126.52,1,3,1,11.31,1,17,1,2,1,2025-07-25 17:00:00
2025-07-25,18:00:00,8.19,1,130.47,1,3,1,11.38,1,17,1,2,1,2025-07-25 18:00:00
2025-07-25,19:00:00,5.89,1,127.84,1,3,1,11.4,1,17,1,2,1,2025-07-25 19:00:00
2025-07-25,20:00:00,5.96,1,149.6,1,3,1,11.53,1,17,1,2,1,2025-07-25 20:00:00
2025-07-25,21:00:00,5.19,1,125.57,1,3,1,11.41,1,17,1,2,1,2025-07-25 21:00:00
2025-07-25,22:00:00,5.24,1,127.04,1,3,1,11.31,1,17,1,2,1,2025-07-25 22:00:00
2025-07-25,23:00:00,5.36,1,129.26,1,3,1,11.33,1,17,1,1.99,1,2025-07-25 23:00:00
2025-07-26,0:00:00,5.12,1,130.15,1,3,1,11.26,1,17,1,2,1,2025-07-26 0:00:00
2025-07-26,1:00:00,5.65,1,129.7,1,3,1,11.31,1,17,1,2.04,1,2025-07-26 1:00:00
2025-07-26,2:00:00,5.83,1,130.46,1,3,1,11.24,1,17,1,2.03,1,2025-07-26 2:00:00
2025-07-26,3:00:00,6.13,1,129.43,1,3,1,11.4,1,17,1,2.91,1,2025-07-26 3:00:00
2025-07-26,4:00:00,5.98,1,128.79,1,3,1,11.24,1,17,1,2.82,1,2025-07-26 4:00:00
2025-07-26,5:00:00,5.98,1,130.44,1,3,1,11.33,1,17,1,1.99,1,2025-07-26 5:00:00
2025-07-26,6:00:00,7.08,1,130.31,1,3,1,11.42,1,17,1,4.17,1,2025-07-26 6:00:00
2025-07-26,7:00:00,5.96,1,130.93,1,3,1,13.41,1,17,1,6.91,1,2025-07-26 7:00:00
2025-07-26,8:00:00,7.03,1,132.36,1,3,1,11.5,1,17,1,6.94,1,2025-07-26 8:00:00
2025-07-26,9:00:00,5.99,1,130.09,1,3,1,12.51,1,17,1,8.36,1,2025-07-26 9:00:00
2025-07-26,10:00:00,5.56,1,130.5,1,3,1,11.77,1,17,1,8.31,1,2025-07-26 10:00:00
2025-07-26,11:00:00,4.17,1,131.61,1,3,1,11.3,1,17,1,7.88,1,2025-07-26 11:00:00
2025-07-26,12:00:00,3.81,1,129.61,1,3,1,11.97,1,17,1,6.98,1,2025-07-26 12:00:00
2025-07-26,13:00:00,4.16,1,150.5,1,3,1,13.82,1,17,1,8.43,1,2025-07-26 13:00:00
2025-07-26,14:00:00,5.21,1,123.91,1,3,1,11.67,1,17,1,6.91,1,2025-07-26 14:00:00
2025-07-26,15:00:00,4.66,1,143.53,1,3,1,13.58,1,17,1,7.63,1,2025-07-26 15:00:00
2025-07-26,16:00:00,4.08,1,122.71,1,3,1,11.85,1,17,1,2.91,1,2025-07-26 16:00:00
2025-07-26,17:00:00,4.73,1,142.04,1,3,1,12.21,1,17,1,2,1,2025-07-26 17:00:00
2025-07-26,18:00:00,5.01,1,125.28,1,3,1,11.72,1,17,1,2,1,2025-07-26 18:00:00
2025-07-26,19:00:00,5.23,1,136.36,1,3,1,13.27,1,17,1,2,1,2025-07-26 19:00:00
2025-07-26,20:00:00,5.55,1,128.03,1,3,1,13.29,1,17,1,2,1,2025-07-26 20:00:00
2025-07-26,21:00:00,5.46,1,132.48,1,3,1,12.34,1,17,1,2,1,2025-07-26 21:00:00
2025-07-26,22:00:00,5.98,1,136.75,1,3,1,14.64,1,17,1,2,1,2025-07-26 22:00:00
2025-07-26,23:00:00,32.32,1,122.78,1,3,1,12.76,1,17,1,1.8,1,2025-07-26 23:00:00
2025-07-27,0:00:00,9.61,1,121.69,1,3,1,11.13,1,17,1,1.21,1,2025-07-27 0:00:00
2025-07-27,1:00:00,7.3,1,122.17,1,3,1,11.73,1,17,1,2.19,1,2025-07-27 1:00:00
2025-07-27,2:00:00,7.07,1,126.28,1,3,1,11.17,1,17,1,1.17,1,2025-07-27 2:00:00
2025-07-27,3:00:00,6.88,1,127.53,1,3,1,11.29,1,17,1,1.2,1,2025-07-27 3:00:00
2025-07-27,4:00:00,6.86,1,128.1,1,3,1,11.19,1,17,1,1.24,1,2025-07-27 4:00:00
2025-07-27,5:00:00,7.06,1,128.23,1,3,1,11.26,1,17,1,1.3,1,2025-07-27 5:00:00
2025-07-27,6:00:00,7.3,1,127.45,1,3,1,11.26,1,17,1,2.53,1,2025-07-27 6:00:00
2025-07-27,7:00:00,6.31,1,129.37,1,3,1,12.23,1,17,1,4.81,1,2025-07-27 7:00:00
2025-07-27,8:00:00,5.22,1,130.02,1,3,1,11.48,1,17,1,6.56,1,2025-07-27 8:00:00
2025-07-27,9:00:00,4.88,1,129.67,1,3,1,12.81,1,17,1,8.69,1,2025-07-27 9:00:00
2025-07-27,10:00:00,4.61,1,135.12,1,3,1,15.21,1,17,1,10.34,1,2025-07-27 10:00:00
2025-07-27,11:00:00,4.47,1,137.84,1,3,1,14.82,1,17,1,10.3,1,2025-07-27 11:00:00
2025-07-27,12:00:00,4.14,1,136.68,1,3,1,13.16,1,17,1,7.92,1,2025-07-27 12:00:00
2025-07-27,13:00:00,4.11,1,123.68,1,3,1,12.18,1,17,1,5.06,1,2025-07-27 13:00:00
2025-07-27,14:00:00,4.24,1,139.12,1,3,1,13.76,1,17,1,4.97,1,2025-07-27 14:00:00
2025-07-27,15:00:00,4.75,1,119.97,1,3,1,12.56,1,17,1,4.72,1,2025-07-27 15:00:00
2025-07-27,16:00:00,4.91,1,141.05,1,3,1,13.46,1,17,1,3.09,1,2025-07-27 16:00:00
2025-07-27,17:00:00,4.42,1,122.36,1,3,1,11.75,1,17,1,0.99,1,2025-07-27 17:00:00
2025-07-27,18:00:00,4.56,1,130.76,1,3,1,11.55,1,17,1,0,1,2025-07-27 18:00:00
2025-07-27,19:00:00,4.91,1,120.59,1,3,1,11.3,1,17,1,0,1,2025-07-27 19:00:00
2025-07-27,20:00:00,5.18,1,130.89,1,3,1,11.88,1,17,1,0,1,2025-07-27 20:00:00
2025-07-27,21:00:00,5.42,1,125.22,1,3,1,11.34,1,17,1,0,1,2025-07-27 21:00:00
2025-07-27,22:00:00,4.84,1,125.52,1,3,1,11.36,1,17,1,0,1,2025-07-27 22:00:00
2025-07-27,23:00:00,5.34,1,117.33,1,3,1,11.27,1,17,1,0.01,1,2025-07-27 23:00:00
2025-07-28,0:00:00,6.08,1,136.05,1,2.99,1,12.83,1,17,1,0.36,1,2025-07-28 0:00:00
2025-07-28,1:00:00,6.03,1,118.41,1,3,1,14.36,1,17,1,2.31,1,2025-07-28 1:00:00
2025-07-28,2:00:00,5.84,1,118.47,1,3,1,10.89,1,17,1,0.03,1,2025-07-28 2:00:00
2025-07-28,3:00:00,6.25,1,123.1,1,3,1,11.22,1,17,1,0.02,1,2025-07-28 3:00:00
2025-07-28,4:00:00,6.08,1,123.98,1,3,1,11.76,1,17,1,0.01,1,2025-07-28 4:00:00
2025-07-28,5:00:00,5.78,1,123.85,1,3,1,11.13,1,17,1,0.03,1,2025-07-28 5:00:00
2025-07-28,6:00:00,6.04,1,125.14,1,3,1,10.99,1,17,1,0.64,1,2025-07-28 6:00:00
2025-07-28,7:00:00,5.38,1,126.01,1,3,1,12.62,1,17,1,5.64,1,2025-07-28 7:00:00
2025-07-28,8:00:00,4.58,1,127.92,1,3,1,12.83,1,17,1,6.72,1,2025-07-28 8:00:00
2025-07-28,9:00:00,4.15,1,125.95,1,3,1,15.45,1,17,1,8.34,1,2025-07-28 9:00:00
2025-07-28,10:00:00,4.05,1,143.96,1,3,1,15.71,1,17,1,7.5,1,2025-07-28 10:00:00
2025-07-28,11:00:00,3.95,1,122.99,1,3,1,14.35,1,17,1,6.49,1,2025-07-28 11:00:00
2025-07-28,12:00:00,4.71,1,138.05,1,3,1,14.21,1,17,1,6.84,1,2025-07-28 12:00:00
2025-07-28,13:00:00,4.96,1,122.88,1,3,1,12.13,1,17,1,4.66,1,2025-07-28 13:00:00
2025-07-28,14:00:00,4.84,1,133.33,1,3,1,7.29,1,17,1,3.3,1,2025-07-28 14:00:00
2025-07-28,15:00:00,4.7,1,116.82,1,3,1,13.75,1,17,1,1.13,1,2025-07-28 15:00:00
2025-07-28,16:00:00,2.91,1,63.38,1,2.55,1,8.21,1,9.51,1,1.12,1,2025-07-28 16:00:00
2025-07-28,17:00:00,3.94,1,112.18,1,2.8,1,18.61,1,13.05,1,3.52,1,2025-07-28 17:00:00
2025-07-28,18:00:00,5.24,1,127.34,1,3,1,16.15,1,17,1,6.13,1,2025-07-28 18:00:00
2025-07-28,19:00:00,5.09,1,118.27,1,3,1,13.05,1,17,1,2.46,1,2025-07-28 19:00:00
2025-07-28,20:00:00,5.02,1,123.52,1,3,1,11.85,1,17,1,0,1,2025-07-28 20:00:00
2025-07-28,21:00:00,4.93,1,123.42,1,3,1,12.57,1,17,1,0,1,2025-07-28 21:00:00
2025-07-28,22:00:00,5.49,1,124.25,1,3,1,11.78,1,17,1,0,1,2025-07-28 22:00:00
2025-07-28,23:00:00,5.59,1,124.94,1,3,1,12.06,1,17,1,0,1,2025-07-28 23:00:00
2025-07-29,0:00:00,6.03,1,125.69,1,3,1,11.45,1,17,1,0,1,2025-07-29 0:00:00
2025-07-29,1:00:00,6.3,1,124.81,1,3,1,11.08,1,17,1,0.03,1,2025-07-29 1:00:00
2025-07-29,2:00:00,6.9,1,123.81,1,3,1,11.18,1,17,1,0.13,1,2025-07-29 2:00:00
2025-07-29,3:00:00,6.67,1,124.13,1,3,1,11.43,1,17,1,1.2,1,2025-07-29 3:00:00
2025-07-29,4:00:00,6.27,1,122.62,1,3,1,11.78,1,17,1,0.31,1,2025-07-29 4:00:00
2025-07-29,5:00:00,6.55,1,122.8,1,3,1,11.32,1,17,1,0.35,1,2025-07-29 5:00:00
2025-07-29,6:00:00,7.2,1,123.37,1,3,1,11.36,1,17,1,2.61,1,2025-07-29 6:00:00
2025-07-29,7:00:00,6.55,1,124.07,1,3,1,12.63,1,17,1,5.09,1,2025-07-29 7:00:00
2025-07-29,8:00:00,5.23,1,124.68,1,3,1,13.88,1,17,1,5.76,1,2025-07-29 8:00:00
2025-07-29,9:00:00,5,1,124.82,1,3.03,1,12.79,1,17,1,6.27,1,2025-07-29 9:00:00
2025-07-29,10:00:00,5.86,1,124.32,1,3,1,13.27,1,17,1,6.59,1,2025-07-29 10:00:00
2025-07-29,11:00:00,5.25,1,123.7,1,3,1,14.35,1,17,1,6.61,1,2025-07-29 11:00:00
2025-07-29,12:00:00,4.95,1,132.29,1,3,1,16.63,1,17,1,7.75,1,2025-07-29 12:00:00
2025-07-29,13:00:00,4.02,1,127.6,1,3,1,14.6,1,17,1,7.11,1,2025-07-29 13:00:00
2025-07-29,14:00:00,4.4,1,129.94,1,3.13,1,13.97,1,17,1,3.05,1,2025-07-29 14:00:00
2025-07-29,15:00:00,4.95,1,117.64,1,3,1,15.03,1,17,1,0.93,1,2025-07-29 15:00:00
2025-07-29,16:00:00,5.05,1,124.26,1,3,1,7.37,1,17,1,0.99,1,2025-07-29 16:00:00
2025-07-29,17:00:00,3.6,1,86.52,1,2.69,1,4.91,1,13.2,1,2.14,1,2025-07-29 17:00:00
2025-07-29,18:00:00,4.57,1,112.72,1,2.93,1,15.66,1,16,1,3.51,1,2025-07-29 18:00:00
2025-07-29,19:00:00,5.74,1,119.83,1,3,1,16.83,1,17,1,4.88,1,2025-07-29 19:00:00
2025-07-29,20:00:00,5.94,1,123.92,1,3,1,12.2,1,17,1,2,1,2025-07-29 20:00:00
2025-07-29,21:00:00,6.01,1,128.57,1,3,1,12.09,1,17,1,2,1,2025-07-29 21:00:00
2025-07-29,22:00:00,6.01,1,130.36,1,3,1,12.03,1,17,1,2,1,2025-07-29 22:00:00
2025-07-29,23:00:00,6.01,1,130.68,1,3,1,12.09,1,17,1,2,1,2025-07-29 23:00:00
2025-07-30,0:00:00,6.01,1,129.98,1,3,1,13.06,1,17,1,2.62,1,2025-07-30 0:00:00
2025-07-30,1:00:00,6.01,1,130,1,3,1,13.38,1,17,1,3.36,1,2025-07-30 1:00:00
2025-07-30,2:00:00,6.03,1,128.77,1,3,1,12.64,1,17,1,2.09,1,2025-07-30 2:00:00
2025-07-30,3:00:00,6.65,1,129.3,1,3,1,13.62,1,17,1,2,1,2025-07-30 3:00:00
2025-07-30,4:00:00,44.05,1,120.24,1,2.31,1,39.78,1,16.32,1,2,1,2025-07-30 4:00:00
2025-07-30,5:00:00,62.29,1,117,1,2,1,59.54,1,16,1,2,1,2025-07-30 5:00:00
2025-07-30,6:00:00,54.02,1,116,1,2,1,59.79,1,16,1,3.31,1,2025-07-30 6:00:00
2025-07-30,7:00:00,49.97,1,115.33,1,2,1,60.28,1,16,1,6,1,2025-07-30 7:00:00
2025-07-30,8:00:00,47.47,1,114.62,1,2,1,69.48,1,16,1,7.78,1,2025-07-30 8:00:00
2025-07-30,9:00:00,48.5,1,98.47,1,2,1,101.94,1,15.09,1,8.82,1,2025-07-30 9:00:00
2025-07-30,10:00:00,49.95,1,98.04,1,2,1,84.21,1,15.17,1,9.19,1,2025-07-30 10:00:00
2025-07-30,11:00:00,49.33,1,102.61,1,2,1,62.31,1,16,1,8.63,1,2025-07-30 11:00:00
2025-07-30,12:00:00,42.27,1,103.07,1,2,1,64.37,1,16,1,7.63,1,2025-07-30 12:00:00
2025-07-30,13:00:00,38.78,1,114.94,1,2,1,48.85,1,15.33,1,6.45,1,2025-07-30 13:00:00
2025-07-30,14:00:00,37.62,1,93.82,1,2.03,1,32.09,1,15,1,4.38,1,2025-07-30 14:00:00
2025-07-30,15:00:00,55.3,1,99.88,1,2.11,1,33.73,1,15,1,2.04,1,2025-07-30 15:00:00
2025-07-30,16:00:00,66.7,1,88.88,1,4.75,1,28.74,1,14.8,1,2.04,1,2025-07-30 16:00:00
2025-07-30,17:00:00,65.99,1,90.92,1,10.76,1,18.52,1,14,1,2.02,1,2025-07-30 17:00:00
2025-07-30,18:00:00,75.12,1,81.87,1,13.14,1,20.18,1,14,1,2.04,1,2025-07-30 18:00:00
2025-07-30,19:00:00,95.89,1,80.11,1,14.93,1,16.12,1,14,1,2.04,1,2025-07-30 19:00:00
2025-07-30,20:00:00,102.49,1,83.74,1,27.75,1,11.82,1,14.27,1,2.04,1,2025-07-30 20:00:00
2025-07-30,21:00:00,105,1,75.92,1,97.89,1,7.41,1,14,1,2.04,1,2025-07-30 21:00:00
2025-07-30,22:00:00,105,1,78.13,1,106.35,1,7.4,1,14,1,2.04,1,2025-07-30 22:00:00
2025-07-30,23:00:00,105,1,81.01,1,102.21,1,7.95,1,14,1,2.07,1,2025-07-30 23:00:00
2025-07-31,0:00:00,105,1,78.99,1,113.31,1,7.66,1,13.82,1,2.1,1,2025-07-31 0:00:00
2025-07-31,1:00:00,105,1,70.05,1,111.46,1,6.03,1,12.92,1,2.1,1,2025-07-31 1:00:00
2025-07-31,2:00:00,105,1,69.7,1,123.9,1,5.88,1,12.89,1,2.11,1,2025-07-31 2:00:00
2025-07-31,3:00:00,105,1,69.44,1,147.92,1,6.04,1,12.61,1,3.17,1,2025-07-31 3:00:00
2025-07-31,4:00:00,105,1,66.55,1,160.25,1,5.81,1,12,1,3.85,1,2025-07-31 4:00:00
2025-07-31,5:00:00,105,1,68.66,1,188.99,1,5.83,1,12.22,1,2.63,1,2025-07-31 5:00:00
2025-07-31,6:00:00,105,1,68.53,1,204.29,1,6.29,1,12.01,1,9.88,1,2025-07-31 6:00:00
2025-07-31,7:00:00,98.79,1,70.16,1,215.96,1,6.1,1,12.73,1,7.02,1,2025-07-31 7:00:00
2025-07-31,8:00:00,16.69,1,68.25,1,196.22,1,7.64,1,12.43,1,4.25,1,2025-07-31 8:00:00
2025-07-31,9:00:00,25.72,1,65.77,1,155.95,1,85.62,1,12.08,1,6.93,1,2025-07-31 9:00:00
2025-07-31,10:00:00,36.78,25.17,66.07,49.64,186.18,150.93,118.26,114.5,11.38,8.75,6.51,130.91,2025-07-31 10:00:00
2025-07-31,11:00:00,29.92,29.92,57.28,57.28,223.73,223.73,363.71,363.71,8.75,8.75,9.46,241.12,2025-07-31 11:00:00
2025-07-31,12:00:00,37.39,37.39,70.35,70.35,275.12,275.12,224.85,224.85,10.28,10.28,9.42,240.13,2025-07-31 12:00:00
2025-07-31,13:00:00,61.25,61.25,65.72,65.72,277.18,277.18,557.3,557.3,8.89,8.89,9.11,232.41,2025-07-31 13:00:00
2025-07-31,14:00:00,14.39,14.39,55.95,55.95,237.61,237.61,498.08,498.08,8.95,8.95,9.68,246.81,2025-07-31 14:00:00
2025-07-31,15:00:00,14.11,14.11,64.41,64.41,269.33,269.33,443.41,443.41,8.68,8.68,10.19,259.88,2025-07-31 15:00:00
2025-07-31,16:00:00,16.29,16.29,65.06,65.06,262.11,262.11,520.64,520.64,8.92,8.92,7.82,199.35,2025-07-31 16:00:00
2025-07-31,17:00:00,21.62,21.62,62.37,62.37,256.34,256.34,735.08,735.08,8.71,8.71,2.02,51.41,2025-07-31 17:00:00
2025-07-31,18:00:00,23.03,23.03,67.54,67.54,257.12,257.12,602.47,602.47,9.16,9.16,2.02,51.48,2025-07-31 18:00:00
2025-07-31,19:00:00,36.8,36.8,65.22,65.22,192.18,192.18,1276.74,1276.74,10.42,10.42,2.01,51.23,2025-07-31 19:00:00
2025-07-31,20:00:00,20.43,20.43,70.94,70.94,201.57,201.57,815.25,815.25,11,11,2.02,51.4,2025-07-31 20:00:00
2025-07-31,21:00:00,20.75,20.75,63.39,63.39,199.35,199.35,763.75,763.75,11,11,2.02,51.51,2025-07-31 21:00:00
2025-07-31,22:00:00,14.23,14.23,66.56,66.56,196.89,196.89,658.58,658.58,11,11,2.01,51.3,2025-07-31 22:00:00
2025-07-31,23:00:00,15.45,15.45,67.94,67.94,200.26,200.26,650.51,650.51,11,11,2.01,51.22,2025-07-31 23:00:00
2025-08-01,0:00:00,25.5,25.5,68.35,68.35,214.55,214.55,483.7,483.7,11,11,2.01,51.22,2025-08-01 0:00:00
2025-08-01,1:00:00,25.37,25.37,68.09,68.09,226.17,226.17,429.65,429.65,11,11,2.68,68.34,2025-08-01 1:00:00
2025-08-01,2:00:00,23.03,23.03,68.73,68.73,218.46,218.46,483.01,483.01,11,11,4.97,126.66,2025-08-01 2:00:00
2025-08-01,3:00:00,21.84,21.84,68.75,68.75,225.86,225.86,440.21,440.21,11,11,2.66,67.74,2025-08-01 3:00:00
2025-08-01,4:00:00,27.02,27.02,68.9,68.9,230.69,230.69,352.87,352.87,11,11,2.56,65.26,2025-08-01 4:00:00
2025-08-01,5:00:00,22.26,22.26,68.68,68.68,221.92,221.92,394.48,394.48,11,11,2,51.12,2025-08-01 5:00:00
2025-08-01,6:00:00,14.64,14.64,67.64,67.64,226.68,226.68,513.42,513.42,11,11,7.3,186.19,2025-08-01 6:00:00
2025-08-01,7:00:00,13.47,13.47,67.55,67.55,238.83,238.83,364.95,364.95,11,11,10.9,277.88,2025-08-01 7:00:00
2025-08-01,8:00:00,12.08,12.08,67.75,67.75,215.98,215.98,422.19,422.19,11,11,8.04,205.01,2025-08-01 8:00:00
2025-08-01,9:00:00,12.1,12.1,71.83,71.83,211.27,211.27,322.45,322.45,11,11,6.32,161.29,2025-08-01 9:00:00
2025-08-01,10:00:00,11.94,11.94,71.17,71.17,215.43,215.43,320.02,320.02,11,11,4.27,108.76,2025-08-01 10:00:00
2025-08-01,11:00:00,15.01,15.01,65.8,65.8,222.21,222.21,531.19,531.19,11,11,6.86,174.84,2025-08-01 11:00:00
2025-08-01,12:00:00,21.12,21.12,72.15,72.15,258.24,258.24,437.18,437.18,10.99,10.99,9.1,232.04,2025-08-01 12:00:00
2025-08-01,13:00:00,21.95,21.95,64.74,64.74,266.67,266.67,386.55,386.55,11,11,10.15,258.91,2025-08-01 13:00:00
2025-08-01,14:00:00,20.75,20.75,65.26,65.26,245.57,245.57,582.67,582.67,10.97,10.97,9.72,247.95,2025-08-01 14:00:00
2025-08-01,15:00:00,20.39,20.39,63.33,63.33,240.72,240.72,549.94,549.94,10.06,10.06,9.49,241.9,2025-08-01 15:00:00
2025-08-01,16:00:00,9.84,9.84,59.92,59.92,246.41,246.41,448.7,448.7,9.15,9.15,4.27,108.84,2025-08-01 16:00:00
2025-08-01,17:00:00,16.77,16.77,63.41,63.41,235.09,235.09,522.88,522.88,9.95,9.95,2.01,51.23,2025-08-01 17:00:00
2025-08-01,18:00:00,11.31,11.31,69.3,69.3,223.6,223.6,497.12,497.12,11.07,11.07,2.01,51.18,2025-08-01 18:00:00
2025-08-01,19:00:00,12.27,12.27,67.67,67.67,226.92,226.92,431.24,431.24,10.95,10.95,2.01,51.13,2025-08-01 19:00:00
2025-08-01,20:00:00,18.08,18.08,67.09,67.09,226.74,226.74,450.6,450.6,10.53,10.53,2,51.01,2025-08-01 20:00:00
2025-08-01,21:00:00,15.53,15.53,68.62,68.62,224.71,224.71,298.21,298.21,11,11,2,51.03,2025-08-01 21:00:00
2025-08-01,22:00:00,13.7,13.7,67.77,67.77,226.26,226.26,371.46,371.46,11,11,2,51.03,2025-08-01 22:00:00
2025-08-01,23:00:00,12.78,12.78,75.55,75.55,222.91,222.91,349.45,349.45,11,11,2,51.12,2025-08-01 23:00:00
2025-08-02,0:00:00,10.48,10.48,67.84,67.84,225.2,225.2,392.91,392.91,11,11,2,51.12,2025-08-02 0:00:00
2025-08-02,1:00:00,10.22,10.22,64.04,64.02,229.01,228.95,466.29,466.15,11,11,2.01,51.12,2025-08-02 1:00:00
2025-08-02,2:00:00,10.9,10.9,73.93,73.93,228.28,228.28,444.88,444.88,11,11,2,51.08,2025-08-02 2:00:00
2025-08-02,3:00:00,12.06,12.06,65.24,65.24,231.79,231.79,349.91,349.91,11,11,2,51.05,2025-08-02 3:00:00
2025-08-02,4:00:00,11.95,11.95,65.8,65.8,236.83,236.83,470.75,470.75,11,11,2.35,59.86,2025-08-02 4:00:00
2025-08-02,5:00:00,12.09,12.09,67.7,67.7,235.65,235.65,440.25,440.25,11.01,11.01,2.01,51.15,2025-08-02 5:00:00
2025-08-02,6:00:00,12.32,12.32,68.71,68.71,233.77,233.77,327.7,327.7,11.03,11.03,5.66,144.34,2025-08-02 6:00:00
2025-08-02,7:00:00,12.4,12.4,68.39,68.39,242.67,242.67,363.71,363.71,11,11,7.4,188.63,2025-08-02 7:00:00
2025-08-02,8:00:00,12.43,12.43,67.01,67.01,236.8,236.8,462.42,462.42,11,11,7.14,182.01,2025-08-02 8:00:00
2025-08-02,9:00:00,13.98,13.98,68.73,68.73,224.7,224.7,506.55,506.55,11,11,7.57,193.14,2025-08-02 9:00:00
2025-08-02,10:00:00,16.31,16.31,77.21,77.21,219.19,219.19,411.77,411.77,11,11,7.03,179.21,2025-08-02 10:00:00
2025-08-02,11:00:00,16.41,16.41,64,64,224.09,224.09,346.05,346.05,11,11,9.64,245.69,2025-08-02 11:00:00
2025-08-02,12:00:00,15.69,15.69,65.75,65.75,215.24,215.24,378.36,378.36,11,11,8.12,207.05,2025-08-02 12:00:00
2025-08-02,13:00:00,14.46,14.46,66.6,66.6,217.65,217.65,435.68,435.68,11,11,5.6,142.82,2025-08-02 13:00:00
2025-08-02,14:00:00,11.59,11.59,66.61,66.61,222.5,222.5,382.9,382.9,11,11,6.92,176.57,2025-08-02 14:00:00
2025-08-02,15:00:00,11.99,11.99,66.93,66.93,226.8,226.8,381.62,381.62,11,11,2.49,63.56,2025-08-02 15:00:00
2025-08-02,16:00:00,11.79,11.79,66.68,66.68,224.71,224.71,439.39,439.39,11,11,2.01,51.28,2025-08-02 16:00:00
2025-08-02,17:00:00,10.42,10.42,66.54,66.54,216.41,216.41,531.51,531.51,10.97,10.97,2.01,51.18,2025-08-02 17:00:00
2025-08-02,18:00:00,12.12,12.12,66.46,66.46,223.61,223.61,555.43,555.43,10.92,10.92,2,51.12,2025-08-02 18:00:00
2025-08-02,19:00:00,23.94,23.94,65.94,65.94,235.68,235.68,438.71,438.71,10.59,10.59,2,51.07,2025-08-02 19:00:00
2025-08-02,20:00:00,25.87,25.87,65.98,65.98,246.3,246.3,311.38,311.38,10.84,10.84,2,51.05,2025-08-02 20:00:00
2025-08-02,21:00:00,15.99,15.99,64.77,64.77,248.58,248.58,285.51,285.51,10.85,10.85,2,51.01,2025-08-02 21:00:00
2025-08-02,22:00:00,13.74,13.74,64.2,64.2,242.54,242.54,338.79,338.79,10.67,10.67,2,51.09,2025-08-02 22:00:00
2025-08-02,23:00:00,13.78,13.78,64.53,64.53,241.87,241.87,312.47,312.47,10.81,10.81,2,51.02,2025-08-02 23:00:00
2025-08-03,0:00:00,14.74,14.74,64.1,64.1,234.87,234.87,466.25,466.25,10.39,10.39,2,51.01,2025-08-03 0:00:00
2025-08-03,1:00:00,16.52,16.52,64.04,64.04,260.19,260.19,333.8,333.8,10.38,10.38,2,51.03,2025-08-03 1:00:00
2025-08-03,2:00:00,18.19,18.19,71.18,71.18,259.58,259.58,359.45,359.45,10.34,10.34,2,51.04,2025-08-03 2:00:00
2025-08-03,3:00:00,20.42,20.42,64.86,64.86,261.02,261.02,401.38,401.38,10.32,10.32,2,51.04,2025-08-03 3:00:00
2025-08-03,4:00:00,22.13,22.13,61.55,61.55,263.95,263.95,431.79,431.79,10.46,10.46,2.35,59.98,2025-08-03 4:00:00
2025-08-03,5:00:00,19.52,19.52,71.17,71.17,264.84,264.84,432.68,432.68,10.43,10.43,2.62,66.81,2025-08-03 5:00:00
2025-08-03,6:00:00,17.71,17.71,60.78,60.78,274.13,274.13,413.15,413.15,10.45,10.45,7.44,189.8,2025-08-03 6:00:00
2025-08-03,7:00:00,15.84,15.84,68.52,68.52,294.27,294.27,402.46,402.46,10.27,10.27,8.69,221.67,2025-08-03 7:00:00
2025-08-03,8:00:00,15.37,15.37,60.49,60.49,287.1,287.1,336.03,336.03,10.61,10.61,5.26,134.18,2025-08-03 8:00:00
2025-08-03,9:00:00,14.38,14.38,62.59,62.59,244.7,244.7,345.35,345.35,10.75,10.75,6.57,167.44,2025-08-03 9:00:00
2025-08-03,10:00:00,13.81,13.81,63.17,63.17,230.55,230.55,480.03,480.03,10.24,10.24,7.03,179.14,2025-08-03 10:00:00
2025-08-03,11:00:00,15.5,15.5,64.02,64.02,214.72,214.72,446.9,446.9,10.16,10.16,6.58,167.75,2025-08-03 11:00:00
2025-08-03,12:00:00,21.84,21.84,64.81,64.81,222.14,222.14,511.72,511.72,10.02,10.02,9.48,241.64,2025-08-03 12:00:00
2025-08-03,13:00:00,33.19,33.19,65.99,65.99,228.75,228.75,380.1,380.1,10.13,10.13,10.13,258.33,2025-08-03 13:00:00
2025-08-03,14:00:00,36.92,36.92,65.63,65.63,227.11,227.11,436.93,436.93,10,10,8.26,210.66,2025-08-03 14:00:00
2025-08-03,15:00:00,30.36,30.36,65.05,65.05,232.98,232.98,366.91,366.91,10,10,2.3,58.63,2025-08-03 15:00:00
2025-08-03,16:00:00,23.95,23.95,64.56,64.56,230.72,230.72,359.7,359.7,10,10,2.12,54.14,2025-08-03 16:00:00
2025-08-03,17:00:00,21.21,21.21,64.5,64.5,223.65,223.65,525.28,525.28,10.01,10.01,2,51.07,2025-08-03 17:00:00
2025-08-03,18:00:00,35.59,35.59,67.57,67.57,213.23,213.23,476.84,476.84,10.9,10.9,2,51.01,2025-08-03 18:00:00
2025-08-03,19:00:00,29.44,29.39,66.63,66.54,219.63,219.31,456.08,455.5,11,10.99,2.71,69.06,2025-08-03 19:00:00
2025-08-03,20:00:00,36.84,36.84,66.09,66.09,233.8,233.8,476.11,476.11,11,11,10.57,269.54,2025-08-03 20:00:00
2025-08-03,21:00:00,51.43,51.43,66.73,66.73,240.99,240.99,463.79,463.79,11,11,2.14,54.61,2025-08-03 21:00:00
2025-08-03,22:00:00,49.6,49.6,66.77,66.77,225.76,225.76,524.23,524.23,11,11,3.53,90.06,2025-08-03 22:00:00
2025-08-03,23:00:00,44.53,44.53,66.28,66.28,216,216,470.11,470.11,11,11,2,51,2025-08-03 23:00:00
2025-08-04,0:00:00,41.21,41.21,71.58,71.58,230.72,230.72,357.33,357.33,11,11,3.76,96,2025-08-04 0:00:00
2025-08-04,1:00:00,42.06,42.06,70.25,70.25,230.47,230.47,425,425,11,11,2,51,2025-08-04 1:00:00
2025-08-04,2:00:00,29.58,29.58,63.38,63.38,220.51,220.51,430.96,430.96,11,11,2.4,61.29,2025-08-04 2:00:00
2025-08-04,3:00:00,26.46,26.46,72.82,72.82,215.08,215.08,622.71,622.71,11,11,8.02,204.63,2025-08-04 3:00:00
2025-08-04,4:00:00,23.14,23.14,64.19,64.19,225,225,458.94,458.94,11,11,7.23,184.42,2025-08-04 4:00:00
2025-08-04,5:00:00,20.16,20.16,70.53,70.53,220.5,220.5,412.62,412.62,11,11,2,51.01,2025-08-04 5:00:00
2025-08-04,6:00:00,18.43,18.43,64.66,64.66,206.37,206.37,605.83,605.83,10.98,10.98,10.91,278.28,2025-08-04 6:00:00
2025-08-04,7:00:00,21.07,21.07,67.22,67.22,216.95,216.95,598.65,598.65,10.96,10.96,11.74,299.28,2025-08-04 7:00:00
2025-08-04,8:00:00,30.99,30.99,60.83,60.83,224.59,224.59,595.18,595.18,9.69,9.69,7.39,188.46,2025-08-04 8:00:00
2025-08-04,9:00:00,17.9,17.9,62.52,62.52,226.5,226.5,619.05,619.05,9,9,8.92,227.38,2025-08-04 9:00:00
2025-08-04,10:00:00,26.01,26.01,58.44,58.44,238.95,238.95,837.23,837.23,9.28,9.28,12.22,311.5,2025-08-04 10:00:00
2025-08-04,11:00:00,13.99,13.99,65.94,65.94,238.33,238.33,631.69,631.69,9.07,9.07,12.03,306.87,2025-08-04 11:00:00
2025-08-04,12:00:00,12.25,12.25,58.72,58.72,232.85,232.85,773.12,773.12,9,9,12.47,318.05,2025-08-04 12:00:00
2025-08-04,13:00:00,34.41,34.41,63.32,63.32,221.29,221.29,671.17,671.17,10.36,10.36,7.92,201.93,2025-08-04 13:00:00
2025-08-04,14:00:00,26.17,26.17,66.13,66.13,198.1,198.1,737.01,737.01,10.58,10.58,10.56,269.23,2025-08-04 14:00:00
2025-08-04,15:00:00,28.32,28.32,67.15,67.15,196.16,196.16,678.26,678.26,10.63,10.63,12.75,325.01,2025-08-04 15:00:00
2025-08-04,16:00:00,36.26,36.26,67.47,67.47,179.8,179.8,753.39,753.39,10.54,10.54,7.92,202.03,2025-08-04 16:00:00
2025-08-04,17:00:00,43.85,43.85,67.45,67.45,178.27,178.27,744.8,744.8,10.3,10.3,3.05,77.87,2025-08-04 17:00:00
2025-08-04,18:00:00,34.79,34.79,65.82,65.82,174.01,174.01,1101.13,1101.13,9.99,9.99,6.81,173.75,2025-08-04 18:00:00
2025-08-04,19:00:00,45.57,45.57,63.4,63.4,190.08,190.08,873.34,873.34,9.88,9.88,5.64,143.72,2025-08-04 19:00:00
2025-08-04,20:00:00,52.37,52.37,63.71,63.71,194.45,194.45,753.64,753.64,9.96,9.96,8.36,213.23,2025-08-04 20:00:00
2025-08-04,21:00:00,37.47,37.47,63.22,63.22,213.99,213.99,644.22,644.22,9.75,9.75,5.11,130.22,2025-08-04 21:00:00
2025-08-04,22:00:00,31.44,31.44,63.28,63.28,209.79,209.79,552.58,552.58,10,10,3.3,84.04,2025-08-04 22:00:00
2025-08-04,23:00:00,45.39,45.39,71.74,71.74,213.22,213.22,496.77,496.77,10,10,2,50.91,2025-08-04 23:00:00
2025-08-05,0:00:00,29.18,29.18,61.94,61.94,222.02,222.02,506.46,506.46,10,10,4.18,106.49,2025-08-05 0:00:00
2025-08-05,1:00:00,15.12,15.12,67.97,67.97,221.86,221.86,527.66,527.66,10,10,7.42,189.26,2025-08-05 1:00:00
2025-08-05,2:00:00,13.98,13.98,60.77,60.77,213.97,213.97,523.46,523.46,10,10,2,50.95,2025-08-05 2:00:00
2025-08-05,3:00:00,13.61,13.61,64.34,64.34,214.2,214.2,553.49,553.49,10,10,3.26,83.13,2025-08-05 3:00:00
2025-08-05,4:00:00,14.65,14.65,66.02,66.02,215.9,215.9,562.85,562.85,10,10,4.11,104.73,2025-08-05 4:00:00
2025-08-05,5:00:00,16.09,16.09,61.71,61.71,209.27,209.27,637.25,637.25,10,10,2.5,63.76,2025-08-05 5:00:00
2025-08-05,6:00:00,16.06,16.06,59.32,59.32,227.76,227.76,623.37,623.37,8.31,8.31,2,50.99,2025-08-05 6:00:00
2025-08-05,7:00:00,11.72,11.72,59.08,59.08,236.99,236.99,638.42,638.42,8,8,2.17,55.36,2025-08-05 7:00:00
2025-08-05,8:00:00,12.08,12.08,60.81,60.81,233.5,233.5,656.18,656.18,8.02,8.02,7.32,186.66,2025-08-05 8:00:00
2025-08-05,9:00:00,15.59,15.59,65.54,65.54,243.97,243.97,632.91,632.91,8.02,8.02,7.96,202.86,2025-08-05 9:00:00
2025-08-05,10:00:00,19.75,19.75,56.96,56.96,251.14,251.14,518.38,518.38,8,8,8.62,219.86,2025-08-05 10:00:00
2025-08-05,11:00:00,21.73,21.73,58.63,58.63,260.77,260.77,654.15,654.15,8.02,8.02,12.83,327.26,2025-08-05 11:00:00
2025-08-05,12:00:00,24.66,24.66,60.67,60.67,253.96,253.96,559.66,559.66,8.07,8.07,13.69,349,2025-08-05 12:00:00
2025-08-05,13:00:00,26.26,26.26,61.78,61.78,251.87,251.87,607.36,607.36,8.05,8.05,15.3,390.1,2025-08-05 13:00:00
2025-08-05,14:00:00,23.81,23.81,63.3,63.3,264.08,264.08,439.21,439.21,8.5,8.5,12.83,327.11,2025-08-05 14:00:00
2025-08-05,15:00:00,31.06,31.06,63.41,63.41,252.89,252.89,502.04,502.04,8.45,8.45,11.61,295.95,2025-08-05 15:00:00
2025-08-05,16:00:00,30.49,30.49,63.13,63.13,247.34,247.34,530.73,530.73,8.13,8.13,2.49,63.48,2025-08-05 16:00:00
2025-08-05,17:00:00,31.21,31.21,62.83,62.83,262.3,262.3,460.64,460.64,8,8,5.57,142.1,2025-08-05 17:00:00
2025-08-05,18:00:00,34.04,34.04,67.33,67.33,253.71,253.71,452.71,452.71,9.15,9.15,3.22,82.24,2025-08-05 18:00:00
2025-08-05,19:00:00,27.77,27.77,66.53,66.53,260.97,260.97,413.13,413.13,9.01,9.01,2,51,2025-08-05 19:00:00
2025-08-05,20:00:00,25.91,25.91,66.11,66.11,252.78,252.78,438.07,438.07,9.16,9.16,2,51,2025-08-05 20:00:00
2025-08-05,21:00:00,29.88,29.88,74.23,74.23,233.6,233.6,570.65,570.65,9.23,9.23,5.83,148.65,2025-08-05 21:00:00
2025-08-05,22:00:00,30.39,30.39,71.77,71.77,221.15,221.15,419.11,419.11,10.98,10.98,2,51,2025-08-05 22:00:00
2025-08-05,23:00:00,17.43,17.43,71.96,71.96,225.5,225.5,388.02,388.02,11,11,2,51,2025-08-05 23:00:00
2025-08-06,0:00:00,16.78,16.78,69.37,69.37,241.72,241.72,450.39,450.39,9.25,9.25,2,51,2025-08-06 0:00:00
2025-08-06,1:00:00,20.82,20.82,63.21,63.21,241.92,241.92,513.95,513.95,9,9,2,51,2025-08-06 1:00:00
2025-08-06,2:00:00,26.44,26.44,66.02,66.02,237.25,237.25,535.39,535.39,9.02,9.02,2,51,2025-08-06 2:00:00
2025-08-06,3:00:00,29.45,29.45,67.67,67.67,245.38,245.38,521.34,521.34,9.01,9.01,2.01,51.29,2025-08-06 3:00:00
2025-08-06,4:00:00,44.78,44.78,70.77,70.77,241.91,241.91,480.17,480.17,9.83,9.83,3.62,92.2,2025-08-06 4:00:00
2025-08-06,5:00:00,28.57,28.57,74.52,74.52,227.25,227.25,480.83,480.83,11,11,2,51.01,2025-08-06 5:00:00
2025-08-06,6:00:00,33.26,33.26,75.18,75.18,223.36,223.36,507.54,507.54,11,11,3.9,99.42,2025-08-06 6:00:00
2025-08-06,7:00:00,21.14,21.14,74,74,213.25,213.25,515.59,515.59,11,11,4.18,106.56,2025-08-06 7:00:00
2025-08-06,8:00:00,17.45,17.45,74.18,74.18,216.55,216.55,459.61,459.61,11,11,6.42,163.76,2025-08-06 8:00:00
2025-08-06,9:00:00,18.52,18.52,77.03,77.03,219.17,219.17,576.71,576.71,10.85,10.85,11.86,302.31,2025-08-06 9:00:00
2025-08-06,10:00:00,13.52,13.52,80.88,80.88,217.28,217.28,415.62,415.62,10.99,10.99,16.99,433.35,2025-08-06 10:00:00
2025-08-06,11:00:00,12.63,12.63,73.86,73.86,220.69,220.69,396.39,396.39,11,11,15.16,386.6,2025-08-06 11:00:00
2025-08-06,12:00:00,13.18,13.18,77.3,77.3,215.79,215.79,383.7,383.7,11,11,13.84,353,2025-08-06 12:00:00
2025-08-06,13:00:00,15.61,15.61,70.78,70.78,215.09,215.09,373.35,373.35,11,11,10.6,270.25,2025-08-06 13:00:00
2025-08-06,14:00:00,16.01,16.01,72.87,72.87,216.23,216.23,444.01,444.01,11,11,2,51.05,2025-08-06 14:00:00
2025-08-06,15:00:00,14.18,14.18,73.96,73.96,215.49,215.49,544.66,544.66,11,11,2,51.06,2025-08-06 15:00:00
2025-08-06,16:00:00,13.78,13.78,74.15,74.15,223.29,223.29,518.49,518.49,11,11,2.21,56.45,2025-08-06 16:00:00
2025-08-06,17:00:00,21.76,21.76,74.56,74.56,230.85,230.85,484.91,484.91,10.97,10.97,6.2,158.21,2025-08-06 17:00:00
2025-08-06,18:00:00,12.29,12.29,71.45,71.45,239.87,239.87,499.38,499.38,10.21,10.21,2,51.03,2025-08-06 18:00:00
2025-08-06,19:00:00,10.19,10.19,69.96,69.96,239.8,239.8,447.32,447.32,10,10,2,51.05,2025-08-06 19:00:00
2025-08-06,20:00:00,10.56,10.56,70.32,70.32,240.32,240.32,462.02,462.02,10,10,2,51.05,2025-08-06 20:00:00
2025-08-06,21:00:00,13.46,13.46,71.8,71.8,243.25,243.25,438.79,438.79,10,10,2,51.08,2025-08-06 21:00:00
2025-08-06,22:00:00,19.2,19.17,72.05,71.95,253.04,252.7,407.35,406.78,10,9.99,2,50.94,2025-08-06 22:00:00
2025-08-06,23:00:00,23.95,23.95,72.87,72.87,247.27,247.27,439.6,439.6,10,10,2,51.04,2025-08-06 23:00:00
2025-08-07,0:00:00,24.8,24.8,73.07,73.07,243.48,243.48,427.94,427.94,10,10,2,51.04,2025-08-07 0:00:00
2025-08-07,1:00:00,27.01,27.01,72.78,72.78,240.91,240.91,442.34,442.34,10,10,5.61,143.11,2025-08-07 1:00:00
2025-08-07,2:00:00,28.82,28.82,73.05,73.05,246.12,246.12,441.57,441.57,10,10,3.77,96.02,2025-08-07 2:00:00
2025-08-07,3:00:00,28.14,28.14,71.74,71.74,250.1,250.1,422.26,422.26,10,10,3.33,84.95,2025-08-07 3:00:00
2025-08-07,4:00:00,32.38,32.38,72.56,72.56,251.85,251.85,433.23,433.23,10,10,2.46,62.66,2025-08-07 4:00:00
2025-08-07,5:00:00,37.04,37.04,73.12,73.12,257.53,257.53,407.03,407.03,10,10,2,51,2025-08-07 5:00:00
2025-08-07,6:00:00,39.55,39.55,73.71,73.71,251.12,251.12,371.15,371.15,10.06,10.06,2,51.04,2025-08-07 6:00:00
2025-08-07,7:00:00,51.68,7.07,96.2,39.05,282.58,207.15,230.63,163.71,11.81,5.77,3.77,37.2,2025-08-07 7:00:00
2025-08-07,8:00:00,105,1,161.97,1,3.18,1,29.64,1,17,1,6.41,1,2025-08-07 8:00:00
2025-08-07,9:00:00,105,1,162.85,1,3,1,20.33,1,17,1,8.13,1,2025-08-07 9:00:00
2025-08-07,10:00:00,105,1,159.65,1,3,1,20.08,1,17,1,9.27,1,2025-08-07 10:00:00
2025-08-07,11:00:00,105,1,183.22,1,3,1,20.21,1,17,1,9.8,1,2025-08-07 11:00:00
2025-08-07,12:00:00,104.85,1,150.08,1,3,1,19.96,1,17,1,8.97,1,2025-08-07 12:00:00
2025-08-07,13:00:00,104.99,1,165.86,1,3,1,19.05,1,17,1,7.19,1,2025-08-07 13:00:00
2025-08-07,14:00:00,90.68,1,124.41,1,2.64,1,14.79,1,13.87,1,4.63,1,2025-08-07 14:00:00
2025-08-07,15:00:00,75.38,1,105.91,1,2.42,1,16.41,1,10.69,1,2.4,1,2025-08-07 15:00:00
2025-08-07,16:00:00,103.62,1,173.64,1,3,1,16.09,1,17,1,2.09,1,2025-08-07 16:00:00
2025-08-07,17:00:00,74.43,1,165.02,1,3,1,15.07,1,17,1,1.85,1,2025-08-07 17:00:00
2025-08-07,18:00:00,44.82,1,151.69,1,3,1,15.3,1,17,1,1.86,1,2025-08-07 18:00:00
2025-08-07,19:00:00,28.68,1,147.1,1,3.03,1,15.34,1,17,1,1.86,1,2025-08-07 19:00:00
2025-08-07,20:00:00,16.23,1,149.97,1,3,1,14.98,1,17,1,1.86,1,2025-08-07 20:00:00
2025-08-07,21:00:00,8.13,1,140.56,1,3.03,1,14.57,1,17,1,1.88,1,2025-08-07 21:00:00
2025-08-07,22:00:00,5.97,1,146.55,1,3.04,1,13.33,1,17,1,1.85,1,2025-08-07 22:00:00
2025-08-07,23:00:00,3.83,1,141.22,1,3.09,1,12.96,1,17,1,1.87,1,2025-08-07 23:00:00
2025-08-08,0:00:00,4.26,1,140.47,1,3,1,12.91,1,17,1,1.86,1,2025-08-08 0:00:00
2025-08-08,1:00:00,4.05,1,141.7,1,3,1,12.97,1,17,1,1.86,1,2025-08-08 1:00:00
2025-08-08,2:00:00,3.9,1,140.49,1,3,1,12.85,1,17,1,1.94,1,2025-08-08 2:00:00
2025-08-08,3:00:00,4,1,135.73,1,3,1,12.73,1,17,1,2.6,1,2025-08-08 3:00:00
2025-08-08,4:00:00,2.65,1,146.78,1,3,1,12.83,1,17,1,2.63,1,2025-08-08 4:00:00
2025-08-08,5:00:00,1.6,1,130.98,1,3.06,1,12.83,1,17,1,1.86,1,2025-08-08 5:00:00
2025-08-08,6:00:00,1.39,1,145.81,1,3.02,1,12.99,1,17,1,3.99,1,2025-08-08 6:00:00
2025-08-08,7:00:00,2.48,1,135.46,1,3,1,13.09,1,17,1,5.63,1,2025-08-08 7:00:00
2025-08-08,8:00:00,3.42,1,134.05,1,3.01,1,13.85,1,17,1,6.33,1,2025-08-08 8:00:00
2025-08-08,9:00:00,3.37,1,141.68,1,3.07,1,14.34,1,17,1,8.25,1,2025-08-08 9:00:00
2025-08-08,10:00:00,2.8,1,148.85,1,3.06,1,13.86,1,17,1,6.38,1,2025-08-08 10:00:00
2025-08-08,11:00:00,3.19,1,138.32,1,3.1,1,12.96,1,17,1,5.8,1,2025-08-08 11:00:00
2025-08-08,12:00:00,3.23,1,129.76,1,3,1,12.66,1,17,1,4.43,1,2025-08-08 12:00:00
2025-08-08,13:00:00,2.85,1,143.94,1,3.03,1,13.31,1,17,1,2.74,1,2025-08-08 13:00:00
2025-08-08,14:00:00,2.03,1,133.11,1,3.15,1,12.84,1,17,1,2.68,1,2025-08-08 14:00:00
2025-08-08,15:00:00,1.36,1,137.92,1,3.19,1,12.75,1,17,1,2.83,1,2025-08-08 15:00:00
2025-08-08,16:00:00,1.23,1,137.32,1,3,1,12.55,1,17,1,1.97,1,2025-08-08 16:00:00
2025-08-08,17:00:00,2.22,1,132.13,1,3.12,1,12.44,1,17,1,1.94,1,2025-08-08 17:00:00
2025-08-08,18:00:00,1.58,1,138.07,1,3,1,12.17,1,17,1,1.94,1,2025-08-08 18:00:00
2025-08-08,19:00:00,2.34,1,133.79,1,3,1,11.98,1,17,1,1.93,1,2025-08-08 19:00:00
2025-08-08,20:00:00,1.73,1,133.36,1,3,1,12.03,1,17,1,1.92,1,2025-08-08 20:00:00
2025-08-08,21:00:00,1.08,1,134.53,1,3,1,11.44,1,17,1,1.92,1,2025-08-08 21:00:00
2025-08-08,22:00:00,1.11,1,136.29,1,3,1,11.81,1,17,1,1.93,1,2025-08-08 22:00:00
2025-08-08,23:00:00,1.03,1,131.11,1,3,1,11.38,1,17,1,1.93,1,2025-08-08 23:00:00
2025-08-09,0:00:00,1.12,1,140.95,1,3,1,11.57,1,17,1,2.52,1,2025-08-09 0:00:00
2025-08-09,1:00:00,1.38,1,128.36,1,3.02,1,11.38,1,17,1,2.12,1,2025-08-09 1:00:00
2025-08-09,2:00:00,1.7,1,138.02,1,3,1,11.56,1,17,1,2.16,1,2025-08-09 2:00:00
2025-08-09,3:00:00,1.87,1,128.38,1,3,1,11.3,1,17,1,2.46,1,2025-08-09 3:00:00
2025-08-09,4:00:00,1.75,1,141.11,1,3,1,11.67,1,17,1,2.36,1,2025-08-09 4:00:00
2025-08-09,5:00:00,2.06,1,126.47,1,3,1,11.3,1,17,1,2.42,1,2025-08-09 5:00:00
2025-08-09,6:00:00,2.22,1,131.27,1,3,1,11.37,1,17,1,3.66,1,2025-08-09 6:00:00
2025-08-09,7:00:00,1.91,1,135.26,1,3,1,12.05,1,17,1,5.13,1,2025-08-09 7:00:00
2025-08-09,8:00:00,1.44,1,139.5,1,3,1,12.22,1,17,1,7.12,1,2025-08-09 8:00:00
2025-08-09,9:00:00,1.84,1,133.35,1,3,1,12.86,1,17,1,8.31,1,2025-08-09 9:00:00
2025-08-09,10:00:00,14.78,1,135.86,1,3.03,1,13.39,1,17,1,8.61,1,2025-08-09 10:00:00
2025-08-09,11:00:00,2.7,1,139.14,1,3,1,12.93,1,17,1,8.63,1,2025-08-09 11:00:00
2025-08-09,12:00:00,2.02,1,139.44,1,3,1,13.27,1,17,1,6.42,1,2025-08-09 12:00:00
2025-08-09,13:00:00,1.97,1,126.07,1,3,1,11.98,1,17,1,5.54,1,2025-08-09 13:00:00
2025-08-09,14:00:00,1.95,1,141.49,1,3,1,12.33,1,17,1,4.9,1,2025-08-09 14:00:00
2025-08-09,15:00:00,1.77,1,127.37,1,3,1,12.76,1,17,1,4.13,1,2025-08-09 15:00:00
2025-08-09,16:00:00,2.12,1,139.36,1,3,1,12.2,1,17,1,3.94,1,2025-08-09 16:00:00
2025-08-09,17:00:00,1.32,1,132.35,1,3,1,11.57,1,17,1,2.01,1,2025-08-09 17:00:00
2025-08-09,18:00:00,1.32,1,131,1,3,1,11.72,1,17,1,1.99,1,2025-08-09 18:00:00
2025-08-09,19:00:00,1.31,1,138.34,1,3,1,12.47,1,17,1,1.99,1,2025-08-09 19:00:00
2025-08-09,20:00:00,1.22,1,125.62,1,3,1,13.01,1,17,1,1.99,1,2025-08-09 20:00:00
2025-08-09,21:00:00,1.28,1,140.24,1,3,1,14.21,1,17,1,1.99,1,2025-08-09 21:00:00
2025-08-09,22:00:00,1.71,1,126.62,1,3,1,16.86,1,17,1,1.97,1,2025-08-09 22:00:00
2025-08-09,23:00:00,1.81,1,136.39,1,3,1,12.09,1,17,1,1.97,1,2025-08-09 23:00:00
2025-08-10,0:00:00,1.71,1,129,1,3,1,11.24,1,17,1,1.96,1,2025-08-10 0:00:00
2025-08-10,1:00:00,1.97,1,133.53,1,3,1,11.6,1,17,1,1.97,1,2025-08-10 1:00:00
2025-08-10,2:00:00,2.06,1,130.86,1,3,1,11.5,1,17,1,1.98,1,2025-08-10 2:00:00
2025-08-10,3:00:00,2.33,1,131.22,1,3,1,11.67,1,17,1,1.96,1,2025-08-10 3:00:00
2025-08-10,4:00:00,2.51,1,127.01,1,3,1,15.53,1,17,1,1.95,1,2025-08-10 4:00:00
2025-08-10,5:00:00,2.38,1,124.98,1,2.19,1,33.01,1,16.1,1,2.28,1,2025-08-10 5:00:00
2025-08-10,6:00:00,2.22,1,113.39,1,2.09,1,31.72,1,16,1,4.54,1,2025-08-10 6:00:00
2025-08-10,7:00:00,1.67,1,124.59,1,2.06,1,53.25,1,16,1,6.23,1,2025-08-10 7:00:00
2025-08-10,8:00:00,1.34,1,111.24,1,2,1,67.62,1,16,1,7.51,1,2025-08-10 8:00:00
2025-08-10,9:00:00,1.19,1,119.78,1,2,1,68.66,1,16,1,7.97,1,2025-08-10 9:00:00
2025-08-10,10:00:00,3.9,1,114.84,1,2.02,1,64.92,1,16,1,8.89,1,2025-08-10 10:00:00
2025-08-10,11:00:00,1.59,1,104.55,1,2,1,22.21,1,16,1,8.31,1,2025-08-10 11:00:00
2025-08-10,12:00:00,1.67,1,109.57,1,2.03,1,19.44,1,16,1,6.42,1,2025-08-10 12:00:00
2025-08-10,13:00:00,1.76,1,98.06,1,2,1,20.15,1,15.71,1,2.36,1,2025-08-10 13:00:00
2025-08-10,14:00:00,1.45,1,99.87,1,2.14,1,12.76,1,15,1,4.56,1,2025-08-10 14:00:00
2025-08-10,15:00:00,1.47,1,89.88,1,2.7,1,12.23,1,15,1,2.52,1,2025-08-10 15:00:00
2025-08-10,16:00:00,15.24,1,95.01,1,3.44,1,9.28,1,14.66,1,1.95,1,2025-08-10 16:00:00
2025-08-10,17:00:00,2.44,1,84.73,1,6.68,1,9.66,1,14.99,1,1.96,1,2025-08-10 17:00:00
2025-08-10,18:00:00,1.84,1,86.8,1,58.67,1,7.92,1,14.31,1,2.2,1,2025-08-10 18:00:00
2025-08-10,19:00:00,1.76,1,70.8,1,103.39,1,6.72,1,13.1,1,2.34,1,2025-08-10 19:00:00
2025-08-10,20:00:00,2.35,1,76.82,1,119.09,1,6.78,1,13.26,1,1.92,1,2025-08-10 20:00:00
2025-08-10,21:00:00,2.77,1,75.19,1,119.79,1,6.61,1,13,1,1.92,1,2025-08-10 21:00:00
2025-08-10,22:00:00,2.86,1,73.9,1,125.31,1,6.63,1,13,1,1.92,1,2025-08-10 22:00:00
2025-08-10,23:00:00,2.94,1,76.01,1,122.81,1,6.68,1,12.98,1,1.95,1,2025-08-10 23:00:00
2025-08-11,0:00:00,2.58,1,63.51,1,118.71,1,6.05,1,12,1,3.86,1,2025-08-11 0:00:00
2025-08-11,1:00:00,3.21,1,64.92,1,157.42,1,5.75,1,12.09,1,2.03,1,2025-08-11 1:00:00
2025-08-11,2:00:00,3.13,1,66.42,1,168.82,1,5.61,1,12,1,1.95,1,2025-08-11 2:00:00
2025-08-11,3:00:00,5.3,1,67.21,1,186.35,1,5.7,1,12,1,3.78,1,2025-08-11 3:00:00
2025-08-11,4:00:00,5.08,1,66.94,1,199.28,1,11.02,1,12,1,3.15,1,2025-08-11 4:00:00
2025-08-11,5:00:00,5.36,1,67.93,1,212.27,1,12.54,1,12.09,1,2.25,1,2025-08-11 5:00:00
2025-08-11,6:00:00,28.63,17.27,66.38,26.65,241.3,112.05,98.74,91.69,11.34,4.78,5.39,81.71,2025-08-11 6:00:00
2025-08-11,7:00:00,29.11,29.11,67.8,67.8,241.22,241.22,574.98,574.98,9.28,9.28,9.22,235.01,2025-08-11 7:00:00
2025-08-11,8:00:00,30.38,30.38,72.01,72.01,269.78,269.78,282.74,282.74,9.34,9.34,8.45,215.49,2025-08-11 8:00:00
2025-08-11,9:00:00,51.94,51.94,69.45,69.45,437.46,437.46,239.03,239.03,9.73,9.73,8.69,221.67,2025-08-11 9:00:00
2025-08-11,10:00:00,82.62,82.62,74.36,74.36,492.86,492.86,367.09,367.09,9.91,9.91,9.09,231.8,2025-08-11 10:00:00
2025-08-11,11:00:00,63.11,63.11,61.29,61.29,297.93,297.93,726.62,726.62,8.25,8.25,10.27,261.81,2025-08-11 11:00:00
2025-08-11,12:00:00,69.01,69.01,65.26,65.26,265.65,265.65,504.81,504.81,8.95,8.95,12.09,308.2,2025-08-11 12:00:00
2025-08-11,13:00:00,32.39,32.39,65,65,243.01,243.01,548.01,548.01,8.89,8.89,10.83,276.08,2025-08-11 13:00:00
2025-08-11,14:00:00,31.5,31.5,62.19,62.19,248.82,248.82,556.88,556.88,8.98,8.98,8.68,221.32,2025-08-11 14:00:00
2025-08-11,15:00:00,34.59,34.59,65.85,65.85,260.29,260.29,508.96,508.96,9.35,9.35,7.37,187.97,2025-08-11 15:00:00
2025-08-11,16:00:00,15.74,15.74,69.38,69.38,253.97,253.97,462.48,462.48,10,10,3.03,77.18,2025-08-11 16:00:00
2025-08-11,17:00:00,12.17,12.17,69.13,69.13,240.1,240.1,474.66,474.66,10,10,3.66,93.26,2025-08-11 17:00:00
2025-08-11,18:00:00,10.62,10.62,70.2,70.2,237.62,237.62,458.61,458.61,10.62,10.62,2.01,51.3,2025-08-11 18:00:00
2025-08-11,19:00:00,10.4,10.4,70.56,70.56,241.05,241.05,422,422,10.84,10.84,2.01,51.29,2025-08-11 19:00:00
2025-08-11,20:00:00,13.19,13.19,71.3,71.3,260.86,260.86,386.49,386.49,10.96,10.96,2.01,51.23,2025-08-11 20:00:00
2025-08-11,21:00:00,11.51,11.51,72.15,72.15,254.64,254.64,373.96,373.96,11,11,2.01,51.15,2025-08-11 21:00:00
2025-08-11,22:00:00,12.03,12.03,76.37,76.37,259.74,259.74,390.17,390.17,10.62,10.62,2.01,51.2,2025-08-11 22:00:00
2025-08-11,23:00:00,11.41,11.41,68.81,68.81,245.99,245.99,393.46,393.46,11,11,2.02,51.42,2025-08-11 23:00:00
2025-08-12,0:00:00,11.15,11.15,73.26,73.26,243.04,243.04,438.76,438.76,10.69,10.69,2.01,51.18,2025-08-12 0:00:00
2025-08-12,1:00:00,11.61,11.61,68.36,68.36,212.39,212.39,549.35,549.35,10.41,10.41,2,51.02,2025-08-12 1:00:00
2025-08-12,2:00:00,11.38,11.38,71.16,71.16,214.25,214.25,500.94,500.94,10.3,10.3,2.54,64.85,2025-08-12 2:00:00
2025-08-12,3:00:00,11.28,11.28,71.31,71.31,225.41,225.41,454.79,454.79,10.43,10.43,2.61,66.63,2025-08-12 3:00:00
2025-08-12,4:00:00,11.04,11.04,69.28,69.28,230.64,230.64,457.97,457.97,10.3,10.3,2.01,51.15,2025-08-12 4:00:00
2025-08-12,5:00:00,10.74,10.74,72.68,72.68,245.08,245.08,429.5,429.5,10.4,10.4,3.11,79.41,2025-08-12 5:00:00
2025-08-12,6:00:00,11.14,11.14,68.95,68.95,257.53,257.53,378.57,378.57,10.55,10.55,7.88,200.91,2025-08-12 6:00:00
2025-08-12,7:00:00,10.67,10.67,74.65,74.65,247.51,247.51,414.22,414.22,10.55,10.55,7.72,196.86,2025-08-12 7:00:00
2025-08-12,8:00:00,9.89,9.89,69.28,69.28,249.93,249.93,410.13,410.13,10.15,10.15,10.03,255.77,2025-08-12 8:00:00
2025-08-12,9:00:00,10.05,10.05,74.34,74.34,240.2,240.2,440.86,440.86,10.19,10.19,9.92,253.04,2025-08-12 9:00:00
2025-08-12,10:00:00,10.27,10.27,71.47,71.47,224.25,224.25,509.6,509.6,10.22,10.22,5.5,140.24,2025-08-12 10:00:00
2025-08-12,11:00:00,9.93,9.93,70.88,70.88,213.86,213.86,595.67,595.67,10.08,10.08,7.29,185.82,2025-08-12 11:00:00
2025-08-12,12:00:00,10.29,10.29,72.37,72.37,234.97,234.97,452.09,452.09,10,10,10.44,266.21,2025-08-12 12:00:00
2025-08-12,13:00:00,10.71,10.71,69.8,69.8,233.48,233.48,455.94,455.94,10,10,15.63,398.59,2025-08-12 13:00:00
2025-08-12,14:00:00,10.46,10.46,73.99,73.99,230.91,230.91,462.38,462.38,10.01,10.01,9.31,237.46,2025-08-12 14:00:00
2025-08-12,15:00:00,11.59,11.59,69.95,69.95,230.36,230.36,445.61,445.61,10,10,6.53,166.53,2025-08-12 15:00:00
2025-08-12,16:00:00,11.53,11.53,74.59,74.59,232.24,232.24,438.45,438.45,10,10,7.27,185.48,2025-08-12 16:00:00
2025-08-12,17:00:00,13.4,13.4,69.27,69.27,237.29,237.29,430.82,430.82,10,10,3.99,101.84,2025-08-12 17:00:00
2025-08-12,18:00:00,12.87,12.87,73.61,73.61,256.3,256.3,410.55,410.55,10.05,10.05,2.01,51.14,2025-08-12 18:00:00
2025-08-12,19:00:00,14.3,14.3,66,66,255.65,255.65,413.32,413.32,10,10,5.78,147.28,2025-08-12 19:00:00
2025-08-12,20:00:00,21.78,21.78,72.81,72.81,243.52,243.52,454.76,454.76,9.95,9.95,2.48,63.19,2025-08-12 20:00:00
2025-08-12,21:00:00,12.37,12.37,67.17,67.17,238.65,238.65,496.44,496.44,9.95,9.95,2.58,65.86,2025-08-12 21:00:00
2025-08-12,22:00:00,12.72,12.72,69.59,69.59,235.82,235.82,483.63,483.63,9.9,9.9,2,51.04,2025-08-12 22:00:00
2025-08-12,23:00:00,13.74,13.74,66.82,66.82,242.74,242.74,479.87,479.87,9.88,9.88,2.01,51.24,2025-08-12 23:00:00
2025-08-13,0:00:00,24.98,24.98,71.46,71.46,225.79,225.79,575.7,575.7,9.67,9.67,2.01,51.21,2025-08-13 0:00:00
2025-08-13,1:00:00,33.25,33.25,65.98,65.98,212.16,212.16,696.54,696.54,9.37,9.37,2.01,51.26,2025-08-13 1:00:00
2025-08-13,2:00:00,37.68,37.68,72.45,72.45,213.39,213.39,608.12,608.12,9.56,9.56,2.05,52.22,2025-08-13 2:00:00
2025-08-13,3:00:00,44.5,44.5,65.7,65.7,225.45,225.45,537.86,537.86,9.5,9.5,4.09,104.4,2025-08-13 3:00:00
2025-08-13,4:00:00,48.66,48.66,72.78,72.78,229.13,229.13,509.1,509.1,9.64,9.64,2.01,51.2,2025-08-13 4:00:00
2025-08-13,5:00:00,26.71,26.71,65.36,65.36,223.74,223.74,598.03,598.03,9.32,9.32,2.01,51.16,2025-08-13 5:00:00
2025-08-13,6:00:00,19.79,19.79,71.58,71.58,217.24,217.24,642.86,642.86,9.56,9.56,4.09,104.2,2025-08-13 6:00:00
2025-08-13,7:00:00,20.78,20.78,66.37,66.37,222.95,222.95,613.13,613.13,9.64,9.64,4.42,112.7,2025-08-13 7:00:00
2025-08-13,8:00:00,26.23,26.23,71.82,71.82,236.49,236.49,542.47,542.47,9.7,9.7,6.06,154.42,2025-08-13 8:00:00
2025-08-13,9:00:00,32.63,32.63,66.37,66.37,245.64,245.64,533.76,533.76,9.57,9.57,6.66,169.8,2025-08-13 9:00:00
2025-08-13,10:00:00,32.19,32.19,71.54,71.54,236.95,236.95,501.91,501.91,9.79,9.79,4.32,110.28,2025-08-13 10:00:00
2025-08-13,11:00:00,31.63,31.63,67.01,67.01,230.81,230.81,534.23,534.23,9.61,9.61,4.92,125.47,2025-08-13 11:00:00
2025-08-13,12:00:00,31.47,31.47,71.64,71.64,237.96,237.96,503.52,503.52,9.75,9.75,7.38,188.11,2025-08-13 12:00:00
2025-08-13,13:00:00,32.3,32.3,66.17,66.17,236.26,236.26,518.45,518.45,9.53,9.53,7.75,197.57,2025-08-13 13:00:00
2025-08-13,14:00:00,31.87,31.87,70.86,70.86,232.87,232.87,601.29,601.29,9.2,9.2,9.08,231.46,2025-08-13 14:00:00
2025-08-13,15:00:00,33.15,33.15,66.18,66.18,237.28,237.28,598.45,598.45,9.52,9.52,5.83,148.62,2025-08-13 15:00:00
2025-08-13,16:00:00,30,30,72.67,72.67,223.73,223.73,591.37,591.37,9.43,9.43,3.1,79.04,2025-08-13 16:00:00
2025-08-13,17:00:00,33.16,33.16,67.15,67.15,218.38,218.38,597.11,597.11,9.62,9.62,2.11,53.78,2025-08-13 17:00:00
2025-08-13,18:00:00,30.43,30.43,73.35,73.35,211.81,211.81,662.54,662.54,9.96,9.96,2.01,51.2,2025-08-13 18:00:00
2025-08-13,19:00:00,35.57,35.57,69.26,69.26,209.68,209.68,736.64,736.64,9.97,9.97,2.01,51.13,2025-08-13 19:00:00
2025-08-13,20:00:00,47.01,47.01,73.37,73.37,212.94,212.94,654.13,654.13,10,10,2.01,51.17,2025-08-13 20:00:00
2025-08-13,21:00:00,39.07,39.07,67.84,67.84,218.06,218.06,556.51,556.51,10,10,2,51.1,2025-08-13 21:00:00
2025-08-13,22:00:00,35.64,35.64,73.7,73.7,229.26,229.26,528.32,528.32,10,10,2,51.07,2025-08-13 22:00:00
2025-08-13,23:00:00,30.75,30.75,67.88,67.88,230.43,230.43,594.77,594.77,9.98,9.98,2,51.12,2025-08-13 23:00:00
2025-08-14,0:00:00,31.61,31.61,74.42,74.42,217.99,217.99,722.27,722.27,9.98,9.98,2.01,51.21,2025-08-14 0:00:00
2025-08-14,1:00:00,33.49,33.49,68.25,68.25,194.96,194.96,904.48,904.48,9.94,9.94,2.01,51.25,2025-08-14 1:00:00
2025-08-14,2:00:00,36.43,36.43,75.64,75.64,183.76,183.76,1001.04,1001.04,9.93,9.93,2.7,68.74,2025-08-14 2:00:00
2025-08-14,3:00:00,37.81,37.81,68.45,68.45,195.25,195.25,820.45,820.45,9.98,9.98,2.02,51.47,2025-08-14 3:00:00
2025-08-14,4:00:00,44.24,44.24,74.36,74.36,207.71,207.71,619.6,619.6,10,10,2.01,51.31,2025-08-14 4:00:00
2025-08-14,5:00:00,21.68,21.68,68.04,68.04,199.41,199.41,620.6,620.6,10,10,2.02,51.53,2025-08-14 5:00:00
2025-08-14,6:00:00,20.62,20.62,74.52,74.52,187.27,187.27,727.67,727.67,10,10,4.54,115.71,2025-08-14 6:00:00
2025-08-14,7:00:00,19.45,19.45,68.99,68.99,193.61,193.61,714.51,714.51,10,10,4.23,107.78,2025-08-14 7:00:00
2025-08-14,8:00:00,32.19,32.19,73.6,73.6,208.34,208.34,581.59,581.59,10,10,3.75,95.63,2025-08-14 8:00:00
2025-08-14,9:00:00,31.73,31.73,71.08,71.08,209.48,209.48,646.01,646.01,9.96,9.96,8.26,210.64,2025-08-14 9:00:00
2025-08-14,10:00:00,38.39,38.39,73.83,73.83,196.33,196.33,825.68,825.68,9.81,9.81,9.86,251.5,2025-08-14 10:00:00
2025-08-14,11:00:00,24.01,24.01,72.62,72.62,208.78,208.78,349.43,349.43,9.98,9.98,12.52,319.17,2025-08-14 11:00:00
2025-08-14,12:00:00,24.01,24.01,73.95,73.95,229.11,229.11,360.04,360.04,10,10,13.64,347.95,2025-08-14 12:00:00
2025-08-14,13:00:00,21.37,21.33,68.65,68.5,227.68,227.21,436.35,435.45,10,9.98,6.02,153.3,2025-08-14 13:00:00
2025-08-14,14:00:00,21.22,21.22,74.89,74.89,212.98,212.98,599.56,599.56,9.84,9.84,7.53,192.03,2025-08-14 14:00:00
2025-08-14,15:00:00,21.24,21.24,67.84,67.84,210.51,210.51,642.66,642.66,9.68,9.68,3.3,84.15,2025-08-14 15:00:00
2025-08-14,16:00:00,24.6,24.6,75.04,75.04,203.75,203.75,681.65,681.65,9.7,9.7,2.05,52.34,2025-08-14 16:00:00
2025-08-14,17:00:00,27.02,27.02,67.15,67.15,209.79,209.79,716.05,716.05,9.36,9.36,2.05,52.2,2025-08-14 17:00:00
2025-08-14,18:00:00,18.91,18.91,73.46,73.46,221.99,221.99,475.96,475.96,9.99,9.99,2.05,52.24,2025-08-14 18:00:00
2025-08-14,19:00:00,28.45,28.45,74.06,74.06,223.16,223.16,471.72,471.72,9.99,9.99,2.04,52.01,2025-08-14 19:00:00
2025-08-14,20:00:00,31.58,31.58,70.31,70.31,231.24,231.24,469.55,469.55,9.93,9.93,2.04,51.94,2025-08-14 20:00:00
2025-08-14,21:00:00,48.44,48.44,66.43,66.43,246.87,246.87,565.36,565.36,8,8,2.02,51.42,2025-08-14 21:00:00
2025-08-14,22:00:00,51.6,51.6,71.17,71.17,233.5,233.5,510.56,510.56,9.32,9.32,2.04,52.08,2025-08-14 22:00:00
2025-08-14,23:00:00,23.71,23.71,73.39,73.39,222.88,222.88,463.26,463.26,10,10,2.05,52.21,2025-08-14 23:00:00
2025-08-15,0:00:00,24.15,24.15,73.21,73.21,231.63,231.63,448.17,448.17,10,10,2.74,69.99,2025-08-15 0:00:00
2025-08-15,1:00:00,23.27,23.27,72.62,72.62,228.95,228.95,441.62,441.62,10,10,2.04,52.11,2025-08-15 1:00:00
2025-08-15,2:00:00,23.77,23.77,72.6,72.6,228.24,228.24,441.44,441.44,10,10,2.06,52.43,2025-08-15 2:00:00
2025-08-15,3:00:00,26.07,26.07,74.29,74.29,233.38,233.38,494.97,494.97,10,10,3.15,80.45,2025-08-15 3:00:00
2025-08-15,4:00:00,31.02,31.02,70.46,70.46,215.68,215.68,598.39,598.39,10,10,2.09,53.34,2025-08-15 4:00:00
2025-08-15,5:00:00,25.61,25.61,77.75,77.75,204,204,589.44,589.44,10,10,2.04,52.04,2025-08-15 5:00:00
2025-08-15,6:00:00,23.97,23.97,69.15,69.15,224.41,224.41,507.49,507.49,10,10,3.7,94.44,2025-08-15 6:00:00
2025-08-15,7:00:00,28.63,28.63,73.12,73.12,257.54,257.54,405.07,405.07,10,10,4.74,120.9,2025-08-15 7:00:00
2025-08-15,8:00:00,37.7,37.7,74.98,74.98,251.71,251.71,399.13,399.13,10,10,7.08,180.65,2025-08-15 8:00:00
2025-08-15,9:00:00,44.19,44.19,75.58,75.58,251.98,251.98,407.18,407.18,10,10,7.87,200.73,2025-08-15 9:00:00
2025-08-15,10:00:00,22.48,22.48,71.23,71.23,241.51,241.51,378.73,378.73,10,10,7.5,191.3,2025-08-15 10:00:00
2025-08-15,11:00:00,14.57,14.57,77.63,77.63,258.58,258.58,337.33,337.33,10,10,8.05,205.21,2025-08-15 11:00:00
2025-08-15,12:00:00,31.07,31.07,71.16,71.16,254.14,254.14,361.54,361.54,10,10,9.28,236.71,2025-08-15 12:00:00
2025-08-15,13:00:00,24.71,24.71,78.52,78.52,246.42,246.42,388.62,388.62,10,10,9.16,233.54,2025-08-15 13:00:00
2025-08-15,14:00:00,22.06,22.06,70.58,70.58,237.02,237.02,413.56,413.56,10,10,8.29,211.5,2025-08-15 14:00:00
2025-08-15,15:00:00,19.8,19.8,72.24,72.24,247.61,247.61,405.6,405.6,10,10,6.66,169.89,2025-08-15 15:00:00
2025-08-15,16:00:00,25.32,25.32,74.66,74.66,245.43,245.43,396.1,396.1,10,10,3.11,79.42,2025-08-15 16:00:00
2025-08-15,17:00:00,33.86,33.86,79.91,79.91,240.6,240.6,424.34,424.34,10,10,2.03,51.84,2025-08-15 17:00:00
2025-08-15,18:00:00,24.54,24.54,70.13,70.13,240.34,240.34,490.14,490.14,9.94,9.94,5.81,148.09,2025-08-15 18:00:00
2025-08-15,19:00:00,29.93,29.93,76,76,247.73,247.73,490.42,490.42,9.75,9.75,2.61,66.59,2025-08-15 19:00:00
2025-08-15,20:00:00,50.39,50.39,61.85,61.85,269.91,269.91,534.55,534.55,7.92,7.92,2.01,51.34,2025-08-15 20:00:00
2025-08-15,21:00:00,52.27,52.27,75.11,75.11,233.41,233.41,574.95,574.95,9.49,9.49,2.03,51.67,2025-08-15 21:00:00
2025-08-15,22:00:00,25.98,25.98,69.4,69.4,235.84,235.84,475.23,475.23,10,10,2.01,51.27,2025-08-15 22:00:00
2025-08-15,23:00:00,31.9,31.9,77.78,77.78,238.92,238.92,492.47,492.47,10,10,2.01,51.3,2025-08-15 23:00:00
2025-08-16,0:00:00,36.08,36.08,71.31,71.31,237.34,237.34,516.89,516.89,10,10,2.01,51.28,2025-08-16 0:00:00
2025-08-16,1:00:00,36.08,36.08,77.54,77.54,237.54,237.54,459.89,459.89,10,10,2.01,51.2,2025-08-16 1:00:00
2025-08-16,2:00:00,37.28,37.28,71.03,71.03,239.49,239.49,487.27,487.27,10,10,2.01,51.26,2025-08-16 2:00:00
2025-08-16,3:00:00,37.13,37.13,76.59,76.59,239.78,239.78,389.88,389.88,10,10,2.01,51.28,2025-08-16 3:00:00
2025-08-16,4:00:00,55.07,55.07,66.31,66.31,247.86,247.86,457,457,8.86,8.86,2.02,51.46,2025-08-16 4:00:00
2025-08-16,5:00:00,42.98,42.98,76.16,76.16,234.15,234.15,473.28,473.28,9.92,9.92,2.02,51.5,2025-08-16 5:00:00
2025-08-16,6:00:00,27.71,27.71,68.94,68.94,233.85,233.85,434.64,434.64,9.99,9.99,5.62,143.19,2025-08-16 6:00:00
2025-08-16,7:00:00,27.81,27.81,74.4,74.4,231.28,231.28,469.02,469.02,9.53,9.53,7.34,187.08,2025-08-16 7:00:00
2025-08-16,8:00:00,44.24,44.24,67.71,67.71,246.29,246.29,885.13,885.13,8.65,8.65,6.06,154.59,2025-08-16 8:00:00
2025-08-16,9:00:00,36.78,36.78,75.34,75.34,236.61,236.61,493.25,493.25,9.62,9.62,5.63,143.6,2025-08-16 9:00:00
2025-08-16,10:00:00,42.52,42.52,69.43,69.43,246.53,246.53,531.97,531.97,9.56,9.56,7.73,197.13,2025-08-16 10:00:00
2025-08-16,11:00:00,49.62,49.62,75.65,75.65,243.52,243.52,663.85,663.85,9.39,9.39,10.3,262.69,2025-08-16 11:00:00
2025-08-16,12:00:00,38.35,38.35,70.09,70.09,253.76,253.76,484.06,484.06,9.82,9.82,9.55,243.61,2025-08-16 12:00:00
2025-08-16,13:00:00,19.73,19.73,74.94,74.94,241.49,241.49,667.02,667.02,9.96,9.96,7.58,193.2,2025-08-16 13:00:00
2025-08-16,14:00:00,16.53,16.53,71.58,71.58,240.61,240.61,673.89,673.89,9.95,9.95,4.1,104.57,2025-08-16 14:00:00
2025-08-16,15:00:00,16.55,16.55,70.99,70.99,238.46,238.46,504.84,504.84,9.93,9.93,2.24,57.06,2025-08-16 15:00:00
2025-08-16,16:00:00,14.57,14.57,75.88,75.88,221.64,221.64,582.16,582.16,9.78,9.78,2.02,51.45,2025-08-16 16:00:00
2025-08-16,17:00:00,12.2,12.2,68.67,68.67,225.32,225.32,550.73,550.73,9.8,9.8,2.01,51.34,2025-08-16 17:00:00
2025-08-16,18:00:00,10.46,10.46,74.06,74.06,242.08,242.08,476.37,476.37,9.98,9.98,2.02,51.51,2025-08-16 18:00:00
2025-08-16,19:00:00,9.51,9.51,72.72,72.72,248.99,248.99,554.09,554.09,9.97,9.97,2.01,51.22,2025-08-16 19:00:00
2025-08-16,20:00:00,9.13,9.13,72.44,72.44,231.7,231.7,450.62,450.62,10,10,2.01,51.13,2025-08-16 20:00:00
2025-08-16,21:00:00,9.08,9.08,74.55,74.55,235.61,235.61,428.69,428.69,10,10,2.01,51.13,2025-08-16 21:00:00
2025-08-16,22:00:00,9.26,9.26,70.18,70.18,238.41,238.41,465.59,465.59,10,10,2,51.09,2025-08-16 22:00:00
2025-08-16,23:00:00,10.34,10.34,76.04,76.04,255.46,255.46,421.61,421.61,9.99,9.99,2,51.07,2025-08-16 23:00:00
2025-08-17,0:00:00,10.7,10.7,69.99,69.99,238.1,238.1,492.7,492.7,10,10,2.01,51.35,2025-08-17 0:00:00
2025-08-17,1:00:00,12.03,12.03,75.66,75.66,239.25,239.25,510.87,510.87,10,10,2.01,51.28,2025-08-17 1:00:00
2025-08-17,2:00:00,11.82,11.82,70.66,70.66,234.5,234.5,545.54,545.54,9.97,9.97,2.02,51.44,2025-08-17 2:00:00
2025-08-17,3:00:00,9.54,9.54,76.65,76.65,227.74,227.74,535.85,535.85,10,10,2.01,51.22,2025-08-17 3:00:00
2025-08-17,4:00:00,9.19,9.19,71.78,71.78,232.07,232.07,472.51,472.51,10,10,2.01,51.2,2025-08-17 4:00:00
2025-08-17,5:00:00,9.62,9.62,73.98,73.98,240.22,240.22,460.65,460.65,10,10,2.01,51.16,2025-08-17 5:00:00
2025-08-17,6:00:00,12.29,12.29,73.7,73.7,241.89,241.89,460.56,460.56,10,10,5.44,138.73,2025-08-17 6:00:00
2025-08-17,7:00:00,14.52,14.52,76.37,76.37,239.32,239.32,434.81,434.81,10,10,6.33,161.46,2025-08-17 7:00:00
2025-08-17,8:00:00,14.44,14.44,74.37,74.37,240.91,240.91,406.8,406.8,10,10,5.88,149.89,2025-08-17 8:00:00
2025-08-17,9:00:00,23.76,23.76,73.7,73.7,245.39,245.39,602.82,602.82,10,10,7.36,187.8,2025-08-17 9:00:00
2025-08-17,10:00:00,32.39,32.39,76.47,76.47,246.36,246.36,609.78,609.78,10,10,6.01,153.36,2025-08-17 10:00:00
2025-08-17,11:00:00,19.52,19.52,73.96,73.96,249.7,249.7,582.29,582.29,9.99,9.99,7.5,191.31,2025-08-17 11:00:00
2025-08-17,12:00:00,26.94,26.94,74.44,74.44,248.93,248.93,509.14,509.14,9.99,9.99,8.45,215.51,2025-08-17 12:00:00
2025-08-17,13:00:00,28.83,28.83,73.58,73.58,243.41,243.41,651.31,651.31,9.83,9.83,10.02,255.46,2025-08-17 13:00:00
2025-08-17,14:00:00,25.64,25.64,71.59,71.59,244.31,244.31,656.48,656.48,9.98,9.98,9.62,245.29,2025-08-17 14:00:00
2025-08-17,15:00:00,24.1,24.1,72.97,72.97,240.32,240.32,612.53,612.53,9.91,9.91,3.37,86.05,2025-08-17 15:00:00
2025-08-17,16:00:00,18.36,18.36,75.4,75.4,236.63,236.63,377.62,377.62,10.03,10.03,2.02,51.63,2025-08-17 16:00:00
2025-08-17,17:00:00,12.54,12.54,73.46,73.46,228.37,228.37,474.52,474.52,9.99,9.99,2.02,51.62,2025-08-17 17:00:00
2025-08-17,18:00:00,13.51,13.51,75.25,75.25,219.53,219.53,492.91,492.91,10.01,10.01,2.04,51.98,2025-08-17 18:00:00
2025-08-17,19:00:00,15.18,15.18,75.93,75.93,217.06,217.06,488.85,488.85,10,10,2.04,51.89,2025-08-17 19:00:00
2025-08-17,20:00:00,25.59,25.59,76.36,76.36,228.51,228.51,514.67,514.67,10,10,2.03,51.77,2025-08-17 20:00:00
2025-08-17,21:00:00,35.26,35.26,82.95,82.95,235.03,235.03,575.38,575.38,10,10,2.03,51.79,2025-08-17 21:00:00
2025-08-17,22:00:00,39.1,39.1,75.07,75.07,235.53,235.53,537.71,537.71,10,10,2.04,51.9,2025-08-17 22:00:00
2025-08-17,23:00:00,77.85,77.85,80.13,80.13,236.56,236.56,495.41,495.41,10,10,2.02,51.41,2025-08-17 23:00:00
2025-08-18,0:00:00,36.86,36.86,77.17,77.17,236.84,236.84,527.99,527.99,10,10,3.18,81.2,2025-08-18 0:00:00
2025-08-18,1:00:00,49.04,49.04,77.94,77.94,235.38,235.38,584.89,584.89,10,10,2.02,51.42,2025-08-18 1:00:00
2025-08-18,2:00:00,40.73,40.73,79.34,79.34,229.63,229.63,479.84,479.84,10,10,2.02,51.59,2025-08-18 2:00:00
2025-08-18,3:00:00,29.65,29.65,73.48,73.48,229.82,229.82,506.18,506.18,10,10,2.02,51.52,2025-08-18 3:00:00
2025-08-18,4:00:00,23.59,23.59,81.87,81.87,232.8,232.8,484.78,484.78,10.32,10.32,2.02,51.56,2025-08-18 4:00:00
2025-08-18,5:00:00,17.82,17.82,75.59,75.59,226.97,226.97,495.03,495.03,10.02,10.02,2.02,51.5,2025-08-18 5:00:00
2025-08-18,6:00:00,15.12,15.12,79.04,79.04,218.02,218.02,556.75,556.75,10,10,2.23,56.81,2025-08-18 6:00:00
2025-08-18,7:00:00,11.68,11.68,74.96,74.96,203.12,203.12,777.27,777.27,10,10,5.71,145.66,2025-08-18 7:00:00
2025-08-18,8:00:00,50.91,50.91,75.55,75.55,230.08,230.08,663.35,663.35,8.63,8.63,7.15,182.24,2025-08-18 8:00:00
2025-08-18,9:00:00,104.99,104.99,67.74,67.74,241.06,241.06,681.83,681.83,8.03,8.03,8.32,212.18,2025-08-18 9:00:00
2025-08-18,10:00:00,70.07,70.07,72.86,72.86,246.3,246.3,1020.49,1020.49,7.82,7.82,8.37,213.44,2025-08-18 10:00:00
2025-08-18,11:00:00,59,59,66.07,66.07,250.87,250.87,775.21,775.21,8,8,8.51,217.1,2025-08-18 11:00:00
2025-08-18,12:00:00,54.09,54.09,73.05,73.05,252.61,252.61,938.44,938.44,7.9,7.9,9.21,234.74,2025-08-18 12:00:00
2025-08-18,13:00:00,58.64,58.64,67.53,67.53,255.45,255.45,998.99,998.99,7.87,7.87,8.02,204.4,2025-08-18 13:00:00
2025-08-18,14:00:00,57.39,57.39,68.13,68.13,256.25,256.25,705.89,705.89,8,8,6.49,165.45,2025-08-18 14:00:00
2025-08-18,15:00:00,67.89,67.89,70.05,70.05,258.41,258.41,657.92,657.92,8.02,8.02,3.44,87.77,2025-08-18 15:00:00
2025-08-18,16:00:00,63.46,63.46,69.72,69.72,253.21,253.21,472.62,472.62,8,8,2.02,51.51,2025-08-18 16:00:00
2025-08-18,17:00:00,66.42,66.42,69.71,69.71,246.47,246.47,503.56,503.56,8.04,8.04,2,51.05,2025-08-18 17:00:00
2025-08-18,18:00:00,50.69,50.69,74.94,74.94,257.72,257.72,465.12,465.12,8.32,8.32,2,50.99,2025-08-18 18:00:00
2025-08-18,19:00:00,62.26,62.26,70.65,70.65,246.02,246.02,437.33,437.33,9.07,9.07,2.06,52.55,2025-08-18 19:00:00
2025-08-18,20:00:00,16.37,16.37,80.77,80.77,236.67,236.67,404.78,404.78,10,10,5.5,140.32,2025-08-18 20:00:00
2025-08-18,21:00:00,8.28,8.28,74.69,74.69,221.88,221.88,443.01,443.01,10.03,10.03,4.1,104.62,2025-08-18 21:00:00
2025-08-18,22:00:00,6.94,6.94,79.02,79.02,214.06,214.06,379.61,379.61,10.17,10.17,2.82,71.89,2025-08-18 22:00:00
2025-08-18,23:00:00,6.13,6.13,78.89,78.89,213.44,213.44,325.71,325.71,10.9,10.9,3.57,90.96,2025-08-18 23:00:00
2025-08-19,0:00:00,5.79,5.79,77.59,77.59,219.34,219.34,315.63,315.63,10.91,10.91,4,102.11,2025-08-19 0:00:00
2025-08-19,1:00:00,5.76,5.76,85.08,85.08,196.63,196.63,295.36,295.36,11.33,11.33,5.33,135.85,2025-08-19 1:00:00
2025-08-19,2:00:00,4.99,4.99,88.99,88.99,162.14,162.14,246.81,246.81,12.76,12.76,4.15,105.86,2025-08-19 2:00:00
2025-08-19,3:00:00,10.24,10.24,93.38,93.38,155.55,155.55,414.74,414.74,12.22,12.22,3.66,93.4,2025-08-19 3:00:00
2025-08-19,4:00:00,4.43,4.43,83.43,83.43,182.17,182.17,281.69,281.69,12,12,3.16,80.46,2025-08-19 4:00:00
2025-08-19,5:00:00,3.69,3.69,87.5,87.5,211.55,211.55,236.73,236.73,11.89,11.89,2.41,61.41,2025-08-19 5:00:00
2025-08-19,6:00:00,2.98,2.98,86.17,86.17,185.03,185.03,223.56,223.56,12,12,6.62,168.74,2025-08-19 6:00:00
2025-08-19,7:00:00,2.83,2.83,84.9,84.9,196.49,196.49,259.58,259.58,11.92,11.92,3.88,98.84,2025-08-19 7:00:00
2025-08-19,8:00:00,2.71,2.71,91.29,91.29,182.39,182.39,307.54,307.54,11.93,11.93,4.34,110.75,2025-08-19 8:00:00
2025-08-19,9:00:00,10.98,10.98,79.22,79.22,205.74,205.74,438.89,438.89,10.79,10.79,7.58,193.38,2025-08-19 9:00:00
2025-08-19,10:00:00,73.03,73.03,70.8,70.8,230.47,230.47,645.72,645.72,7.37,7.37,9.72,247.8,2025-08-19 10:00:00
2025-08-19,11:00:00,51.48,51.48,65.68,65.68,256.8,256.8,488.46,488.46,7.61,7.61,10.4,265.19,2025-08-19 11:00:00
2025-08-19,12:00:00,96.96,96.96,71.73,71.73,262.01,262.01,694.89,694.89,7.88,7.88,5.42,138.17,2025-08-19 12:00:00
2025-08-19,13:00:00,104.99,104.99,74.58,74.58,260.8,260.8,562.82,562.82,8.39,8.39,2,51,2025-08-19 13:00:00
2025-08-19,14:00:00,57.14,57.14,75.02,75.02,230.86,230.86,383.1,383.1,10,10,2,51,2025-08-19 14:00:00
2025-08-19,15:00:00,49.85,49.85,80.11,80.11,234.15,234.15,364.56,364.56,10,10,2,50.94,2025-08-19 15:00:00
2025-08-19,16:00:00,50.5,50.5,74.38,74.38,236.53,236.53,424.65,424.65,10,10,2.62,66.72,2025-08-19 16:00:00
2025-08-19,17:00:00,44.01,44.01,82.52,82.52,263.18,263.18,421.36,421.36,10,10,5.36,136.67,2025-08-19 17:00:00
2025-08-19,18:00:00,29,29,75.05,75.05,259.6,259.6,539.46,539.46,10.05,10.05,6.56,167.38,2025-08-19 18:00:00
2025-08-19,19:00:00,34.03,34.03,77.91,77.91,253.37,253.37,559.02,559.02,9.89,9.89,2.64,67.43,2025-08-19 19:00:00
2025-08-19,20:00:00,56.91,56.91,77.39,77.39,245.69,245.69,686.1,686.1,9.5,9.5,2.28,58.05,2025-08-19 20:00:00
2025-08-19,21:00:00,52.26,52.26,68.32,68.32,283.42,283.42,452.01,452.01,8.02,8.02,2,50.99,2025-08-19 21:00:00
2025-08-19,22:00:00,30.82,30.82,73.9,73.9,281.09,281.09,496.84,496.84,7.98,7.98,4.58,116.68,2025-08-19 22:00:00
2025-08-19,23:00:00,31.53,31.53,65.92,65.92,278.29,278.29,555.21,555.21,7.95,7.95,12.86,327.93,2025-08-19 23:00:00
2025-08-20,0:00:00,37.6,37.6,67.94,67.94,284.36,284.36,569.9,569.9,7.95,7.95,2.87,73.3,2025-08-20 0:00:00
2025-08-20,1:00:00,36.29,36.29,72.89,72.89,289.3,289.3,483.41,483.41,7.86,7.86,11.94,304.4,2025-08-20 1:00:00
2025-08-20,2:00:00,41.7,41.7,66.78,66.78,304.67,304.67,511.52,511.52,7.93,7.93,6.41,163.37,2025-08-20 2:00:00
2025-08-20,3:00:00,37.16,37.16,71.53,71.53,298.18,298.18,410.53,410.53,8,8,2.38,60.6,2025-08-20 3:00:00
2025-08-20,4:00:00,45.9,45.9,68.97,68.97,290.07,290.07,433.68,433.68,8.02,8.02,8.47,216.04,2025-08-20 4:00:00
2025-08-20,5:00:00,59.55,59.55,73.84,73.84,267.68,267.68,410.73,410.73,9.4,9.4,4,101.89,2025-08-20 5:00:00
2025-08-20,6:00:00,33.17,33.17,81.61,81.61,261.32,261.32,439.91,439.91,9.94,9.94,6.59,168.12,2025-08-20 6:00:00
2025-08-20,7:00:00,43.05,43.05,77.32,77.32,274.14,274.14,429.46,429.46,9.84,9.84,2,51,2025-08-20 7:00:00
2025-08-20,8:00:00,45.56,45.56,77.01,77.01,273.69,273.69,410.46,410.46,9.78,9.78,5.16,131.47,2025-08-20 8:00:00
2025-08-20,9:00:00,63.01,63.01,81.87,81.87,258.1,258.1,540.72,540.72,9.75,9.75,9.42,240.13,2025-08-20 9:00:00
2025-08-20,10:00:00,73.77,73.77,69.1,69.1,284.67,284.67,553.72,553.72,7.98,7.98,4,101.9,2025-08-20 10:00:00
2025-08-20,11:00:00,46.55,46.55,80.32,80.32,266.49,266.49,630.46,630.46,9.62,9.62,5.29,134.97,2025-08-20 11:00:00
2025-08-20,12:00:00,33.59,33.59,74.97,74.97,285.6,285.6,504.05,504.05,9.5,9.5,11.63,296.68,2025-08-20 12:00:00
2025-08-20,13:00:00,47.32,47.32,80.36,80.36,275.87,275.87,576.88,576.88,9.49,9.49,17,433.5,2025-08-20 13:00:00
2025-08-20,14:00:00,46.07,46.07,76.94,76.94,269.46,269.46,498.31,498.31,9.3,9.3,14.01,357.2,2025-08-20 14:00:00
2025-08-20,15:00:00,41.71,41.71,76.06,76.06,271.63,271.63,440.84,440.84,9.24,9.24,10.74,273.82,2025-08-20 15:00:00
2025-08-20,16:00:00,33.51,33.51,75.37,75.37,295.5,295.5,397.89,397.89,9.26,9.26,8.51,216.96,2025-08-20 16:00:00
2025-08-20,17:00:00,49.54,49.54,68.74,68.74,335.82,335.82,424.7,424.7,7.79,7.79,3.85,98.13,2025-08-20 17:00:00
2025-08-20,18:00:00,65.91,65.91,72.06,72.06,318.35,318.35,491.48,491.48,8.1,8.1,2.58,65.79,2025-08-20 18:00:00
2025-08-20,19:00:00,69.15,69.15,71.04,71.04,317.48,317.48,480.51,480.51,8.59,8.59,2.12,54.06,2025-08-20 19:00:00
2025-08-20,20:00:00,32.61,32.61,82.54,82.54,291.92,291.92,381.21,381.21,10.02,10.02,2.38,60.66,2025-08-20 20:00:00
2025-08-20,21:00:00,39.71,39.71,76.56,76.56,271.16,271.16,462.2,462.2,9.99,9.99,3.69,94.09,2025-08-20 21:00:00
2025-08-20,22:00:00,40.2,40.2,80.74,80.74,297.13,297.13,375.5,375.5,10,10,2,51,2025-08-20 22:00:00
2025-08-20,23:00:00,28.72,28.72,78.6,78.6,289.31,289.31,418.02,418.02,10,10,2,51.01,2025-08-20 23:00:00
2025-08-21,0:00:00,19.25,19.25,79.44,79.44,284.91,284.91,467.72,467.72,10,10,2,51.01,2025-08-21 0:00:00
2025-08-21,1:00:00,17.51,17.51,77.51,77.51,287.56,287.56,399.95,399.95,10,10,2,51.01,2025-08-21 1:00:00
2025-08-21,2:00:00,20.24,20.24,79.13,79.13,286.12,286.12,372.87,372.87,10,10,2,51.04,2025-08-21 2:00:00
2025-08-21,3:00:00,27.51,27.51,80.48,80.48,280.66,280.66,405.29,405.29,10,10,2,51.1,2025-08-21 3:00:00
2025-08-21,4:00:00,20.94,20.94,79.17,79.17,287.77,287.77,368.55,368.55,10,10,3.72,94.76,2025-08-21 4:00:00
2025-08-21,5:00:00,16.56,16.56,80.22,80.22,278.49,278.49,391.64,391.64,10,10,8.08,206.01,2025-08-21 5:00:00
2025-08-21,6:00:00,20.1,20.1,80.68,80.68,295.22,295.22,353.37,353.37,10,10,13.7,349.25,2025-08-21 6:00:00
2025-08-21,7:00:00,29.47,29.47,78.95,78.95,306.6,306.6,359.63,359.63,10,10,13.96,356,2025-08-21 7:00:00
2025-08-21,8:00:00,45.67,45.67,72,72,328.18,328.18,403.23,403.23,8.15,8.15,4.85,123.75,2025-08-21 8:00:00
2025-08-21,9:00:00,46.6,46.6,73.49,73.49,322.63,322.63,418.68,418.68,8.04,8.04,9.55,243.64,2025-08-21 9:00:00
2025-08-21,10:00:00,47.26,47.26,70.46,70.46,326.61,326.61,406.36,406.36,8,8,10.13,258.22,2025-08-21 10:00:00
2025-08-21,11:00:00,45.47,45.47,73.8,73.8,333.32,333.32,388.77,388.77,8,8,5.53,140.97,2025-08-21 11:00:00
2025-08-21,12:00:00,54.12,54.12,68.08,68.08,307.25,307.25,425.82,425.82,8.05,8.05,6.63,169.02,2025-08-21 12:00:00
2025-08-21,13:00:00,50.8,50.8,74.67,74.67,301.13,301.13,405.8,405.8,8,8,5.89,150.26,2025-08-21 13:00:00
2025-08-21,14:00:00,55.15,55.15,68.18,68.18,303.84,303.84,389.32,389.32,8,8,2.29,58.47,2025-08-21 14:00:00
2025-08-21,15:00:00,68.18,68.18,80.43,80.43,286.89,286.89,366.69,366.69,9.47,9.47,5.17,131.95,2025-08-21 15:00:00
2025-08-21,16:00:00,27.92,27.92,76.9,76.9,258.33,258.33,396.05,396.05,10,10,5.45,139.09,2025-08-21 16:00:00
2025-08-21,17:00:00,28.91,28.91,82.16,82.16,265.34,265.34,403.08,403.08,10,10,7.32,186.7,2025-08-21 17:00:00
2025-08-21,18:00:00,27.81,27.81,80.15,80.15,264.47,264.47,458.29,458.29,10.05,10.05,7.17,182.73,2025-08-21 18:00:00
2025-08-21,19:00:00,28.24,28.24,80.6,80.6,250.28,250.28,513.65,513.65,10,10,2.67,67.98,2025-08-21 19:00:00
2025-08-21,20:00:00,36.18,36.18,82.29,82.29,267.31,267.31,505.54,505.54,10,10,4.04,103.09,2025-08-21 20:00:00
2025-08-21,21:00:00,40.41,40.41,76.7,76.7,258.35,258.35,550.44,550.44,10,10,3.44,87.79,2025-08-21 21:00:00
2025-08-21,22:00:00,41.56,41.56,82.25,82.25,274.24,274.24,528.21,528.21,10,10,2,51,2025-08-21 22:00:00
2025-08-21,23:00:00,43,43,78.5,78.5,282.11,282.11,687.69,687.69,10,10,4.45,113.55,2025-08-21 23:00:00
2025-08-22,0:00:00,21.9,21.9,84.59,84.59,257.04,257.04,506.55,506.55,10.08,10.08,2,51.01,2025-08-22 0:00:00
2025-08-22,1:00:00,15.52,15.52,76.69,76.69,236.23,236.23,442.49,442.49,10,10,2,51,2025-08-22 1:00:00
2025-08-22,2:00:00,13.97,13.97,84.35,84.35,252.34,252.34,374.56,374.56,10.06,10.06,2,51,2025-08-22 2:00:00
2025-08-22,3:00:00,14.66,14.66,77.26,77.26,252.99,252.99,369.54,369.54,10.05,10.05,2,51,2025-08-22 3:00:00
2025-08-22,4:00:00,15.13,15.13,83.18,83.18,242.38,242.38,373.27,373.27,10,10,2,51.01,2025-08-22 4:00:00
2025-08-22,5:00:00,11.33,11.33,77.52,77.52,248.7,248.7,362.11,362.11,10,10,6.35,162,2025-08-22 5:00:00
2025-08-22,6:00:00,9.81,9.81,81.81,81.81,249.65,249.65,368.48,368.48,10,10,7.77,198.04,2025-08-22 6:00:00
2025-08-22,7:00:00,9.36,9.36,79.46,79.46,248.26,248.26,357.02,357.02,10,10,3.14,80.04,2025-08-22 7:00:00
2025-08-22,8:00:00,45.01,45.01,74.65,74.65,256.53,256.53,433.6,433.6,9.04,9.04,7.05,179.78,2025-08-22 8:00:00
2025-08-22,9:00:00,31.74,31.74,81.84,81.84,241.7,241.7,474.65,474.65,10,10,15.63,398.52,2025-08-22 9:00:00
2025-08-22,10:00:00,15.24,15.24,80.39,80.39,227.11,227.11,529.35,529.35,10,10,10.8,275.35,2025-08-22 10:00:00
2025-08-22,11:00:00,13.58,13.58,74.29,74.29,228.11,228.11,532.29,532.29,10,10,6.51,166.12,2025-08-22 11:00:00
2025-08-22,12:00:00,12.51,12.51,82.04,82.04,226.83,226.83,532.06,532.06,10,10,9.86,251.52,2025-08-22 12:00:00
2025-08-22,13:00:00,12.44,12.44,74.75,74.75,226.08,226.08,562.29,562.29,10,10,8.35,212.82,2025-08-22 13:00:00
2025-08-22,14:00:00,12.59,12.59,76.25,76.25,223.83,223.83,577.25,577.25,10,10,10.62,270.86,2025-08-22 14:00:00
2025-08-22,15:00:00,12.01,12.01,83.74,83.74,215.7,215.7,585.05,585.05,10,10,8.81,224.78,2025-08-22 15:00:00
2025-08-22,16:00:00,18.22,18.22,74.66,74.66,223.48,223.48,639.22,639.22,9.97,9.97,7.99,203.84,2025-08-22 16:00:00
2025-08-22,17:00:00,26.63,26.63,82.35,82.35,235.98,235.98,495.86,495.86,10,10,8.22,209.51,2025-08-22 17:00:00
2025-08-22,18:00:00,26.91,26.91,75.85,75.85,240.46,240.46,537.29,537.29,10.05,10.05,6.91,176.22,2025-08-22 18:00:00
2025-08-22,19:00:00,30.48,30.48,81.24,81.24,253.6,253.6,461.4,461.4,9.92,9.92,3.73,95.16,2025-08-22 19:00:00
2025-08-22,20:00:00,36.38,36.38,76.46,76.46,243.2,243.2,514.51,514.51,9.97,9.97,2,51.05,2025-08-22 20:00:00
2025-08-22,21:00:00,29.96,29.96,79.67,79.67,233.17,233.17,602.33,602.33,9.94,9.94,2.07,52.72,2025-08-22 21:00:00
2025-08-22,22:00:00,36.36,36.36,79.64,79.64,241.4,241.4,538.37,538.37,9.79,9.79,4.17,106.35,2025-08-22 22:00:00
2025-08-22,23:00:00,40.35,40.35,76.53,76.53,248.46,248.46,499.72,499.72,9.91,9.91,8.39,213.93,2025-08-22 23:00:00
2025-08-23,0:00:00,35.26,35.26,79.22,79.22,246.21,246.21,485.23,485.23,9.98,9.98,2.63,66.99,2025-08-23 0:00:00
2025-08-23,1:00:00,32.58,32.58,77.25,77.25,221.36,221.36,553.46,553.46,9.87,9.87,2.01,51.25,2025-08-23 1:00:00
2025-08-23,2:00:00,30.81,30.81,79.31,79.31,241.51,241.51,494.25,494.25,9.92,9.92,2,51.02,2025-08-23 2:00:00
2025-08-23,3:00:00,28.73,28.73,76.54,76.54,240.75,240.75,553.86,553.86,9.93,9.93,2.01,51.14,2025-08-23 3:00:00
2025-08-23,4:00:00,27.31,27.31,80.84,80.84,241.71,241.71,554.09,554.09,9.91,9.91,2,51.07,2025-08-23 4:00:00
2025-08-23,5:00:00,29.32,29.32,75.02,75.02,243.97,243.97,474.97,474.97,9.96,9.96,2.01,51.18,2025-08-23 5:00:00
2025-08-23,6:00:00,28.25,28.25,80.46,80.46,237.93,237.93,456.43,456.43,9.86,9.86,5.5,140.13,2025-08-23 6:00:00
2025-08-23,7:00:00,27.59,27.59,74.33,74.33,239.66,239.66,546.55,546.55,9.78,9.78,3.81,97.24,2025-08-23 7:00:00
2025-08-23,8:00:00,33,33,80.27,80.27,255.71,255.71,480.23,480.23,9.98,9.98,3.58,91.31,2025-08-23 8:00:00
2025-08-23,9:00:00,37.11,37.11,75.08,75.08,266.5,266.5,425.09,425.09,9.98,9.98,7.39,188.53,2025-08-23 9:00:00
2025-08-23,10:00:00,42.04,42.04,80.83,80.83,262.44,262.44,469.98,469.98,9.91,9.91,11.13,283.71,2025-08-23 10:00:00
2025-08-23,11:00:00,36.48,36.48,75.88,75.88,256.55,256.55,520.97,520.97,9.89,9.89,9.69,247.03,2025-08-23 11:00:00
2025-08-23,12:00:00,25.62,25.62,78.16,78.16,257.41,257.41,427.4,427.4,9.82,9.82,8.2,209.05,2025-08-23 12:00:00
2025-08-23,13:00:00,16.53,16.53,76.09,76.09,242.27,242.27,494.52,494.52,9.58,9.58,7.58,193.29,2025-08-23 13:00:00
2025-08-23,14:00:00,24.23,24.23,74.3,74.3,245.32,245.32,454.84,454.84,9.84,9.84,8.65,220.45,2025-08-23 14:00:00
2025-08-23,15:00:00,15.9,15.9,75.91,75.91,237.85,237.85,455.88,455.88,9.91,9.91,7.02,179.01,2025-08-23 15:00:00
2025-08-23,16:00:00,26.41,26.41,76.8,76.8,243.81,243.81,444.95,444.95,9.77,9.77,2.67,68.19,2025-08-23 16:00:00
2025-08-23,17:00:00,42.2,42.2,82.79,82.79,241.86,241.86,424.43,424.43,9.58,9.58,2.73,69.69,2025-08-23 17:00:00
2025-08-23,18:00:00,16.77,16.77,74.4,74.4,235.62,235.62,430.49,430.49,9.86,9.86,3.77,96.24,2025-08-23 18:00:00
2025-08-23,19:00:00,20.68,20.68,78.45,78.45,239.32,239.32,399.76,399.76,9.87,9.87,2,51.07,2025-08-23 19:00:00
2025-08-23,20:00:00,41.03,41.03,76.67,76.67,236.45,236.45,478.53,478.53,9.58,9.58,2,51.02,2025-08-23 20:00:00
2025-08-23,21:00:00,40.98,40.98,76.97,76.97,232.3,232.3,523.59,523.59,9.32,9.32,3.53,89.95,2025-08-23 21:00:00
2025-08-23,22:00:00,32.54,32.54,77.88,77.88,237.91,237.91,494.29,494.29,9.6,9.6,9.25,235.95,2025-08-23 22:00:00
2025-08-23,23:00:00,28.86,28.86,71.63,71.63,250.69,250.69,474.3,474.3,8.84,8.84,6.37,162.35,2025-08-23 23:00:00
2025-08-24,0:00:00,38.05,38.05,72.02,72.02,249.41,249.41,518.86,518.86,8,8,2,51,2025-08-24 0:00:00
2025-08-24,1:00:00,52.08,52.08,69.13,69.13,235.83,235.83,585.79,585.79,8.42,8.42,3.03,77.22,2025-08-24 1:00:00
2025-08-24,2:00:00,47.11,47.11,74.1,74.1,263.38,263.38,400.7,400.7,8.4,8.4,2,51,2025-08-24 2:00:00
2025-08-24,3:00:00,24.76,24.76,74.91,74.91,237.59,237.59,371.8,371.8,10,10,2,51,2025-08-24 3:00:00
2025-08-24,4:00:00,18.45,18.45,78.97,78.97,240.75,240.75,399.97,399.97,10,10,2,51,2025-08-24 4:00:00
2025-08-24,5:00:00,26.92,26.92,75.35,75.35,238.66,238.66,420.28,420.28,9.92,9.92,2,51.1,2025-08-24 5:00:00
2025-08-24,6:00:00,31.4,31.4,80.42,80.42,239.53,239.53,425.71,425.71,9.92,9.92,3.81,97.24,2025-08-24 6:00:00
2025-08-24,7:00:00,34.07,34.07,75.86,75.86,232.55,232.55,517.65,517.65,9.75,9.75,5.59,142.48,2025-08-24 7:00:00
2025-08-24,8:00:00,44.29,44.29,79.18,79.18,248.24,248.24,334.64,334.64,10,10,7.29,185.82,2025-08-24 8:00:00
2025-08-24,9:00:00,50.93,50.93,76.09,76.09,250.36,250.36,372.79,372.79,9.83,9.83,7.48,190.77,2025-08-24 9:00:00
2025-08-24,10:00:00,26.03,26.03,77.95,77.95,230.37,230.37,404.86,404.86,9.77,9.77,8.97,228.64,2025-08-24 10:00:00
2025-08-24,11:00:00,18.54,18.54,76.57,76.57,248.52,248.52,348.72,348.72,9.92,9.92,10.94,278.85,2025-08-24 11:00:00
2025-08-24,12:00:00,21.55,21.55,75.43,75.43,252.81,252.81,374.13,374.13,9.98,9.98,11.41,290.92,2025-08-24 12:00:00
2025-08-24,13:00:00,18.43,18.43,80.75,80.75,236.55,236.55,427.3,427.3,9.98,9.98,9.12,232.57,2025-08-24 13:00:00
2025-08-24,14:00:00,15.89,15.89,73.62,73.62,237.58,237.58,457.72,457.72,9.93,9.93,8.89,226.65,2025-08-24 14:00:00
2025-08-24,15:00:00,9.73,9.73,75.18,75.18,246.19,246.19,406.55,406.55,10,10,10.8,275.52,2025-08-24 15:00:00
2025-08-24,16:00:00,14.08,14.08,76.2,76.2,247.5,247.5,409.34,409.34,9.94,9.94,6.74,171.95,2025-08-24 16:00:00
2025-08-24,17:00:00,20.31,20.31,76.13,76.13,236.58,236.58,419.38,419.38,9.7,9.7,2.15,54.89,2025-08-24 17:00:00
2025-08-24,18:00:00,11.63,11.63,76.75,76.75,221.14,221.14,453.67,453.67,10.01,10.01,2,51,2025-08-24 18:00:00
2025-08-24,19:00:00,8.29,8.29,75.89,75.89,225,225,441.73,441.73,9.95,9.95,2,51,2025-08-24 19:00:00
2025-08-24,20:00:00,6.34,6.34,75.73,75.73,239.51,239.51,363.76,363.76,10,10,2,51.04,2025-08-24 20:00:00
2025-08-24,21:00:00,6.12,6.12,82.12,82.12,241.13,241.13,373.46,373.46,10,10,2,51,2025-08-24 21:00:00
2025-08-24,22:00:00,5.79,5.79,73.57,73.57,250.89,250.89,355.97,355.97,10,10,2,51.04,2025-08-24 22:00:00
2025-08-24,23:00:00,5.87,5.87,80.12,80.12,245.24,245.24,355.85,355.85,10,10,2,51,2025-08-24 23:00:00
2025-08-25,0:00:00,6.33,6.33,73.66,73.66,249.87,249.87,365.83,365.83,10,10,2,51.1,2025-08-25 0:00:00
2025-08-25,1:00:00,6.22,6.22,78.54,78.54,241.3,241.3,398.31,398.31,10,10,2,51.05,2025-08-25 1:00:00
2025-08-25,2:00:00,6.11,6.11,72.6,72.6,231.5,231.5,400.84,400.84,10,10,2,51.07,2025-08-25 2:00:00
2025-08-25,3:00:00,6.37,6.37,79.03,79.03,228.39,228.39,405.06,405.06,10,10,2,51.07,2025-08-25 3:00:00
2025-08-25,4:00:00,6.47,6.47,72.81,72.81,234.09,234.09,407.87,407.87,10,10,2,51.02,2025-08-25 4:00:00
2025-08-25,5:00:00,6.06,6.06,79.61,79.61,201.15,201.15,578.75,578.75,9.98,9.98,2,51.04,2025-08-25 5:00:00
2025-08-25,6:00:00,8.46,8.46,73.05,73.05,247.34,247.34,406.49,406.49,9.97,9.97,2.16,55.05,2025-08-25 6:00:00
2025-08-25,7:00:00,7.12,7.12,79.14,79.14,253.22,253.22,393.81,393.81,10,10,7.29,185.93,2025-08-25 7:00:00
2025-08-25,8:00:00,10.23,10.23,74.23,74.23,261.89,261.89,375.09,375.09,10,10,6.8,173.52,2025-08-25 8:00:00
2025-08-25,9:00:00,7.63,7.63,79.52,79.52,243.32,243.32,404.08,404.08,10.01,10.01,7.98,203.47,2025-08-25 9:00:00
2025-08-25,10:00:00,17.97,17.97,67.67,67.67,244.38,244.38,490.75,490.75,8.62,8.62,8.4,214.09,2025-08-25 10:00:00
2025-08-25,11:00:00,41.97,41.97,72.69,72.69,255.93,255.93,473.7,473.7,8,8,10.63,270.99,2025-08-25 11:00:00
2025-08-25,12:00:00,34.49,34.49,66.02,66.02,274.59,274.59,358.67,358.67,8,8,12.61,321.47,2025-08-25 12:00:00
2025-08-25,13:00:00,40.68,40.68,76.33,76.33,253.38,253.38,344.6,344.6,8.94,8.94,17.44,444.75,2025-08-25 13:00:00
2025-08-25,14:00:00,10.09,10.09,75.14,75.14,225.29,225.29,418.85,418.85,10,10,11.18,285.21,2025-08-25 14:00:00
2025-08-25,15:00:00,10.17,10.17,73.8,73.8,225.43,225.43,499.9,499.9,10,10,4.03,102.85,2025-08-25 15:00:00
2025-08-25,16:00:00,7.18,7.18,74.9,74.9,207.92,207.92,562.26,562.26,9.99,9.99,2.52,64.24,2025-08-25 16:00:00
2025-08-25,17:00:00,5.71,5.71,75.39,75.39,203.15,203.15,551.31,551.31,9.96,9.96,4.69,119.64,2025-08-25 17:00:00
2025-08-25,18:00:00,5.15,5.15,81.92,81.92,203.76,203.76,476.22,476.22,10.03,10.03,2.21,56.29,2025-08-25 18:00:00
2025-08-25,19:00:00,5.24,5.24,73.16,73.16,219.74,219.74,408.24,408.24,10,10,2,51.1,2025-08-25 19:00:00
2025-08-25,20:00:00,5.11,5.11,79.94,79.94,240.66,240.66,373.31,373.31,10,10,2.01,51.16,2025-08-25 20:00:00
2025-08-25,21:00:00,6.21,6.21,73.59,73.59,253.76,253.76,354.39,354.39,10,10,2,51.11,2025-08-25 21:00:00
2025-08-25,22:00:00,10.71,10.71,78.96,78.96,248.76,248.76,370.16,370.16,10,10,2,51.03,2025-08-25 22:00:00
2025-08-25,23:00:00,13.07,13.07,75.59,75.59,245.94,245.94,430.26,430.26,10,10,2.01,51.29,2025-08-25 23:00:00
2025-08-26,0:00:00,32.08,32.08,77.88,77.88,241.3,241.3,496.45,496.45,10,10,3.66,93.37,2025-08-26 0:00:00
2025-08-26,1:00:00,41.89,41.89,78.73,78.73,236.98,236.98,513.37,513.37,10,10,3.69,94.04,2025-08-26 1:00:00
2025-08-26,2:00:00,61.03,61.03,77.91,77.91,248.18,248.18,498.62,498.62,10,10,3.98,101.55,2025-08-26 2:00:00
2025-08-26,3:00:00,58.94,58.94,79.24,79.24,250.48,250.48,451.67,451.67,10,10,3.8,96.86,2025-08-26 3:00:00
2025-08-26,4:00:00,29.01,29.01,74.12,74.12,266.15,266.15,416.37,416.37,8.87,8.87,4.02,102.53,2025-08-26 4:00:00
2025-08-26,5:00:00,30.34,30.34,73.68,73.68,264.27,264.27,472.42,472.42,9.38,9.38,4.13,105.29,2025-08-26 5:00:00
2025-08-26,6:00:00,11.69,11.69,80.77,80.77,230.61,230.61,485.65,485.65,10.03,10.03,6.34,161.59,2025-08-26 6:00:00
2025-08-26,7:00:00,10.67,10.67,76.69,76.69,217.65,217.65,515.29,515.29,10.07,10.07,5.25,133.79,2025-08-26 7:00:00
2025-08-26,8:00:00,11.73,11.73,80.18,80.18,207.96,207.96,496.7,496.7,10,10,5.92,150.92,2025-08-26 8:00:00
2025-08-26,9:00:00,9.31,9.31,74.12,74.12,212.48,212.48,435.25,435.25,10,10,8.87,226.13,2025-08-26 9:00:00
2025-08-26,10:00:00,13.35,13.35,79.38,79.38,207.79,207.79,496.9,496.9,10,10,9.51,242.56,2025-08-26 10:00:00
2025-08-26,11:00:00,19.96,19.96,73.02,73.02,213.82,213.82,686.64,686.64,10,10,9.24,235.62,2025-08-26 11:00:00
2025-08-26,12:00:00,22.19,22.19,75.25,75.25,217.13,217.13,593.36,593.36,10,10,10,254.93,2025-08-26 12:00:00
2025-08-26,13:00:00,23.11,23.11,77.3,77.3,204.67,204.67,650.16,650.16,10,10,10.81,275.58,2025-08-26 13:00:00
2025-08-26,14:00:00,14.89,14.89,78.29,78.29,199.27,199.27,715.73,715.73,10,10,9.99,254.85,2025-08-26 14:00:00
2025-08-26,15:00:00,90.6,2.08,158.67,8.16,46.56,18.86,178.3,64.64,15.49,1.82,7.27,22.85,2025-08-26 15:00:00
2025-08-26,16:00:00,105,1,156.01,1,73.84,1,31.39,1,15.97,1,3.94,1,2025-08-26 16:00:00
2025-08-26,17:00:00,50.43,11.36,81.25,33.61,216.15,92.49,252.39,133.34,10.56,4.73,2,23.52,2025-08-26 17:00:00
2025-08-26,18:00:00,26.52,26.52,72.46,72.46,259.95,259.95,241.64,241.64,8.94,8.94,2,51.04,2025-08-26 18:00:00
2025-08-26,19:00:00,40.01,40.01,77.02,77.02,249.22,249.22,311.74,311.74,9.51,9.51,2,51.1,2025-08-26 19:00:00
2025-08-26,20:00:00,19.29,19.29,78.68,78.68,243.22,243.22,331.16,331.16,10,10,2,51.09,2025-08-26 20:00:00
2025-08-26,21:00:00,26.16,26.16,77.37,77.37,239.41,239.41,483.02,483.02,10,10,2,51.09,2025-08-26 21:00:00
2025-08-26,22:00:00,23.18,23.18,77.97,77.97,229.6,229.6,480.62,480.62,10,10,2,51.09,2025-08-26 22:00:00
2025-08-26,23:00:00,21.06,21.06,84.97,84.97,222.42,222.42,525.98,525.98,10,10,2.01,51.21,2025-08-26 23:00:00
2025-08-27,0:00:00,18.48,18.48,74.57,74.57,208.8,208.8,560.86,560.86,10,10,2.02,51.42,2025-08-27 0:00:00
2025-08-27,1:00:00,16.45,16.45,78.21,78.21,186.05,186.05,713.09,713.09,10,10,2.06,52.54,2025-08-27 1:00:00
2025-08-27,2:00:00,20.04,20.04,80.99,80.99,202.24,202.24,638.86,638.86,10,10,6.33,161.45,2025-08-27 2:00:00
2025-08-27,3:00:00,24.89,24.89,77.16,77.16,223.83,223.83,655.98,655.98,10,10,9.48,241.8,2025-08-27 3:00:00
2025-08-27,4:00:00,24.01,24.01,80.96,80.96,223.92,223.92,581.8,581.8,10,10,4.8,122.31,2025-08-27 4:00:00
2025-08-27,5:00:00,19.93,19.93,74.41,74.41,220.31,220.31,490.13,490.13,10,10,2.02,51.52,2025-08-27 5:00:00
2025-08-27,6:00:00,19.85,19.85,78.89,78.89,222.35,222.35,569.14,569.14,10,10,4.93,125.67,2025-08-27 6:00:00
2025-08-27,7:00:00,17.38,17.38,82.38,82.38,220.16,220.16,550.6,550.6,10,10,4.99,127.23,2025-08-27 7:00:00
2025-08-27,8:00:00,22.2,22.2,74.94,74.94,234.89,234.89,544.44,544.44,10,10,4.08,104.15,2025-08-27 8:00:00
2025-08-27,9:00:00,25.24,25.24,79.38,79.38,237.48,237.48,481.44,481.44,10,10,5.75,146.68,2025-08-27 9:00:00
2025-08-27,10:00:00,28,28,83,83,236,236,459,459,10,10,7,178.5,2025-08-27 10:00:00
2025-08-27,11:00:00,28,28,83,83,236,236,459,459,10,10,7,178.5,2025-08-27 11:00:00
2025-08-27,12:00:00,28,28,83,83,236,236,459,459,10,10,7,178.5,2025-08-27 12:00:00
2025-08-27,13:00:00,28,28,83,83,236,236,459,459,10,10,7,178.5,2025-08-27 13:00:00
2025-08-27,14:00:00,28,28,83,83,236,236,459,459,10,10,7,178.5,2025-08-27 14:00:00
2025-08-27,15:00:00,28,28,83,83,236,236,459,459,10,10,7,178.5,2025-08-27 15:00:00
2025-08-27,16:00:00,28,28,83,83,236,236,459,459,10,10,7,178.5,2025-08-27 16:00:00
2025-08-27,17:00:00,28,28,83,83,236,236,459,459,10,10,7,178.5,2025-08-27 17:00:00
2025-08-27,18:00:00,28,28,83,83,236,236,459,459,10,10,7,178.5,2025-08-27 18:00:00
2025-08-27,19:00:00,28,28,83,83,236,236,459,459,10,10,7,178.5,2025-08-27 19:00:00
2025-08-27,20:00:00,28,28,83,83,236,236,459,459,10,10,7,178.5,2025-08-27 20:00:00
2025-08-27,21:00:00,28,28,83,83,236,236,459,459,10,10,7,178.5,2025-08-27 21:00:00
2025-08-27,22:00:00,28,28,83,83,236,236,459,459,10,10,7,178.5,2025-08-27 22:00:00
2025-08-27,23:00:00,28,28,83,83,236,236,459,459,10,10,7,178.5,2025-08-27 23:00:00
2025-08-28,0:00:00,28,28,83,83,236,236,459,459,10,10,7,178.5,2025-08-28 0:00:00
2025-08-28,1:00:00,28,28,83,83,236,236,459,459,10,10,7,178.5,2025-08-28 1:00:00
2025-08-28,2:00:00,28,28,83,83,236,236,459,459,10,10,7,178.5,2025-08-28 2:00:00
2025-08-28,3:00:00,28,28,83,83,236,236,459,459,10,10,7,178.5,2025-08-28 3:00:00
2025-08-28,4:00:00,28,28,83,83,236,236,459,459,10,10,7,178.5,2025-08-28 4:00:00
2025-08-28,5:00:00,28,28,83,83,236,236,459,459,10,10,7,178.5,2025-08-28 5:00:00
2025-08-28,6:00:00,28,28,83,83,236,236,459,459,10,10,7,178.5,2025-08-28 6:00:00
2025-08-28,7:00:00,28,28,83,83,236,236,459,459,10,10,7,178.5,2025-08-28 7:00:00
2025-08-28,8:00:00,28,28,83,83,236,236,459,459,10,10,7,178.5,2025-08-28 8:00:00
2025-08-28,9:00:00,28,28,83,83,236,236,459,459,10,10,7,178.5,2025-08-28 9:00:00
2025-08-28,10:00:00,29.53,29.53,77.21,77.21,254.32,254.32,460.46,460.46,9.26,9.26,8.6,219.2,2025-08-28 10:00:00
2025-08-28,11:00:00,48.36,48.36,67.17,67.17,284.92,284.92,551.84,551.84,7.8,7.8,10.79,275.25,2025-08-28 11:00:00
2025-08-28,12:00:00,42.72,42.72,68.94,68.94,288.43,288.43,597.83,597.83,8,8,9.13,232.89,2025-08-28 12:00:00
2025-08-28,13:00:00,43.23,43.23,69.75,69.75,282.17,282.17,629.9,629.9,8,8,10.36,264.28,2025-08-28 13:00:00
2025-08-28,14:00:00,43.37,43.37,70.44,70.44,278.87,278.87,636.07,636.07,7.94,7.94,12.23,311.85,2025-08-28 14:00:00
2025-08-28,15:00:00,66.72,66.72,68.91,68.91,290.97,290.97,505,505,8,8,9.79,249.6,2025-08-28 15:00:00
2025-08-28,16:00:00,58.53,58.53,77.97,77.97,284.62,284.62,492.93,492.93,8.11,8.11,1.99,50.78,2025-08-28 16:00:00
2025-08-28,17:00:00,38.67,38.67,71.98,71.98,260.16,260.16,504.26,504.26,8.97,8.97,2,50.89,2025-08-28 17:00:00
2025-08-28,18:00:00,52.41,52.41,74.37,74.37,304.38,304.38,463.72,463.72,9.06,9.06,2,51,2025-08-28 18:00:00
2025-08-28,19:00:00,59.31,59.31,81.04,81.04,323.74,323.74,399.64,399.64,9,9,2,51,2025-08-28 19:00:00
2025-08-28,20:00:00,49.63,49.63,72.3,72.3,308.05,308.05,474.34,474.34,9.08,9.08,2,51,2025-08-28 20:00:00
2025-08-28,21:00:00,35.23,35.23,83.41,83.41,251.04,251.04,638.2,638.2,9.32,9.32,3.49,89.06,2025-08-28 21:00:00
2025-08-28,22:00:00,23.85,23.85,75.37,75.37,279.58,279.58,428.72,428.72,10,10,4.01,102.29,2025-08-28 22:00:00
2025-08-28,23:00:00,26,26,75,75,283,283,430,430,10,10,4,102,2025-08-28 23:00:00
2025-08-29,0:00:00,26,26,75,75,283,283,430,430,10,10,4,102,2025-08-29 0:00:00
2025-08-29,1:00:00,26,26,75,75,283,283,430,430,10,10,4,102,2025-08-29 1:00:00
2025-08-29,2:00:00,26,26,75,75,283,283,430,430,10,10,4,102,2025-08-29 2:00:00
2025-08-29,3:00:00,26,26,75,75,283,283,430,430,10,10,4,102,2025-08-29 3:00:00
2025-08-29,4:00:00,26,26,75,75,283,283,430,430,10,10,4,102,2025-08-29 4:00:00
2025-08-29,5:00:00,26,26,75,75,283,283,430,430,10,10,4,102,2025-08-29 5:00:00
2025-08-29,6:00:00,26,26,75,75,283,283,430,430,10,10,4,102,2025-08-29 6:00:00
2025-08-29,7:00:00,29.18,29.18,82.32,82.32,237.02,237.02,397.62,397.62,10,10,3.94,100.52,2025-08-29 7:00:00
2025-08-29,8:00:00,18.76,18.76,87.41,87.41,239.76,239.76,375.74,375.74,10,10,3.38,86.16,2025-08-29 8:00:00
2025-08-29,9:00:00,13.2,13.2,82.99,82.99,243.31,243.31,359.36,359.36,10,10,10.23,260.76,2025-08-29 9:00:00
2025-08-29,10:00:00,11.47,11.47,80.66,80.66,243.72,243.72,374.28,374.28,10,10,11.85,302.11,2025-08-29 10:00:00
2025-08-29,11:00:00,10.96,10.96,81.21,81.21,244.43,244.43,395.25,395.25,9.98,9.98,12.56,320.33,2025-08-29 11:00:00
2025-08-29,12:00:00,12.92,12.92,75.91,75.91,253.68,253.68,357.23,357.23,10,10,9.97,254.34,2025-08-29 12:00:00
2025-08-29,13:00:00,11.04,11.04,78.09,78.09,249.12,249.12,382.95,382.95,10,10,9.35,238.44,2025-08-29 13:00:00
2025-08-29,14:00:00,10.95,10.95,80.3,80.3,233.77,233.77,459.77,459.77,10,10,2.43,62.08,2025-08-29 14:00:00
2025-08-29,15:00:00,10.58,10.58,79.74,79.74,244.49,244.49,422.47,422.47,9.99,9.99,10.44,266.1,2025-08-29 15:00:00
2025-08-29,16:00:00,21.55,21.55,81.15,81.15,232.13,232.13,507.29,507.29,9.97,9.97,5.91,150.76,2025-08-29 16:00:00
2025-08-29,17:00:00,11.61,11.61,79.59,79.59,253.68,253.68,384.32,384.32,10,10,2.01,51.23,2025-08-29 17:00:00
2025-08-29,18:00:00,13.2,13.2,79.99,79.99,264.02,264.02,368.18,368.18,10.05,10.05,2.01,51.27,2025-08-29 18:00:00
2025-08-29,19:00:00,27.05,27.05,86.79,86.79,258.05,258.05,421.71,421.71,9.47,9.47,2.42,61.64,2025-08-29 19:00:00
2025-08-29,20:00:00,14.6,14.6,78.62,78.62,254.67,254.67,402.28,402.28,10,10,2.24,57.01,2025-08-29 20:00:00
2025-08-29,21:00:00,17.53,17.53,79.55,79.55,257.7,257.7,373.04,373.04,10,10,2,51.06,2025-08-29 21:00:00
2025-08-29,22:00:00,15.93,15.93,85.57,85.57,257.71,257.71,374.34,374.34,10,10,2,51.02,2025-08-29 22:00:00
2025-08-29,23:00:00,13.68,13.68,77.63,77.63,263.32,263.32,397.88,397.88,10,10,2,51.01,2025-08-29 23:00:00
2025-08-30,0:00:00,9.82,9.82,79.22,79.22,233.73,233.73,456.81,456.81,10,10,2.19,55.89,2025-08-30 0:00:00
2025-08-30,1:00:00,10.87,10.87,80.24,80.24,229.18,229.18,445.19,445.19,10,10,2,51.02,2025-08-30 1:00:00
2025-08-30,2:00:00,9.78,9.78,80.66,80.66,214.51,214.51,505.85,505.85,10,10,4.11,104.8,2025-08-30 2:00:00
2025-08-30,3:00:00,11.39,11.39,80.73,80.73,191.29,191.29,628.78,628.78,10,10,4.16,105.98,2025-08-30 3:00:00
2025-08-30,4:00:00,10.26,10.26,81.31,81.31,188.71,188.71,634.03,634.03,10,10,2.1,53.59,2025-08-30 4:00:00
2025-08-30,5:00:00,12.14,12.14,81.45,81.45,193.36,193.36,627.43,627.43,9.97,9.97,4.89,124.82,2025-08-30 5:00:00
2025-08-30,6:00:00,11.26,11.26,85.77,85.77,216.31,216.31,413.17,413.17,10,10,13.68,348.9,2025-08-30 6:00:00
2025-08-30,7:00:00,14.08,14.08,78.13,78.13,210.32,210.32,452.03,452.03,10,10,6.35,161.91,2025-08-30 7:00:00
2025-08-30,8:00:00,24.44,24.44,78.93,78.93,207.9,207.9,520.31,520.31,10,10,2,51.04,2025-08-30 8:00:00
2025-08-30,9:00:00,35.2,35.2,84.14,84.14,224.41,224.41,466.82,466.82,9.95,9.95,4.23,107.76,2025-08-30 9:00:00
2025-08-30,10:00:00,31.68,31.68,83.91,83.91,236.76,236.76,418.23,418.23,10,10,6.57,167.57,2025-08-30 10:00:00
2025-08-30,11:00:00,29.6,29.6,78.54,78.54,241.35,241.35,407.77,407.77,10,10,9.06,231.11,2025-08-30 11:00:00
2025-08-30,12:00:00,31.6,31.6,80.63,80.63,233.25,233.25,415.35,415.35,10,10,8.21,209.3,2025-08-30 12:00:00
2025-08-30,13:00:00,29.84,29.84,81.15,81.15,217.81,217.81,440.01,440.01,9.94,9.94,8.51,217.1,2025-08-30 13:00:00
2025-08-30,14:00:00,28.49,28.49,81.09,81.09,224.56,224.56,456.75,456.75,9.85,9.85,8.12,207.09,2025-08-30 14:00:00
2025-08-30,15:00:00,27.17,27.17,81.07,81.07,227.69,227.69,444.62,444.62,9.96,9.96,3.88,98.94,2025-08-30 15:00:00
2025-08-30,16:00:00,25.98,25.98,81.18,81.18,232.43,232.43,415.21,415.21,10,10,4.46,113.77,2025-08-30 16:00:00
2025-08-30,17:00:00,28.88,28.88,81.48,81.48,234.98,234.98,418.89,418.89,10,10,6.5,165.84,2025-08-30 17:00:00
2025-08-30,18:00:00,25.75,25.75,80.48,80.48,224.42,224.42,456.08,456.08,9.51,9.51,3.1,78.98,2025-08-30 18:00:00
2025-08-30,19:00:00,21.32,21.32,79.58,79.58,224.65,224.65,480.47,480.47,9.33,9.33,2,51.04,2025-08-30 19:00:00
2025-08-30,20:00:00,17.79,17.79,78.78,78.78,223.11,223.11,447.51,447.51,9.02,9.02,2,51.12,2025-08-30 20:00:00
2025-08-30,21:00:00,34.9,34.9,75.4,75.4,254.05,254.05,404.24,404.24,8.45,8.45,2,51.06,2025-08-30 21:00:00
2025-08-30,22:00:00,73.04,73.04,75.51,75.51,241.47,241.47,444.92,444.92,8.27,8.27,3.21,81.94,2025-08-30 22:00:00
2025-08-30,23:00:00,22.23,22.23,88.61,88.61,230.61,230.61,385.42,385.42,9.55,9.55,4.3,109.63,2025-08-30 23:00:00
2025-08-31,0:00:00,16.56,16.56,79.44,79.44,238.13,238.13,403.66,403.66,9.66,9.66,5.26,134.07,2025-08-31 0:00:00
2025-08-31,1:00:00,14.08,14.08,76.18,76.18,221.95,221.95,481.52,481.52,9.13,9.13,6,152.89,2025-08-31 1:00:00
2025-08-31,2:00:00,12.45,12.45,78.07,78.07,207.97,207.97,531.58,531.58,9.01,9.01,5.63,143.52,2025-08-31 2:00:00
2025-08-31,3:00:00,13.51,13.51,86.32,86.32,216.24,216.24,471.34,471.34,9.06,9.06,4.48,114.28,2025-08-31 3:00:00
2025-08-31,4:00:00,16.9,16.9,77.53,77.53,212.77,212.77,470.99,470.99,9.02,9.02,3.76,95.87,2025-08-31 4:00:00
2025-08-31,5:00:00,14.04,14.04,77.24,77.24,211.76,211.76,498.53,498.53,9,9,2.43,61.98,2025-08-31 5:00:00
2025-08-31,6:00:00,14.29,14.29,78.82,78.82,224.3,224.3,500.09,500.09,9.05,9.05,2.38,60.81,2025-08-31 6:00:00
2025-08-31,7:00:00,19.77,19.77,79.1,79.1,206.39,206.39,508.54,508.54,9.09,9.09,3.61,92.13,2025-08-31 7:00:00
2025-08-31,8:00:00,33.45,33.45,79.34,79.34,240.58,240.58,396.65,396.65,9.1,9.1,5.98,152.53,2025-08-31 8:00:00
2025-08-31,9:00:00,36.69,36.69,72.85,72.85,263.04,263.04,432.57,432.57,8.02,8.02,6.65,169.63,2025-08-31 9:00:00
2025-08-31,10:00:00,53.17,53.17,78.9,78.9,249.24,249.24,420.01,420.01,8.93,8.93,6.87,175.28,2025-08-31 10:00:00
2025-08-31,11:00:00,39.61,39.61,73.74,73.74,271.49,271.49,475.39,475.39,7.92,7.92,9.69,247.15,2025-08-31 11:00:00
2025-08-31,12:00:00,46.49,46.49,72.94,72.94,278.91,278.91,465.6,465.6,7.48,7.48,10.51,268,2025-08-31 12:00:00
2025-08-31,13:00:00,64.06,64.06,76.83,76.83,279.43,279.43,455.99,455.99,8.51,8.51,8.46,215.62,2025-08-31 13:00:00
2025-08-31,14:00:00,53.64,53.64,81.67,81.67,230.07,230.07,482.18,482.18,9.75,9.75,7.25,184.84,2025-08-31 14:00:00
2025-08-31,15:00:00,31.54,31.54,80.37,80.37,224.66,224.66,527.02,527.02,9.04,9.04,6.08,155.13,2025-08-31 15:00:00
2025-08-31,16:00:00,23.77,23.77,80.94,80.94,255.21,255.21,421.61,421.61,9.56,9.56,2.98,76,2025-08-31 16:00:00
2025-08-31,17:00:00,19.31,19.31,81.04,81.04,237.14,237.14,540.56,540.56,9.3,9.3,3.23,82.28,2025-08-31 17:00:00
2025-08-31,18:00:00,19.66,19.66,82.83,82.83,228.27,228.27,548.62,548.62,9.98,9.98,2.01,51.2,2025-08-31 18:00:00
2025-08-31,19:00:00,19.21,19.21,82.04,82.04,234.37,234.37,617.42,617.42,10,10,2,51.09,2025-08-31 19:00:00
2025-08-31,20:00:00,21.67,21.67,81.96,81.96,251.15,251.15,453.34,453.34,10,10,2,51.06,2025-08-31 20:00:00
2025-08-31,21:00:00,19.47,19.47,81.99,81.99,246.12,246.12,447.3,447.3,10,10,2,51.04,2025-08-31 21:00:00
2025-08-31,22:00:00,17.89,17.89,81.67,81.67,239.03,239.03,474.71,474.71,10,10,2,51.05,2025-08-31 22:00:00
2025-08-31,23:00:00,23.9,23.9,81.85,81.85,246.11,246.11,445.88,445.88,10,10,2,51.07,2025-08-31 23:00:00
2025-09-01,0:00:00,26.87,26.87,81.27,81.27,247.05,247.05,453.72,453.72,10,10,3.79,96.53,2025-09-01 0:00:00
2025-09-01,1:00:00,25.84,25.84,91.57,91.57,247.59,247.59,443.5,443.5,10,10,5.19,132.28,2025-09-01 1:00:00
2025-09-01,2:00:00,28.96,28.96,80.17,80.17,236.31,236.31,464.65,464.65,10,10,6,152.95,2025-09-01 2:00:00
2025-09-01,3:00:00,21.27,21.27,79.06,79.06,242.66,242.66,470.46,470.46,10,10,6,152.96,2025-09-01 3:00:00
2025-09-01,4:00:00,19.86,19.86,80.89,80.89,259.24,259.24,415.56,415.56,10,10,6,153,2025-09-01 4:00:00
2025-09-01,5:00:00,24.65,24.65,82.5,82.5,262.65,262.65,446.1,446.1,10,10,5.74,146.49,2025-09-01 5:00:00
2025-09-01,6:00:00,23.92,23.92,82.66,82.66,270.55,270.55,450.93,450.93,10,10,8.19,208.9,2025-09-01 6:00:00
2025-09-01,7:00:00,23.31,23.31,82.81,82.81,248.03,248.03,462.31,462.31,10,10,8.28,211.17,2025-09-01 7:00:00
2025-09-01,8:00:00,30.51,30.51,77.96,77.96,237.86,237.86,503.34,503.34,9.12,9.12,5.52,140.67,2025-09-01 8:00:00
2025-09-01,9:00:00,53.65,53.65,76.65,76.65,245.04,245.04,631.94,631.94,8.6,8.6,3.94,100.38,2025-09-01 9:00:00
2025-09-01,10:00:00,40.56,40.56,83.77,83.77,241.99,241.99,536.45,536.45,10,10,4.54,115.69,2025-09-01 10:00:00
2025-09-01,11:00:00,26.96,26.96,83.32,83.32,255.47,255.47,500.92,500.92,10,10,3.72,94.99,2025-09-01 11:00:00
2025-09-01,12:00:00,27.54,27.54,82.55,82.55,253.68,253.68,518.78,518.78,10,10,5.27,134.44,2025-09-01 12:00:00
2025-09-01,13:00:00,35.95,35.95,82.69,82.69,236.29,236.29,562.96,562.96,9.84,9.84,6.94,177.03,2025-09-01 13:00:00
2025-09-01,14:00:00,38.93,38.93,82.85,82.85,228.09,228.09,580.8,580.8,9.37,9.37,6.52,166.3,2025-09-01 14:00:00
2025-09-01,15:00:00,36.96,36.96,83.37,83.37,241.81,241.81,495.42,495.42,9.93,9.93,5.66,144.31,2025-09-01 15:00:00
2025-09-01,16:00:00,36,36,79,79,255.81,255.81,519.9,519.9,8.93,8.93,4.2,107.03,2025-09-01 16:00:00
2025-09-01,17:00:00,49.3,49.3,75.14,75.14,265.56,265.56,570.71,570.71,7.92,7.92,3.09,78.75,2025-09-01 17:00:00
2025-09-01,18:00:00,51.25,51.25,76.68,76.68,276.94,276.94,476.3,476.3,8.15,8.15,2.39,60.87,2025-09-01 18:00:00
2025-09-01,19:00:00,37.89,37.89,84.08,84.08,263.71,263.71,454.76,454.76,10,10,2,51.04,2025-09-01 19:00:00
2025-09-01,20:00:00,30.36,30.36,84.19,84.19,238.36,238.36,536.02,536.02,10,10,2,51.04,2025-09-01 20:00:00
2025-09-01,21:00:00,19.25,19.25,84.08,84.08,237.25,237.25,511.19,511.19,10,10,2,51.1,2025-09-01 21:00:00
2025-09-01,22:00:00,19.01,19.01,82.84,82.84,237.07,237.07,500.99,500.99,10,10,2,51.07,2025-09-01 22:00:00
2025-09-01,23:00:00,17.25,17.25,82.77,82.77,243.62,243.62,491.28,491.28,9.97,9.97,3.62,92.41,2025-09-01 23:00:00
2025-09-02,0:00:00,17.82,17.82,82.56,82.56,244.13,244.13,477.74,477.74,10,10,5,127.5,2025-09-02 0:00:00
2025-09-02,1:00:00,20.81,20.81,82.88,82.88,235.88,235.88,512.62,512.62,10,10,5,127.57,2025-09-02 1:00:00
2025-09-02,2:00:00,19.86,19.86,82.82,82.82,235.51,235.51,516.57,516.57,10,10,4.43,112.94,2025-09-02 2:00:00
2025-09-02,3:00:00,23.56,23.56,83.6,83.6,242.7,242.7,488.81,488.81,9.98,9.98,4.01,102.32,2025-09-02 3:00:00
2025-09-02,4:00:00,46.14,46.14,82.28,82.28,247.89,247.89,523,523,9.32,9.32,4.41,112.51,2025-09-02 4:00:00
2025-09-02,5:00:00,11.85,11.85,84.6,84.6,207.86,207.86,656.3,656.3,9.94,9.94,5.46,139.33,2025-09-02 5:00:00
2025-09-02,6:00:00,10.54,10.54,84.37,84.37,255.23,255.23,406.81,406.81,10,10,6.84,174.38,2025-09-02 6:00:00
2025-09-02,7:00:00,10.82,10.82,83.81,83.81,249.47,249.47,408.93,408.93,10,10,5.82,148.42,2025-09-02 7:00:00
2025-09-02,8:00:00,38.91,38.91,80.02,80.02,246.27,246.27,413.1,413.1,8.98,8.98,3.68,93.95,2025-09-02 8:00:00
2025-09-02,9:00:00,57.68,57.68,75.31,75.31,293.96,293.96,434.52,434.52,7.84,7.84,3.73,95.07,2025-09-02 9:00:00
2025-09-02,10:00:00,72.44,72.44,77.23,77.23,297.47,297.47,441.62,441.62,8.15,8.15,5.73,146.1,2025-09-02 10:00:00
2025-09-02,11:00:00,41.14,41.14,84.02,84.02,283.03,283.03,395.51,395.51,9.96,9.96,8.46,215.63,2025-09-02 11:00:00
2025-09-02,12:00:00,19.5,19.5,85.54,85.54,276.9,276.9,383.42,383.42,10.02,10.02,8.28,211.08,2025-09-02 12:00:00
2025-09-02,13:00:00,14.44,14.44,85.07,85.07,231.6,231.6,482.48,482.48,10,10,6.23,158.82,2025-09-02 13:00:00
2025-09-02,14:00:00,13.36,13.36,84.07,84.07,216.06,216.06,569.9,569.9,9.77,9.77,5.39,137.4,2025-09-02 14:00:00
2025-09-02,15:00:00,11.84,11.84,83.64,83.64,223.19,223.19,537.68,537.68,9.74,9.74,2.95,75.12,2025-09-02 15:00:00
2025-09-02,16:00:00,25.2,25.2,84.99,84.99,231.02,231.02,455.11,455.11,10,10,2,51.07,2025-09-02 16:00:00
2025-09-02,17:00:00,41.2,41.2,85.54,85.54,233.31,233.31,433.48,433.48,10,10,2,51.11,2025-09-02 17:00:00
2025-09-02,18:00:00,31.31,31.31,87.61,87.61,225.89,225.89,414.12,414.12,10.13,10.13,2,51.09,2025-09-02 18:00:00
2025-09-02,19:00:00,28.99,28.99,87.48,87.48,218.92,218.92,425.16,425.16,10,10,2,51.12,2025-09-02 19:00:00
2025-09-02,20:00:00,22.78,22.78,86.55,86.55,212.64,212.64,483.35,483.35,10,10,2,51.08,2025-09-02 20:00:00
2025-09-02,21:00:00,31.96,31.96,86.62,86.62,226.58,226.58,475.38,475.38,10,10,2,51.12,2025-09-02 21:00:00
2025-09-02,22:00:00,30.71,30.71,86.4,86.4,240.88,240.88,417.76,417.76,10,10,2.55,64.91,2025-09-02 22:00:00
2025-09-02,23:00:00,27.02,27.02,86.07,86.07,249.38,249.38,410.96,410.96,10.01,10.01,4.81,122.68,2025-09-02 23:00:00
2025-09-03,0:00:00,80.35,80.35,87.08,87.08,235.63,235.63,507.39,507.39,10,10,4.79,122.12,2025-09-03 0:00:00
2025-09-03,1:00:00,31.02,31.02,86.32,86.32,227.28,227.28,466.48,466.48,10,10,4.59,117.17,2025-09-03 1:00:00
2025-09-03,2:00:00,29.65,29.65,85.63,85.63,252.88,252.88,394.6,394.6,10.09,10.09,4.75,121.01,2025-09-03 2:00:00
2025-09-03,3:00:00,33.99,33.99,86.84,86.84,197.69,197.69,645.36,645.36,10,10,5.02,128,2025-09-03 3:00:00
2025-09-03,4:00:00,37.98,37.98,88.24,88.24,205.62,205.62,606.79,606.79,10,10,5,127.54,2025-09-03 4:00:00
2025-09-03,5:00:00,31.14,31.14,88.42,88.42,196.66,196.66,701.12,701.12,10,10,5,127.51,2025-09-03 5:00:00
2025-09-03,6:00:00,48.89,48.89,88.41,88.41,200.34,200.34,832.58,832.58,9.85,9.85,7.24,184.56,2025-09-03 6:00:00
2025-09-03,7:00:00,41.26,41.26,87.45,87.45,214.39,214.39,525.68,525.68,10,10,6.66,169.89,2025-09-03 7:00:00
2025-09-03,8:00:00,33.92,33.92,88.11,88.11,230.43,230.43,490.94,490.94,10,10,5.05,128.71,2025-09-03 8:00:00
2025-09-03,9:00:00,35.87,35.87,88.82,88.82,258.28,258.28,404.45,404.45,10.03,10.03,4.17,106.22,2025-09-03 9:00:00
2025-09-03,10:00:00,38.08,38.08,89.07,89.07,250.17,250.17,413.01,413.01,10.05,10.05,5.73,146.15,2025-09-03 10:00:00
2025-09-03,11:00:00,40.29,40.29,89.16,89.16,269.89,269.89,383.97,383.97,10.05,10.05,9.04,230.51,2025-09-03 11:00:00
2025-09-03,12:00:00,47.52,47.52,88.55,88.55,242.96,242.96,465.33,465.33,10.01,10.01,8.27,210.84,2025-09-03 12:00:00
2025-09-03,13:00:00,46.73,46.73,88.59,88.59,241.58,241.58,466.45,466.45,10,10,6.64,169.37,2025-09-03 13:00:00
2025-09-03,14:00:00,41.03,41.03,88.28,88.28,242.53,242.53,464.52,464.52,10,10,5.27,134.31,2025-09-03 14:00:00
2025-09-03,15:00:00,36.05,36.05,88.17,88.17,247.66,247.66,429.09,429.09,10,10,4.5,114.83,2025-09-03 15:00:00
2025-09-03,16:00:00,70.78,70.78,82.4,82.4,262.4,262.4,457.2,457.2,8.81,8.81,4.91,125.33,2025-09-03 16:00:00
2025-09-03,17:00:00,65.31,65.31,87.91,87.91,255.48,255.48,425.7,425.7,9.9,9.9,2.61,66.65,2025-09-03 17:00:00
2025-09-03,18:00:00,41.92,41.92,85.85,85.85,254.46,254.46,415.37,415.37,9.88,9.88,2,51.1,2025-09-03 18:00:00
2025-09-03,19:00:00,43.38,43.38,84.76,84.76,247.6,247.6,433.83,433.83,9.9,9.9,2,51.08,2025-09-03 19:00:00
2025-09-03,20:00:00,44.84,44.84,84.87,84.87,254.39,254.39,411.64,411.64,9.93,9.93,2,51.1,2025-09-03 20:00:00
2025-09-03,21:00:00,41.09,41.09,85.33,85.33,258.18,258.18,400.99,400.99,10,10,2,51.04,2025-09-03 21:00:00
2025-09-03,22:00:00,46.74,46.74,85.24,85.24,259.58,259.58,387.49,387.49,10,10,2,51.12,2025-09-03 22:00:00
2025-09-03,23:00:00,44.24,44.24,84.13,84.13,265.86,265.86,387.48,387.48,9.98,9.98,2.14,54.63,2025-09-03 23:00:00
2025-09-04,0:00:00,43.62,43.62,84.05,84.05,267.16,267.16,382.28,382.28,10,10,4.53,115.39,2025-09-04 0:00:00
2025-09-04,1:00:00,47.95,47.95,84.2,84.2,267.18,267.18,395.71,395.71,9.99,9.99,5,127.53,2025-09-04 1:00:00
2025-09-04,2:00:00,44.72,44.72,85.01,85.01,279.35,279.35,394.91,394.91,9.97,9.97,5.02,128.1,2025-09-04 2:00:00
2025-09-04,3:00:00,39.01,39.01,84.86,84.86,267.63,267.63,405.62,405.62,9.94,9.94,5.64,143.85,2025-09-04 3:00:00
2025-09-04,4:00:00,41.9,41.9,83.61,83.61,258.28,258.28,434.01,434.01,9.71,9.71,5.56,141.81,2025-09-04 4:00:00
2025-09-04,5:00:00,42.12,42.12,84.7,84.7,256.57,256.57,445.06,445.06,9.8,9.8,4.89,124.57,2025-09-04 5:00:00
2025-09-04,6:00:00,31.8,31.8,85.47,85.47,246.46,246.46,465.88,465.88,9.86,9.86,4.72,120.39,2025-09-04 6:00:00
2025-09-04,7:00:00,25.01,25.01,83.46,83.46,247.61,247.61,428.92,428.92,9.79,9.79,4.67,119.02,2025-09-04 7:00:00
2025-09-04,8:00:00,32.98,32.98,87.01,87.01,245.58,245.58,633.73,633.73,9.68,9.68,3.33,84.9,2025-09-04 8:00:00
2025-09-04,9:00:00,36.51,36.51,83.92,83.92,250.59,250.59,480.91,480.91,9.38,9.38,8.56,218.4,2025-09-04 9:00:00
2025-09-04,10:00:00,53.63,53.63,85.05,85.05,228.12,228.12,505.54,505.54,9.93,9.93,10.5,267.68,2025-09-04 10:00:00
2025-09-04,11:00:00,58.03,58.03,86.19,86.19,228.63,228.63,577.16,577.16,9.51,9.51,10.19,259.75,2025-09-04 11:00:00
2025-09-04,12:00:00,56.54,56.54,86.36,86.36,233.75,233.75,484.56,484.56,9.66,9.66,8.46,215.73,2025-09-04 12:00:00
2025-09-04,13:00:00,45.63,45.63,86.47,86.47,227.27,227.27,522.97,522.97,9.57,9.57,7.26,185.07,2025-09-04 13:00:00
2025-09-04,14:00:00,52.65,52.65,86.17,86.17,202.16,202.16,755.11,755.11,9.54,9.54,5.72,145.92,2025-09-04 14:00:00
2025-09-04,15:00:00,45.7,45.7,87.55,87.55,206.08,206.08,931.53,931.53,9.09,9.09,5.19,132.26,2025-09-04 15:00:00
2025-09-04,16:00:00,33.64,33.64,85.07,85.07,206.21,206.21,687.74,687.74,9.11,9.11,2,51.07,2025-09-04 16:00:00
2025-09-04,17:00:00,30.64,30.64,85.43,85.43,215.37,215.37,733.38,733.38,9.23,9.23,2,51.11,2025-09-04 17:00:00
2025-09-04,18:00:00,32.04,32.04,85.7,85.7,223.46,223.46,521.84,521.84,9.81,9.81,2.01,51.23,2025-09-04 18:00:00
2025-09-04,19:00:00,39.86,39.86,85.56,85.56,221.93,221.93,499.11,499.11,9.87,9.87,2.01,51.13,2025-09-04 19:00:00
2025-09-04,20:00:00,37.43,37.43,84.3,84.3,238.12,238.12,487.15,487.15,9.27,9.27,2,51.12,2025-09-04 20:00:00
2025-09-04,21:00:00,23.87,23.87,84,84,251.8,251.8,435.42,435.42,9.91,9.91,2,51.04,2025-09-04 21:00:00
2025-09-04,22:00:00,22.83,22.83,83.83,83.83,253.37,253.37,476.55,476.55,9.71,9.71,2.01,51.14,2025-09-04 22:00:00
2025-09-04,23:00:00,30.44,30.44,83.92,83.92,253.25,253.25,485.06,485.06,9.62,9.62,2.01,51.15,2025-09-04 23:00:00
2025-09-05,0:00:00,39.99,39.99,83.83,83.83,249.46,249.46,465.37,465.37,9.61,9.61,2,51.07,2025-09-05 0:00:00
2025-09-05,1:00:00,35.34,35.34,84.17,84.17,235.17,235.17,573,573,9.48,9.48,3.02,77.08,2025-09-05 1:00:00
2025-09-05,2:00:00,52.07,52.07,83.72,83.72,235.98,235.98,547.78,547.78,9.35,9.35,4.01,102.23,2025-09-05 2:00:00
2025-09-05,3:00:00,22.25,22.25,83.69,83.69,225.64,225.64,545.58,545.58,9.23,9.23,4.15,105.79,2025-09-05 3:00:00
2025-09-05,4:00:00,23.37,23.37,84,84,226.99,226.99,511.35,511.35,9.36,9.36,4.86,123.9,2025-09-05 4:00:00
2025-09-05,5:00:00,20.28,20.28,84,84,236.96,236.96,492.31,492.31,9.22,9.22,4.7,119.91,2025-09-05 5:00:00
2025-09-05,6:00:00,30.73,30.73,84.67,84.67,246.59,246.59,491.15,491.15,9.04,9.04,7.08,180.58,2025-09-05 6:00:00
2025-09-05,7:00:00,30.29,30.29,85.15,85.15,232.44,232.44,533.55,533.55,9.32,9.32,6.4,163.11,2025-09-05 7:00:00
2025-09-05,8:00:00,22.39,22.39,84.3,84.3,218.8,218.8,602.88,602.88,9.32,9.32,7.43,189.36,2025-09-05 8:00:00
2025-09-05,9:00:00,24.27,24.27,83.75,83.75,216.58,216.58,535.98,535.98,9.32,9.32,10.18,259.46,2025-09-05 9:00:00
2025-09-05,10:00:00,29.44,29.44,84.44,84.44,226.82,226.82,515.26,515.26,9.3,9.3,9.9,252.53,2025-09-05 10:00:00
2025-09-05,11:00:00,32.96,32.96,85.52,85.52,219.63,219.63,535.22,535.22,9.43,9.43,8.01,204.33,2025-09-05 11:00:00
2025-09-05,12:00:00,28.73,28.73,86.33,86.33,215.08,215.08,520.75,520.75,9.61,9.61,8.04,204.91,2025-09-05 12:00:00
2025-09-05,13:00:00,21.91,21.91,85.69,85.69,209.01,209.01,555.34,555.34,9.11,9.11,8.94,227.95,2025-09-05 13:00:00
2025-09-05,14:00:00,21.25,21.25,85.71,85.71,202.62,202.62,715,715,9.12,9.12,8.57,218.56,2025-09-05 14:00:00
2025-09-05,15:00:00,41.37,41.37,84.45,84.45,215.77,215.77,593.05,593.05,9.14,9.14,7.91,201.83,2025-09-05 15:00:00
2025-09-05,16:00:00,43.89,43.89,85.06,85.06,202.99,202.99,635.32,635.32,9,9,12.12,309.09,2025-09-05 16:00:00
2025-09-05,17:00:00,47.01,47.01,85.22,85.22,209.32,209.32,609.27,609.27,9.07,9.07,8.57,218.44,2025-09-05 17:00:00
2025-09-05,18:00:00,45.85,45.85,85.56,85.56,227.5,227.5,726.81,726.81,9.07,9.07,2.01,51.32,2025-09-05 18:00:00
2025-09-05,19:00:00,40.06,40.06,85,85,222.02,222.02,670.62,670.62,9,9,2.01,51.21,2025-09-05 19:00:00
2025-09-05,20:00:00,45.16,45.16,84.92,84.92,232.26,232.26,490.8,490.8,9,9,2,51.09,2025-09-05 20:00:00
2025-09-05,21:00:00,49.15,49.15,84.5,84.5,256.81,256.81,409.63,409.63,9.1,9.1,2.01,51.16,2025-09-05 21:00:00
2025-09-05,22:00:00,53.87,53.87,84.88,84.88,261.08,261.08,422.42,422.42,9.63,9.63,2.01,51.26,2025-09-05 22:00:00
2025-09-05,23:00:00,38.62,38.62,85.39,85.39,256,256,442.12,442.12,9.79,9.79,2.02,51.46,2025-09-05 23:00:00
2025-09-06,0:00:00,40.21,40.21,85.21,85.21,258.67,258.67,435.06,435.06,9.81,9.81,2.07,52.74,2025-09-06 0:00:00
2025-09-06,1:00:00,48.8,48.8,84.89,84.89,256.69,256.69,430.74,430.74,9.62,9.62,3,76.63,2025-09-06 1:00:00
2025-09-06,2:00:00,41.5,41.5,86.54,86.54,243.49,243.49,465.22,465.22,9.79,9.79,3.04,77.43,2025-09-06 2:00:00
2025-09-06,3:00:00,57.55,57.55,85.83,85.83,250.06,250.06,474.92,474.92,9.29,9.29,3.39,86.42,2025-09-06 3:00:00
2025-09-06,4:00:00,58.67,58.67,76.39,76.39,251.82,251.82,608.39,608.39,7.29,7.29,4.5,114.85,2025-09-06 4:00:00
2025-09-06,5:00:00,52.68,52.68,75.39,75.39,251.89,251.89,686.77,686.77,7.01,7.01,5,127.5,2025-09-06 5:00:00
2025-09-06,6:00:00,49.07,49.07,77.03,77.03,250.77,250.77,657.8,657.8,7.05,7.05,4.78,121.8,2025-09-06 6:00:00
2025-09-06,7:00:00,54.39,54.39,76.65,76.65,255.09,255.09,586.77,586.77,7.2,7.2,4.26,108.59,2025-09-06 7:00:00
2025-09-06,8:00:00,59.38,59.38,77.23,77.23,248.73,248.73,576.63,576.63,7.45,7.45,3.79,96.77,2025-09-06 8:00:00
2025-09-06,9:00:00,63.05,63.05,77.41,77.41,224.3,224.3,670.24,670.24,7.06,7.06,7,178.58,2025-09-06 9:00:00
2025-09-06,10:00:00,63.56,63.56,77.21,77.21,224.74,224.74,674.43,674.43,7.16,7.16,10.03,255.73,2025-09-06 10:00:00
2025-09-06,11:00:00,57.74,57.74,76.84,76.84,228.54,228.54,661.94,661.94,7.01,7.01,11.69,298.01,2025-09-06 11:00:00
2025-09-06,12:00:00,63.66,63.66,77.18,77.18,233.02,233.02,833.54,833.54,7.04,7.04,10.86,277.03,2025-09-06 12:00:00
2025-09-06,13:00:00,70.6,70.6,76.6,76.6,235.24,235.24,701.87,701.87,7.06,7.06,12.71,324.1,2025-09-06 13:00:00
2025-09-06,14:00:00,87.5,87.5,81.81,81.81,223.74,223.74,626.42,626.42,8.29,8.29,16.39,418.05,2025-09-06 14:00:00
2025-09-06,15:00:00,67.25,67.25,85.17,85.17,207.25,207.25,602.22,602.22,9,9,11.99,305.75,2025-09-06 15:00:00
2025-09-06,16:00:00,53.38,53.38,85.13,85.13,213.66,213.66,625.1,625.1,9.28,9.28,6.65,169.67,2025-09-06 16:00:00
2025-09-06,17:00:00,46.02,46.02,85.18,85.18,230.71,230.71,638.29,638.29,9.23,9.23,3.41,87.04,2025-09-06 17:00:00
2025-09-06,18:00:00,56.63,56.63,87.23,87.23,244.32,244.32,611.89,611.89,9.87,9.87,2.63,67.09,2025-09-06 18:00:00
2025-09-06,19:00:00,47.08,47.08,86.56,86.56,239.53,239.53,609.73,609.73,10,10,2.02,51.55,2025-09-06 19:00:00
2025-09-06,20:00:00,61.36,61.36,86.16,86.16,244.04,244.04,628.35,628.35,9.88,9.88,2.03,51.84,2025-09-06 20:00:00
2025-09-06,21:00:00,34.66,34.66,85.9,85.9,236.06,236.06,564.43,564.43,10,10,2.03,51.83,2025-09-06 21:00:00
2025-09-06,22:00:00,29.49,29.49,86.8,86.8,235.73,235.73,593.44,593.44,10,10,2.03,51.69,2025-09-06 22:00:00
2025-09-06,23:00:00,36.41,36.41,87.59,87.59,236.8,236.8,496.46,496.46,10,10,2.03,51.67,2025-09-06 23:00:00
2025-09-07,0:00:00,35.75,35.75,87.97,87.97,232.94,232.94,499.02,499.02,10,10,2.03,51.69,2025-09-07 0:00:00
2025-09-07,1:00:00,49.61,49.61,87.11,87.11,225.83,225.83,553.1,553.1,10,10,2.09,53.2,2025-09-07 1:00:00
2025-09-07,2:00:00,43.22,43.22,87.96,87.96,229.67,229.67,558.76,558.76,10,10,2.15,54.75,2025-09-07 2:00:00
2025-09-07,3:00:00,53.25,53.25,87.93,87.93,231.43,231.43,504.82,504.82,9.91,9.91,2.74,69.9,2025-09-07 3:00:00
2025-09-07,4:00:00,49.08,49.08,87.38,87.38,222.26,222.26,543.8,543.8,9.77,9.77,3.04,77.4,2025-09-07 4:00:00
2025-09-07,5:00:00,49.13,49.13,87.85,87.85,236.96,236.96,524.55,524.55,9.94,9.94,3.55,90.57,2025-09-07 5:00:00
2025-09-07,6:00:00,48.89,48.89,87.89,87.89,235.95,235.95,534.64,534.64,9.97,9.97,5.45,138.97,2025-09-07 6:00:00
2025-09-07,7:00:00,57.42,57.42,87.64,87.64,240.19,240.19,504.67,504.67,10,10,5.33,135.86,2025-09-07 7:00:00
2025-09-07,8:00:00,45.42,45.42,86.79,86.79,241.92,241.92,512.33,512.33,10,10,5.46,139.17,2025-09-07 8:00:00
2025-09-07,9:00:00,40.88,40.88,86.56,86.56,241.66,241.66,529.06,529.06,9.97,9.97,7.18,183.22,2025-09-07 9:00:00
2025-09-07,10:00:00,38.37,38.37,87.26,87.26,246.98,246.98,478.6,478.6,9.99,9.99,9.27,236.38,2025-09-07 10:00:00
2025-09-07,11:00:00,39.6,39.6,87.7,87.7,251.96,251.96,469.88,469.88,9.96,9.96,8.96,228.48,2025-09-07 11:00:00
2025-09-07,12:00:00,52.03,52.03,88.17,88.17,253.24,253.24,482.67,482.67,9.92,9.92,8.97,228.74,2025-09-07 12:00:00
2025-09-07,13:00:00,82.01,82.01,84.65,84.65,264.53,264.53,479.83,479.83,9.02,9.02,8.62,219.74,2025-09-07 13:00:00
2025-09-07,14:00:00,90.89,90.89,82.77,82.77,262.21,262.21,541.17,541.17,8.28,8.28,8.9,226.99,2025-09-07 14:00:00
2025-09-07,15:00:00,103.18,103.18,89.74,89.74,243.43,243.43,505.88,505.88,9.9,9.9,7.23,184.47,2025-09-07 15:00:00
2025-09-07,16:00:00,63.1,63.1,88.76,88.76,249.38,249.38,487.51,487.51,9.87,9.87,2.09,53.33,2025-09-07 16:00:00
2025-09-07,17:00:00,32.3,32.3,87.78,87.78,236.09,236.09,616.05,616.05,9.67,9.67,2.07,52.66,2025-09-07 17:00:00
2025-09-07,18:00:00,35.24,35.24,88.76,88.76,247.14,247.14,518.44,518.44,10,10,2.06,52.41,2025-09-07 18:00:00
2025-09-07,19:00:00,42.68,42.68,87.73,87.73,242.65,242.65,580.53,580.53,10,10,2.03,51.78,2025-09-07 19:00:00
2025-09-07,20:00:00,49.98,49.98,87.5,87.5,244.92,244.92,543.28,543.28,9.97,9.97,2.03,51.68,2025-09-07 20:00:00
2025-09-07,21:00:00,37.34,37.34,87.25,87.25,253.35,253.35,524.42,524.42,10,10,2.04,51.98,2025-09-07 21:00:00
2025-09-07,22:00:00,31.14,31.14,89.19,89.19,251.67,251.67,490.08,490.08,10,10,2.04,52.13,2025-09-07 22:00:00
2025-09-07,23:00:00,30.13,30.13,88.65,88.65,246.23,246.23,505.73,505.73,10,10,2.07,52.8,2025-09-07 23:00:00
2025-09-08,0:00:00,41.8,41.8,90.01,90.01,246.03,246.03,498.13,498.13,10,10,2.07,52.81,2025-09-08 0:00:00
2025-09-08,1:00:00,50.26,50.26,89.6,89.6,243.82,243.82,521.09,521.09,10,10,4.47,114.03,2025-09-08 1:00:00
2025-09-08,2:00:00,90.75,90.75,87.89,87.89,255.96,255.96,519.92,519.92,9.42,9.42,4.59,116.95,2025-09-08 2:00:00
2025-09-08,3:00:00,56.53,56.53,90.31,90.31,245.64,245.64,521.23,521.23,10,10,3.13,79.79,2025-09-08 3:00:00
2025-09-08,4:00:00,47.33,47.33,89.82,89.82,234.65,234.65,557.31,557.31,10,10,2.68,68.32,2025-09-08 4:00:00
2025-09-08,5:00:00,49.55,49.55,89.58,89.58,232.44,232.44,550.89,550.89,10,10,3.7,94.46,2025-09-08 5:00:00
2025-09-08,6:00:00,45.8,45.8,89.61,89.61,236.44,236.44,534.67,534.67,10,10,4.74,120.79,2025-09-08 6:00:00
2025-09-08,7:00:00,44.92,44.92,88.92,88.92,243.33,243.33,511.52,511.52,10,10,4.42,112.61,2025-09-08 7:00:00
2025-09-08,8:00:00,46.86,46.86,89.46,89.46,245.52,245.52,529.04,529.04,10,10,7.47,190.47,2025-09-08 8:00:00
2025-09-08,9:00:00,45.94,45.94,88.6,88.6,264.81,264.81,493.58,493.58,10,10,11.36,289.79,2025-09-08 9:00:00
2025-09-08,10:00:00,52.16,52.16,87.67,87.67,283.19,283.19,451.34,451.34,9.81,9.81,15.62,398.36,2025-09-08 10:00:00
2025-09-08,11:00:00,51.71,51.71,90.23,90.23,261.97,261.97,535.07,535.07,9.94,9.94,15.93,406.25,2025-09-08 11:00:00
2025-09-08,12:00:00,52.37,52.37,91.03,91.03,241.76,241.76,674.15,674.15,10,10,12.43,317.01,2025-09-08 12:00:00
2025-09-08,13:00:00,43.15,43.15,90.68,90.68,240.76,240.76,623.75,623.75,9.96,9.96,10.25,261.45,2025-09-08 13:00:00
2025-09-08,14:00:00,47.69,47.69,90.67,90.67,228.57,228.57,693.79,693.79,9.91,9.91,5.14,131.02,2025-09-08 14:00:00
2025-09-08,15:00:00,50.69,50.69,89.82,89.82,240.38,240.38,592.94,592.94,9.84,9.84,4.62,117.85,2025-09-08 15:00:00
2025-09-08,16:00:00,58.35,58.35,89.39,89.39,241.2,241.2,555.36,555.36,9.99,9.99,2.02,51.48,2025-09-08 16:00:00
2025-09-08,17:00:00,85.04,85.04,91.45,91.45,236.12,236.12,612.2,612.2,9.98,9.98,2.02,51.56,2025-09-08 17:00:00
2025-09-08,18:00:00,56.07,56.07,89.9,89.9,246.94,246.94,515.1,515.1,9.91,9.91,2.02,51.62,2025-09-08 18:00:00
2025-09-08,19:00:00,97.83,97.77,81.25,81.2,269.93,269.77,540.27,539.96,7.94,7.94,2.01,51.29,2025-09-08 19:00:00
2025-09-08,20:00:00,101.49,101.35,78.98,78.87,273.01,272.61,565.66,564.87,7.52,7.51,2.01,51.28,2025-09-08 20:00:00
2025-09-08,21:00:00,84.54,84.54,77.52,77.52,265.36,265.36,586.57,586.57,7.27,7.27,2.02,51.39,2025-09-08 21:00:00
2025-09-08,22:00:00,72.11,72.11,77.2,77.2,282.81,282.81,559.5,559.5,7.59,7.59,2.01,51.17,2025-09-08 22:00:00
2025-09-08,23:00:00,72.02,72.02,77.87,77.87,286.71,286.71,518.1,518.1,7.93,7.93,2.01,51.29,2025-09-08 23:00:00
2025-09-09,0:00:00,77.46,77.46,77.86,77.86,279.7,279.7,592.35,592.35,8,8,5.12,130.67,2025-09-09 0:00:00
2025-09-09,1:00:00,69.07,69.07,77.76,77.76,254.32,254.32,720.52,720.52,7.92,7.92,5.45,139.01,2025-09-09 1:00:00
2025-09-09,2:00:00,64.2,64.2,77.72,77.72,261.72,261.72,760.93,760.93,7.93,7.93,3.03,77.31,2025-09-09 2:00:00
2025-09-09,3:00:00,58.07,58.07,78.01,78.01,259.7,259.7,653.67,653.67,7.97,7.97,2.07,52.67,2025-09-09 3:00:00
2025-09-09,4:00:00,68.68,68.68,78.47,78.47,248.47,248.47,709.77,709.77,7.88,7.88,3.95,100.84,2025-09-09 4:00:00
2025-09-09,5:00:00,80.6,80.6,80.27,80.27,260.03,260.03,703.97,703.97,7.9,7.9,4.63,118.14,2025-09-09 5:00:00
2025-09-09,6:00:00,78.88,78.88,90.62,90.62,241.85,241.85,551.1,551.1,9.92,9.92,5.65,144.17,2025-09-09 6:00:00
2025-09-09,7:00:00,48.5,48.5,88.04,88.04,232.81,232.81,521.56,521.56,10,10,4.88,124.34,2025-09-09 7:00:00
2025-09-09,8:00:00,48.5,48.5,87.71,87.71,236.79,236.79,518.35,518.35,9.93,9.93,5.21,132.88,2025-09-09 8:00:00
2025-09-09,9:00:00,48.55,48.55,88.4,88.4,237.46,237.46,521.78,521.78,9.96,9.96,7.71,196.52,2025-09-09 9:00:00
2025-09-09,10:00:00,50.7,50.7,88.52,88.52,237.95,237.95,563.34,563.34,9.94,9.94,11.73,299.19,2025-09-09 10:00:00
2025-09-09,11:00:00,52.46,52.46,89.2,89.2,245.41,245.41,517.86,517.86,9.99,9.99,12.25,312.42,2025-09-09 11:00:00
2025-09-09,12:00:00,52.69,52.69,89.63,89.63,246.44,246.44,509.24,509.24,10,10,13.29,338.81,2025-09-09 12:00:00
2025-09-09,13:00:00,59.82,59.82,87.02,87.02,245,245,565.5,565.5,9.46,9.46,13.89,354.1,2025-09-09 13:00:00
2025-09-09,14:00:00,53.96,53.96,80.11,80.11,263.61,263.61,576.99,576.99,7.93,7.93,12.24,311.99,2025-09-09 14:00:00
2025-09-09,15:00:00,51.13,51.13,79.45,79.45,244.76,244.76,633.22,633.22,7.78,7.78,10.07,256.83,2025-09-09 15:00:00
2025-09-09,16:00:00,70.93,70.93,87.05,87.05,244.37,244.37,551.59,551.59,9.39,9.39,2.16,54.98,2025-09-09 16:00:00
2025-09-09,17:00:00,46.62,46.62,88.6,88.6,242.9,242.9,567.47,567.47,10,10,2.05,52.22,2025-09-09 17:00:00
2025-09-09,18:00:00,44.13,44.13,89.08,89.08,223.71,223.71,619.52,619.52,10,10,2.04,52.04,2025-09-09 18:00:00
2025-09-09,19:00:00,42.7,42.7,88.81,88.81,227.28,227.28,628.47,628.47,10,10,2.02,51.5,2025-09-09 19:00:00
2025-09-09,20:00:00,39.87,39.87,88.22,88.22,214.54,214.54,705.76,705.76,10,10,2.02,51.6,2025-09-09 20:00:00
2025-09-09,21:00:00,45.12,45.12,87.93,87.93,224.49,224.49,620.46,620.46,10,10,2.02,51.46,2025-09-09 21:00:00
2025-09-09,22:00:00,51.49,51.49,88.4,88.4,223.83,223.83,614.68,614.68,10,10,2.01,51.35,2025-09-09 22:00:00
2025-09-09,23:00:00,50.14,50.14,88.24,88.24,210.46,210.46,677.74,677.74,10,10,2.56,65.3,2025-09-09 23:00:00
2025-09-10,0:00:00,49.75,49.75,87.66,87.66,225.62,225.62,653.62,653.62,10,10,4.44,113.2,2025-09-10 0:00:00
2025-09-10,1:00:00,90.8,90.8,88.77,88.77,234.59,234.59,626.56,626.56,10,10,3.74,95.48,2025-09-10 1:00:00
2025-09-10,2:00:00,60.42,60.42,87.99,87.99,237.02,237.02,562.02,562.02,10,10,3.19,81.31,2025-09-10 2:00:00
2025-09-10,3:00:00,66.67,66.67,88.13,88.13,228.83,228.83,667.37,667.37,10,10,2.71,69.01,2025-09-10 3:00:00
2025-09-10,4:00:00,99.67,99.67,90.7,90.7,224.62,224.62,800.07,800.07,9.82,9.82,3.43,87.58,2025-09-10 4:00:00
2025-09-10,5:00:00,72.46,72.46,89.42,89.42,218.26,218.26,605.84,605.84,10,10,3.19,81.24,2025-09-10 5:00:00
2025-09-10,6:00:00,52.56,52.56,90.12,90.12,225.62,225.62,630.81,630.81,10,10,3.54,90.16,2025-09-10 6:00:00
2025-09-10,7:00:00,48.48,48.48,90.11,90.11,221.12,221.12,725.35,725.35,10,10,2.51,64.05,2025-09-10 7:00:00
2025-09-10,8:00:00,68.02,68.02,85.65,85.65,208.8,208.8,678.37,678.37,8.96,8.96,3.44,87.65,2025-09-10 8:00:00
2025-09-10,9:00:00,104.15,104.15,89.48,89.48,210.45,210.45,603.75,603.75,9.61,9.61,7.44,189.84,2025-09-10 9:00:00
2025-09-10,10:00:00,93.13,93.13,87.57,87.57,240.7,240.7,580.59,580.59,9.06,9.06,11.67,297.56,2025-09-10 10:00:00
2025-09-10,11:00:00,79.09,79.09,87.57,87.57,243.96,243.96,674.09,674.09,9.08,9.08,11.79,300.65,2025-09-10 11:00:00
2025-09-10,12:00:00,73.84,73.84,87.42,87.42,236.03,236.03,697.09,697.09,9.09,9.09,10.34,263.68,2025-09-10 12:00:00
2025-09-10,13:00:00,68.58,68.58,87.37,87.37,238.75,238.75,595.54,595.54,9.07,9.07,8.44,215.12,2025-09-10 13:00:00
2025-09-10,14:00:00,99.17,99.17,87.06,87.06,246.6,246.6,529.13,529.13,9.06,9.06,3.79,96.57,2025-09-10 14:00:00
2025-09-10,15:00:00,78.66,78.66,86.79,86.79,247.48,247.48,593.68,593.68,9.06,9.06,4.54,115.78,2025-09-10 15:00:00
2025-09-10,16:00:00,69.34,69.34,86.35,86.35,251.42,251.42,586.48,586.48,9.08,9.08,9.74,248.3,2025-09-10 16:00:00
2025-09-10,17:00:00,70.97,70.97,85.97,85.97,247.45,247.45,548.54,548.54,9.15,9.15,5.59,142.48,2025-09-10 17:00:00
2025-09-10,18:00:00,44.59,44.59,84.16,84.16,242.15,242.15,581.04,581.04,9.06,9.06,1.95,49.81,2025-09-10 18:00:00
2025-09-10,19:00:00,44.02,44.02,82.91,82.91,231.44,231.44,610.14,610.14,9.02,9.02,3.28,83.64,2025-09-10 19:00:00
2025-09-10,20:00:00,56.95,51.15,83.33,75.01,238.54,214.92,581.93,515.31,9,8.19,2.29,53.45,2025-09-10 20:00:00
2025-09-10,21:00:00,62.31,1,83.64,1,242.66,1,656.55,1,9,1,2,1,2025-09-10 21:00:00
2025-09-10,22:00:00,88.33,1,84.22,1,239.11,1,651.55,1,9,1,2,1,2025-09-10 22:00:00
2025-09-10,23:00:00,101.78,64.18,84.57,52.64,242.34,150.47,535.88,325.91,9,5.94,2,31.91,2025-09-10 23:00:00
2025-09-11,0:00:00,61.43,1,84.16,1,240.72,1,593.25,1,9.02,1,2,1,2025-09-11 0:00:00
2025-09-11,1:00:00,39.33,1,84.56,1,226.81,1,703.1,1,9,1,2.44,1,2025-09-11 1:00:00
2025-09-11,2:00:00,40.58,1,85.06,1,232,1,668.85,1,9,1,7.44,1,2025-09-11 2:00:00
2025-09-11,3:00:00,54.67,1,85.45,1,243.62,1,653.67,1,9,1,6.22,1,2025-09-11 3:00:00
2025-09-11,4:00:00,97.51,2.46,85.53,2.34,254.36,4.97,569.66,8.66,9,1.12,4.47,2.68,2025-09-11 4:00:00
2025-09-11,5:00:00,64.88,64.88,84.6,84.6,249.17,249.17,531.78,531.78,9,9,5.43,138.59,2025-09-11 5:00:00
2025-09-11,6:00:00,91.72,91.72,78.42,78.42,265.83,265.83,641.39,641.39,7.35,7.35,7.86,200.31,2025-09-11 6:00:00
2025-09-11,7:00:00,75.81,75.81,78.56,78.56,259.11,259.11,755.44,755.44,7.36,7.36,7.96,202.91,2025-09-11 7:00:00
2025-09-11,8:00:00,67.61,67.61,83.58,83.58,364.42,364.42,466.5,466.5,9,9,5.82,148.5,2025-09-11 8:00:00
2025-09-11,9:00:00,51.26,51.26,82.54,82.54,400.01,400.01,443.44,443.44,8.5,8.5,5.73,146.11,2025-09-11 9:00:00
2025-09-11,10:00:00,59.36,59.36,83.14,83.14,486.48,486.48,445.23,445.23,8.78,8.78,6.1,155.48,2025-09-11 10:00:00
2025-09-11,11:00:00,51.28,51.28,83.83,83.83,509.35,509.35,460.69,460.69,9,9,9.42,240.22,2025-09-11 11:00:00
2025-09-11,12:00:00,60.14,60.14,82.22,82.22,377.06,377.06,458.61,458.61,8.43,8.43,8.95,228.12,2025-09-11 12:00:00
2025-09-11,13:00:00,104.48,104.48,84.61,84.61,314.16,314.16,449.31,449.31,8.79,8.79,12.52,319.37,2025-09-11 13:00:00
2025-09-11,14:00:00,105,105,81.49,81.49,289.53,289.53,507.48,507.48,7.98,7.98,11.09,282.73,2025-09-11 14:00:00
2025-09-11,15:00:00,96.34,96.34,78.72,78.72,250.05,250.05,609.68,609.68,7.89,7.89,7.01,178.77,2025-09-11 15:00:00
2025-09-11,16:00:00,93.51,93.51,80.11,80.11,244.72,244.72,555.17,555.17,8.08,8.08,8.3,211.59,2025-09-11 16:00:00
2025-09-11,17:00:00,61.38,61.38,78.56,78.56,236.48,236.48,652.84,652.84,7.95,7.95,2.04,52.06,2025-09-11 17:00:00
2025-09-11,18:00:00,55.37,55.37,78.96,78.96,231.23,231.23,797.74,797.74,8.08,8.08,3.59,91.54,2025-09-11 18:00:00
2025-09-11,19:00:00,57.78,57.78,78.49,78.49,250.53,250.53,896.06,896.06,7.96,7.96,9.6,244.77,2025-09-11 19:00:00
2025-09-11,20:00:00,58.27,58.27,78.06,78.06,263.69,263.69,738.85,738.85,7.97,7.97,5.66,144.29,2025-09-11 20:00:00
2025-09-11,21:00:00,89.13,89.13,82.85,82.85,245.95,245.95,665.97,665.97,9.01,9.01,4,102.04,2025-09-11 21:00:00
2025-09-11,22:00:00,44.06,44.06,85.73,85.73,236.67,236.67,602.54,602.54,9.97,9.97,2.33,59.32,2025-09-11 22:00:00
2025-09-11,23:00:00,40.46,40.46,87.24,87.24,237.46,237.46,573.96,573.96,10,10,2,51.03,2025-09-11 23:00:00
2025-09-12,0:00:00,35.47,35.47,87.82,87.82,239.21,239.21,546.79,546.79,10,10,2,51.01,2025-09-12 0:00:00
2025-09-12,1:00:00,34.28,34.28,88.62,88.62,235.08,235.08,679.35,679.35,10,10,2,51.02,2025-09-12 1:00:00
2025-09-12,2:00:00,42.89,42.89,88.78,88.78,221.51,221.51,578.77,578.77,10,10,2,51.04,2025-09-12 2:00:00
2025-09-12,3:00:00,60.99,60.99,88.98,88.98,218.89,218.89,543.07,543.07,10,10,2,51.01,2025-09-12 3:00:00
2025-09-12,4:00:00,34.96,34.96,87.96,87.96,215.54,215.54,540.42,540.42,10,10,3.92,99.87,2025-09-12 4:00:00
2025-09-12,5:00:00,90.85,90.85,89.46,89.46,237.87,237.87,558.45,558.45,10,10,4.55,116.15,2025-09-12 5:00:00
2025-09-12,6:00:00,43.15,43.15,89.79,89.79,249.46,249.46,569.2,569.2,10,10,5.23,133.26,2025-09-12 6:00:00
2025-09-12,7:00:00,48.3,48.3,88.61,88.61,244.34,244.34,587.63,587.63,10,10,7.53,192.04,2025-09-12 7:00:00
2025-09-12,8:00:00,69.26,69.26,83.46,83.46,248.8,248.8,643.16,643.16,8.68,8.68,6.2,158.12,2025-09-12 8:00:00
2025-09-12,9:00:00,72.32,72.32,82.92,82.92,264.68,264.68,601.18,601.18,8.3,8.3,8.45,215.59,2025-09-12 9:00:00
2025-09-12,10:00:00,86.54,86.54,91.93,91.93,227.18,227.18,661.71,661.71,10,10,11.05,281.84,2025-09-12 10:00:00
2025-09-12,11:00:00,46.87,46.87,90.76,90.76,238.09,238.09,547.22,547.22,10,10,10.39,265.04,2025-09-12 11:00:00
2025-09-12,12:00:00,44.19,44.19,91.63,91.63,231.68,231.68,585.13,585.13,10,10,8.83,225.17,2025-09-12 12:00:00
2025-09-12,13:00:00,49.82,49.82,91.13,91.13,218.62,218.62,674.11,674.11,10,10,8.31,211.97,2025-09-12 13:00:00
2025-09-12,14:00:00,49.44,49.44,90.98,90.98,224.3,224.3,701.83,701.83,10,10,8.92,227.45,2025-09-12 14:00:00
2025-09-12,15:00:00,49.08,49.08,91.54,91.54,230.15,230.15,577.95,577.95,10,10,8.22,209.54,2025-09-12 15:00:00
2025-09-12,16:00:00,54.83,54.83,92.02,92.02,227.19,227.19,552.74,552.74,10,10,7.1,180.94,2025-09-12 16:00:00
2025-09-12,17:00:00,82.75,82.75,90.83,90.83,245.98,245.98,526.56,526.56,9.99,9.99,6.82,173.92,2025-09-12 17:00:00
2025-09-12,18:00:00,55.14,55.14,90.75,90.75,250.82,250.82,543.44,543.44,10.05,10.05,2.67,68.2,2025-09-12 18:00:00
2025-09-12,19:00:00,28.61,28.61,90.46,90.46,244.39,244.39,520.72,520.72,10,10,2.01,51.15,2025-09-12 19:00:00
2025-09-12,20:00:00,31.5,31.5,89.63,89.63,246.36,246.36,545.26,545.26,10,10,2.01,51.37,2025-09-12 20:00:00
2025-09-12,21:00:00,32.95,32.95,88.83,88.83,249.04,249.04,507.35,507.35,10,10,3.77,96.02,2025-09-12 21:00:00
2025-09-12,22:00:00,34.22,34.22,88.56,88.56,261.57,261.57,482.15,482.15,10,10,2.65,67.65,2025-09-12 22:00:00
2025-09-12,23:00:00,39.73,39.73,88.12,88.12,245.53,245.53,528.17,528.17,10,10,2.01,51.24,2025-09-12 23:00:00
2025-09-13,0:00:00,60.9,60.9,87.38,87.38,250.65,250.65,585.51,585.51,9.88,9.88,2.01,51.34,2025-09-13 0:00:00
2025-09-13,1:00:00,47.68,47.68,87.36,87.36,248.61,248.61,616.16,616.16,9.86,9.86,3.68,93.79,2025-09-13 1:00:00
2025-09-13,2:00:00,34.36,34.36,86.84,86.84,240.92,240.92,587.78,587.78,9.83,9.83,4.64,118.26,2025-09-13 2:00:00
2025-09-13,3:00:00,30.45,30.45,86.81,86.81,231.64,231.64,615.56,615.56,9.7,9.7,5.3,135.26,2025-09-13 3:00:00
2025-09-13,4:00:00,38.13,38.13,87.93,87.93,234.31,234.31,662.98,662.98,9.52,9.52,5.98,152.49,2025-09-13 4:00:00
2025-09-13,5:00:00,40.33,40.33,88.41,88.41,236.52,236.52,631.95,631.95,9.53,9.53,4.37,111.33,2025-09-13 5:00:00
2025-09-13,6:00:00,39.59,39.59,88.81,88.81,244.01,244.01,621.75,621.75,9.74,9.74,6.34,161.71,2025-09-13 6:00:00
2025-09-13,7:00:00,42.88,42.88,89.17,89.17,239.52,239.52,642.96,642.96,9.59,9.59,8.21,209.23,2025-09-13 7:00:00
2025-09-13,8:00:00,56.97,56.97,89.89,89.89,247.13,247.13,534.4,534.4,9.85,9.85,6.32,161.08,2025-09-13 8:00:00
2025-09-13,9:00:00,49.64,49.64,89.17,89.17,236.95,236.95,567.6,567.6,9.93,9.93,8.34,212.71,2025-09-13 9:00:00
2025-09-13,10:00:00,37.94,37.94,89.39,89.39,239.49,239.49,591.83,591.83,9.94,9.94,7.87,200.65,2025-09-13 10:00:00
2025-09-13,11:00:00,48.55,48.55,91.32,91.32,251.47,251.47,697.23,697.23,9.84,9.84,12.56,320.26,2025-09-13 11:00:00
2025-09-13,12:00:00,91.87,91.87,89.92,89.92,250.95,250.95,667.29,667.29,9.51,9.51,10.4,265.29,2025-09-13 12:00:00
2025-09-13,13:00:00,60.13,60.13,90.23,90.23,257.04,257.04,521.44,521.44,9.8,9.8,9.03,230.23,2025-09-13 13:00:00
2025-09-13,14:00:00,51.2,51.2,89.8,89.8,251,251,562.73,562.73,9.61,9.61,8.77,223.54,2025-09-13 14:00:00
2025-09-13,15:00:00,47.23,47.23,90.14,90.14,235.84,235.84,742.85,742.85,9.45,9.45,8.25,210.46,2025-09-13 15:00:00
2025-09-13,16:00:00,50.08,50.08,89.25,89.25,246.24,246.24,632.5,632.5,9.39,9.39,2,51.1,2025-09-13 16:00:00
2025-09-13,17:00:00,44.03,44.03,89.48,89.48,260.14,260.14,511.21,511.21,9.9,9.9,2,51.01,2025-09-13 17:00:00
2025-09-13,18:00:00,40.54,40.54,89.57,89.57,263.25,263.25,509.45,509.45,9.96,9.96,2,51.02,2025-09-13 18:00:00
2025-09-13,19:00:00,41.61,41.61,89.18,89.18,281.64,281.64,514.31,514.31,9.84,9.84,2,51.01,2025-09-13 19:00:00
2025-09-13,20:00:00,47.46,47.46,88.86,88.86,282.72,282.72,579.79,579.79,9.68,9.68,2,51,2025-09-13 20:00:00
2025-09-13,21:00:00,60.26,60.26,88.69,88.69,290,290,587.18,587.18,9.68,9.68,2.03,51.68,2025-09-13 21:00:00
2025-09-13,22:00:00,59.83,59.83,88.9,88.9,294.67,294.67,531.76,531.76,9.87,9.87,2.17,55.23,2025-09-13 22:00:00
2025-09-13,23:00:00,53.16,53.16,88.45,88.45,281.91,281.91,510.79,510.79,9.97,9.97,3.93,100.21,2025-09-13 23:00:00
2025-09-14,0:00:00,54.31,54.31,88.63,88.63,248.7,248.7,609.41,609.41,9.92,9.92,4.51,114.98,2025-09-14 0:00:00
2025-09-14,1:00:00,43.75,43.75,88.27,88.27,253,253,530.59,530.59,9.98,9.98,4.34,110.77,2025-09-14 1:00:00
2025-09-14,2:00:00,44.12,44.12,88.15,88.15,258.36,258.36,600.79,600.79,9.94,9.94,4.8,122.52,2025-09-14 2:00:00
2025-09-14,3:00:00,58.28,58.28,88.9,88.9,236.35,236.35,572.1,572.1,9.96,9.96,4.38,111.69,2025-09-14 3:00:00
2025-09-14,4:00:00,64.68,64.68,88.86,88.86,253.25,253.25,535.4,535.4,9.96,9.96,3.85,98.2,2025-09-14 4:00:00
2025-09-14,5:00:00,49.7,49.7,91.11,91.11,250.9,250.9,738.85,738.85,9.99,9.99,2.89,73.6,2025-09-14 5:00:00
2025-09-14,6:00:00,44.45,44.45,90.82,90.82,249.41,249.41,646.43,646.43,10,10,3.71,94.53,2025-09-14 6:00:00
2025-09-14,7:00:00,40.55,40.55,90.2,90.2,251.13,251.13,576.92,576.92,10,10,5.11,130.38,2025-09-14 7:00:00
2025-09-14,8:00:00,45.03,45.03,91.53,91.53,250.05,250.05,648.74,648.74,10,10,3.01,76.87,2025-09-14 8:00:00
2025-09-14,9:00:00,44,44,92.76,92.76,260.17,260.17,522.51,522.51,10,10,7.48,190.81,2025-09-14 9:00:00
2025-09-14,10:00:00,60.79,60.79,92.46,92.46,258.37,258.37,542.55,542.55,9.99,9.99,8.41,214.34,2025-09-14 10:00:00
2025-09-14,11:00:00,63.07,63.07,92.6,92.6,268.14,268.14,519.02,519.02,10,10,11.27,287.47,2025-09-14 11:00:00
2025-09-14,12:00:00,56.66,56.66,92.48,92.48,290.31,290.31,475.33,475.33,10,10,9.5,242.21,2025-09-14 12:00:00
2025-09-14,13:00:00,86.18,86.06,93.63,93.52,311.14,310.75,485.88,485.32,10,9.99,9.46,240.99,2025-09-14 13:00:00
2025-09-14,14:00:00,69.17,69.17,92.41,92.41,316.63,316.63,477.65,477.65,9.88,9.88,5.24,133.75,2025-09-14 14:00:00
2025-09-14,15:00:00,64.6,64.6,89.99,89.99,332.72,332.72,498.62,498.62,9.43,9.43,4.38,111.79,2025-09-14 15:00:00
2025-09-14,16:00:00,90.13,90.13,89.85,89.85,313.84,313.84,528.11,528.11,9.6,9.6,3,76.54,2025-09-14 16:00:00
2025-09-14,17:00:00,104.22,104.22,89.57,89.57,315.25,315.25,510.06,510.06,9.28,9.28,2,51,2025-09-14 17:00:00
2025-09-14,18:00:00,88.23,88.23,90.78,90.78,290.68,290.68,711.8,711.8,9.4,9.4,2.03,51.82,2025-09-14 18:00:00
2025-09-14,19:00:00,58.48,58.48,88.88,88.88,240.62,240.62,566.12,566.12,9.6,9.6,2,51.1,2025-09-14 19:00:00
2025-09-14,20:00:00,66.11,66.11,86.78,86.78,234.31,234.31,691.37,691.37,9.07,9.07,2.01,51.26,2025-09-14 20:00:00
2025-09-14,21:00:00,62.8,62.8,86.75,86.75,240.63,240.63,600.25,600.25,9.12,9.12,2.01,51.22,2025-09-14 21:00:00
2025-09-14,22:00:00,81.9,81.9,79.47,79.47,272.07,272.07,607.49,607.49,7.44,7.44,2.68,68.4,2025-09-14 22:00:00
2025-09-14,23:00:00,85.83,85.83,79.93,79.93,255.97,255.97,667.18,667.18,7.27,7.27,5.32,135.63,2025-09-14 23:00:00
2025-09-15,0:00:00,78.92,78.92,80.25,80.25,246.03,246.03,769.45,769.45,7.65,7.65,6.02,153.41,2025-09-15 0:00:00
2025-09-15,1:00:00,73.55,73.55,80.25,80.25,239.07,239.07,681.72,681.72,7.91,7.91,6.15,156.83,2025-09-15 1:00:00
2025-09-15,2:00:00,76.04,76.04,79.98,79.98,251.65,251.65,626.75,626.75,7.96,7.96,6.16,157.13,2025-09-15 2:00:00
2025-09-15,3:00:00,84.87,84.87,79.58,79.58,249.98,249.98,671.45,671.45,8,8,6.86,174.95,2025-09-15 3:00:00
2025-09-15,4:00:00,84.65,84.65,79.53,79.53,265.33,265.33,675.6,675.6,7.96,7.96,6.48,165.29,2025-09-15 4:00:00
2025-09-15,5:00:00,56.51,56.51,78.89,78.89,268.1,268.1,682.9,682.9,7.96,7.96,5.9,150.42,2025-09-15 5:00:00
2025-09-15,6:00:00,52.55,52.55,78.97,78.97,251.33,251.33,675.53,675.53,7.96,7.96,5.83,148.68,2025-09-15 6:00:00
2025-09-15,7:00:00,85.68,26.27,139.36,34.51,151.01,113.64,409.49,280.7,12.18,3.98,4.46,51.3,2025-09-15 7:00:00
2025-09-15,8:00:00,105,1,209.41,1,3,1,59.54,1,17,1,4.8,1,2025-09-15 8:00:00
2025-09-15,9:00:00,105,1,183.85,1,34.41,1,45.34,1,16.28,1,5.62,1,2025-09-15 9:00:00
2025-09-15,10:00:00,105,1,130.28,1,202.53,1,31.18,1,14.4,1,8.34,1,2025-09-15 10:00:00
2025-09-15,11:00:00,104.86,1,110.01,1,205.59,1,18.41,1,13.31,1,9.88,1,2025-09-15 11:00:00
2025-09-15,12:00:00,90.4,1,115.36,1,198.65,1,18.38,1,13.7,1,8.97,1,2025-09-15 12:00:00
2025-09-15,13:00:00,65.61,29.55,91.35,41.78,214.06,116.72,277.61,270.38,10.93,5.31,7.69,105.1,2025-09-15 13:00:00
2025-09-15,14:00:00,41.4,41.4,73.35,73.35,200.04,200.04,557.52,557.52,7.62,7.62,9.62,245.41,2025-09-15 14:00:00
2025-09-15,15:00:00,105,105,84.51,84.51,274.8,274.8,688.76,688.76,7.97,7.97,6.54,166.7,2025-09-15 15:00:00
2025-09-15,16:00:00,89.92,89.92,85.74,85.74,227.91,227.91,1045.37,1045.37,7.48,7.48,3.35,85.49,2025-09-15 16:00:00
2025-09-15,17:00:00,56.3,56.3,78.57,78.57,241.14,241.14,942.64,942.64,7,7,2,51,2025-09-15 17:00:00
2025-09-15,18:00:00,80.43,36.2,104.37,45.19,271.17,174.94,392.48,294.89,10.73,5.04,2.01,29.33,2025-09-15 18:00:00
2025-09-15,19:00:00,105,1,169.43,1,74.28,1,727.35,1,15.35,1,1.97,1,2025-09-15 19:00:00
2025-09-15,20:00:00,105,1,185.05,1,2.95,1,174.04,1,16.73,1,1.97,1,2025-09-15 20:00:00
2025-09-15,21:00:00,105,1,190.82,1,3,1,38.84,1,17,1,3.83,1,2025-09-15 21:00:00
2025-09-15,22:00:00,104.75,1,188.95,1,3,1,25.84,1,17,1,5.04,1,2025-09-15 22:00:00
2025-09-15,23:00:00,94.23,1,187.1,1,3,1,25.78,1,17,1,5.77,1,2025-09-15 23:00:00
2025-09-16,0:00:00,84.35,1,186.06,1,3,1,21.46,1,17,1,3.76,1,2025-09-16 0:00:00
2025-09-16,1:00:00,78.63,1,183.94,1,3,1,19.14,1,17,1,3.58,1,2025-09-16 1:00:00
2025-09-16,2:00:00,63.71,1,184.79,1,3,1,19.04,1,17,1,5.01,1,2025-09-16 2:00:00
2025-09-16,3:00:00,54.27,1,184.57,1,3,1,18.43,1,17,1,5.08,1,2025-09-16 3:00:00
2025-09-16,4:00:00,53.35,1,184.99,1,3,1,18.24,1,17,1,5.06,1,2025-09-16 4:00:00
2025-09-16,5:00:00,50.77,1,185.37,1,3,1,18.26,1,17,1,5.17,1,2025-09-16 5:00:00
2025-09-16,6:00:00,37.95,1,182.31,1,3,1,18.42,1,17,1,6.84,1,2025-09-16 6:00:00
2025-09-16,7:00:00,29.7,1,182.82,1,3,1,18.29,1,17,1,6.53,1,2025-09-16 7:00:00
2025-09-16,8:00:00,26.86,1,183.73,1,3,1,18.48,1,17,1,5.1,1,2025-09-16 8:00:00
2025-09-16,9:00:00,23.62,1,182.84,1,3,1,18.46,1,17,1,7.73,1,2025-09-16 9:00:00
2025-09-16,10:00:00,23.28,1,182.77,1,3,1,18.58,1,17,1,10.32,1,2025-09-16 10:00:00
2025-09-16,11:00:00,48.4,1,182.81,1,3,1,18.34,1,17,1,9.24,1,2025-09-16 11:00:00
2025-09-16,12:00:00,81.13,1,182.32,1,3,1,18.15,1,17,1,6.36,1,2025-09-16 12:00:00
2025-09-16,13:00:00,100.06,1,180.98,1,3,1,18.21,1,17,1,3.6,1,2025-09-16 13:00:00
2025-09-16,14:00:00,93.15,1,178.49,1,3,1,18.17,1,17,1,2,1,2025-09-16 14:00:00
2025-09-16,15:00:00,96.74,1,177.24,1,3,1,18.12,1,17,1,3.88,1,2025-09-16 15:00:00
2025-09-16,16:00:00,102.98,1,176.33,1,3,1,18.13,1,17,1,3.24,1,2025-09-16 16:00:00
2025-09-16,17:00:00,104.46,1,173.74,1,3,1,17.92,1,17,1,1.94,1,2025-09-16 17:00:00
2025-09-16,18:00:00,102.19,1,168.43,1,3,1,17.19,1,17,1,1.81,1,2025-09-16 18:00:00
2025-09-16,19:00:00,100.39,1,170.38,1,3,1,17.27,1,17,1,4.15,1,2025-09-16 19:00:00
2025-09-16,20:00:00,67.43,1,173.93,1,3,1,17.85,1,17,1,4.68,1,2025-09-16 20:00:00
2025-09-16,21:00:00,39.39,1,171.44,1,2.99,1,17.89,1,17,1,3.87,1,2025-09-16 21:00:00
2025-09-16,22:00:00,25.22,1,171.78,1,3,1,17.07,1,17,1,3.28,1,2025-09-16 22:00:00
2025-09-16,23:00:00,48.68,1,170.95,1,3,1,17.08,1,17,1,3.29,1,2025-09-16 23:00:00
2025-09-17,0:00:00,15.29,1,172.15,1,3,1,17.04,1,17,1,2.52,1,2025-09-17 0:00:00
2025-09-17,1:00:00,8.42,1,174.06,1,3,1,17.04,1,17,1,2.51,1,2025-09-17 1:00:00
2025-09-17,2:00:00,7.76,1,170.82,1,3,1,17.06,1,17,1,4.24,1,2025-09-17 2:00:00
2025-09-17,3:00:00,7.52,1,171.37,1,3,1,17.05,1,17,1,4.29,1,2025-09-17 3:00:00
2025-09-17,4:00:00,5.44,1,172.75,1,3,1,17.11,1,17,1,1.75,1,2025-09-17 4:00:00
2025-09-17,5:00:00,5.04,1,174.68,1,3,1,17.12,1,17,1,4.13,1,2025-09-17 5:00:00
2025-09-17,6:00:00,4.97,1,174.37,1,3,1,17.18,1,17,1,5.11,1,2025-09-17 6:00:00
2025-09-17,7:00:00,4.14,1,173.81,1,3,1,17.43,1,17,1,5.31,1,2025-09-17 7:00:00
2025-09-17,8:00:00,8.31,1,172.42,1,3,1,17.9,1,17,1,7.32,1,2025-09-17 8:00:00
2025-09-17,9:00:00,75.25,1,172.59,1,3,1,18.01,1,17,1,7.89,1,2025-09-17 9:00:00
2025-09-17,10:00:00,60.65,1,167.48,1,3,1,17.56,1,17,1,9.46,1,2025-09-17 10:00:00
2025-09-17,11:00:00,105,1,163.49,1,3,1,17.02,1,17,1,8.97,1,2025-09-17 11:00:00
2025-09-17,12:00:00,105,1,163.47,1,3,1,16.99,1,17,1,7.37,1,2025-09-17 12:00:00
2025-09-17,13:00:00,105,1,159.9,1,3,1,16.36,1,17,1,0.88,1,2025-09-17 13:00:00
2025-09-17,14:00:00,105,1,161.3,1,2.91,1,14.07,1,17,1,0.33,1,2025-09-17 14:00:00
2025-09-17,15:00:00,104.01,1,154.45,1,3,1,9.82,1,17,1,0.41,1,2025-09-17 15:00:00
2025-09-17,16:00:00,89.6,1,165.87,1,3,1,9.89,1,17,1,0.56,1,2025-09-17 16:00:00
2025-09-17,17:00:00,72.56,1,160.63,1,3,1,9.85,1,17,1,0.55,1,2025-09-17 17:00:00
2025-09-17,18:00:00,60.28,1,168.47,1,3,1,10.01,1,17,1,0.55,1,2025-09-17 18:00:00
2025-09-17,19:00:00,55.48,1,168.52,1,3,1,9.9,1,17,1,0.55,1,2025-09-17 19:00:00
2025-09-17,20:00:00,47.38,1,176.44,1,3,1,10.07,1,17,1,0.55,1,2025-09-17 20:00:00
2025-09-17,21:00:00,45.27,1,175.08,1,3,1,9.76,1,17,1,1.99,1,2025-09-17 21:00:00
2025-09-17,22:00:00,45.78,1,179.86,1,3,1,9.91,1,17,1,2.49,1,2025-09-17 22:00:00
2025-09-17,23:00:00,41.52,1,175.85,1,3,1,9.8,1,17,1,4.07,1,2025-09-17 23:00:00
2025-09-18,0:00:00,37.26,1,179.91,1,2.87,1,9.87,1,17,1,5,1,2025-09-18 0:00:00
2025-09-18,1:00:00,35.88,1,182.62,1,2.01,1,9.78,1,17,1,5,1,2025-09-18 1:00:00
2025-09-18,2:00:00,39.08,1,185.08,1,2,1,9.67,1,17,1,5,1,2025-09-18 2:00:00
2025-09-18,3:00:00,33.33,1,180.85,1,2,1,9.64,1,17,1,4.99,1,2025-09-18 3:00:00
2025-09-18,4:00:00,31.34,1,184.53,1,2,1,9.66,1,17,1,4,1,2025-09-18 4:00:00
2025-09-18,5:00:00,31.65,1,186.9,1,2,1,9.22,1,17,1,4.83,1,2025-09-18 5:00:00
2025-09-18,6:00:00,31.47,1,191.59,1,2.28,1,9.57,1,17,1,5.29,1,2025-09-18 6:00:00
2025-09-18,7:00:00,27.69,1,200.89,1,2.68,1,9.77,1,17,1,6.2,1,2025-09-18 7:00:00
2025-09-18,8:00:00,39.35,1,194.02,1,3,1,9.69,1,17,1,6.56,1,2025-09-18 8:00:00
2025-09-18,9:00:00,27.08,1,197.72,1,2.98,1,9.82,1,17,1,8.71,1,2025-09-18 9:00:00
2025-09-18,10:00:00,17.75,1,194.39,1,2.81,1,9.8,1,17,1,7.68,1,2025-09-18 10:00:00
2025-09-18,11:00:00,17.71,1,195.93,1,2.98,1,9.94,1,17,1,7.35,1,2025-09-18 11:00:00
2025-09-18,12:00:00,17.91,1,198.18,1,2.59,1,9.87,1,17,1,6.18,1,2025-09-18 12:00:00
2025-09-18,13:00:00,18.09,1,196.22,1,2.28,1,9.96,1,17,1,5.05,1,2025-09-18 13:00:00
2025-09-18,14:00:00,19.57,1,203.92,1,2,1,9.88,1,17,1,3.91,1,2025-09-18 14:00:00
2025-09-18,15:00:00,15.43,1,200.48,1,2,1,10.09,1,17,1,1.27,1,2025-09-18 15:00:00
2025-09-18,16:00:00,17.18,1,207.61,1,2,1,9.95,1,17,1,0.96,1,2025-09-18 16:00:00
2025-09-18,17:00:00,18.93,1,201.86,1,2,1,9.84,1,17,1,0.97,1,2025-09-18 17:00:00
2025-09-18,18:00:00,13.69,1,208.76,1,2,1,9.88,1,17,1,0.96,1,2025-09-18 18:00:00
2025-09-18,19:00:00,12.85,1,217.73,1,2,1,10,1,17,1,1.57,1,2025-09-18 19:00:00
2025-09-18,20:00:00,12.2,1,212.62,1,2,1,9.61,1,17,1,4.64,1,2025-09-18 20:00:00
2025-09-18,21:00:00,12.22,1,217.11,1,2,1,8.9,1,17,1,5,1,2025-09-18 21:00:00
2025-09-18,22:00:00,12.95,1,228.43,1,2,1,7.61,1,17,1,5,1,2025-09-18 22:00:00
2025-09-18,23:00:00,12.19,1,216.34,1,2,1,6.62,1,17,1,4.88,1,2025-09-18 23:00:00
2025-09-19,0:00:00,12.3,1,219.43,1,2,1,7.91,1,17,1,3.64,1,2025-09-19 0:00:00
2025-09-19,1:00:00,12.12,1,224.05,1,2,1,8.26,1,17,1,3.2,1,2025-09-19 1:00:00
2025-09-19,2:00:00,11.65,1,225.14,1,2,1,8.23,1,17,1,2,1,2025-09-19 2:00:00
2025-09-19,3:00:00,10.04,1,226.91,1,2,1,8.34,1,17,1,1.6,1,2025-09-19 3:00:00
2025-09-19,4:00:00,13.82,1,229.92,1,2,1,8.62,1,17,1,2,1,2025-09-19 4:00:00
2025-09-19,5:00:00,10.22,1,230.21,1,2,1,7.92,1,17,1,2.79,1,2025-09-19 5:00:00
2025-09-19,6:00:00,10.72,1,232.73,1,2,1,8.15,1,17,1,5.69,1,2025-09-19 6:00:00
2025-09-19,7:00:00,11.38,1,234.94,1,2,1,8.1,1,17,1,6.27,1,2025-09-19 7:00:00
2025-09-19,8:00:00,19.28,1,241.23,1,2,1,8.6,1,17,1,5.44,1,2025-09-19 8:00:00
2025-09-19,9:00:00,16.38,1,236.27,1,2.04,1,9.69,1,17,1,5.22,1,2025-09-19 9:00:00
2025-09-19,10:00:00,8.09,1,236.62,1,2,1,7.98,1,17,1,3.95,1,2025-09-19 10:00:00
2025-09-19,11:00:00,6.39,1,231.5,1,2.31,1,7.46,1,17,1,4.79,1,2025-09-19 11:00:00
2025-09-19,12:00:00,5.02,1,236.08,1,2.2,1,7.73,1,17,1,3.24,1,2025-09-19 12:00:00
2025-09-19,13:00:00,5.61,1,239.74,1,2,1,6.88,1,17,1,3.34,1,2025-09-19 13:00:00
2025-09-19,14:00:00,5.81,1,232.33,1,2,1,6.49,1,17,1,1.45,1,2025-09-19 14:00:00
2025-09-19,15:00:00,14.79,1,238.85,1,2,1,7.8,1,17,1,0.22,1,2025-09-19 15:00:00
2025-09-19,16:00:00,12.64,1,242.1,1,2,1,9.71,1,17,1,0.27,1,2025-09-19 16:00:00
2025-09-19,17:00:00,7.9,1,245.88,1,2,1,9.58,1,17,1,0.42,1,2025-09-19 17:00:00
2025-09-19,18:00:00,6.54,1,248.02,1,2,1,9.84,1,17,1,0.41,1,2025-09-19 18:00:00
2025-09-19,19:00:00,6.25,1,237.6,1,2,1,8.89,1,17,1,0.4,1,2025-09-19 19:00:00
2025-09-19,20:00:00,6.3,1,248.58,1,2,1,9.73,1,17,1,0.14,1,2025-09-19 20:00:00
2025-09-19,21:00:00,7.53,1,239.4,1,2,1,8.56,1,17,1,0.74,1,2025-09-19 21:00:00
2025-09-19,22:00:00,11.53,1,251.62,1,2,1,8.57,1,17,1,1.31,1,2025-09-19 22:00:00
2025-09-19,23:00:00,8.48,1,239.18,1,2,1,8.78,1,17,1,0.54,1,2025-09-19 23:00:00
2025-09-20,0:00:00,7.13,1,243.38,1,2,1,9.3,1,17,1,1.5,1,2025-09-20 0:00:00
2025-09-20,1:00:00,7.05,1,239.43,1,2,1,9.24,1,17,1,2,1,2025-09-20 1:00:00
2025-09-20,2:00:00,7.01,1,245.66,1,2,1,9.36,1,17,1,2,1,2025-09-20 2:00:00
2025-09-20,3:00:00,7.44,1,248.02,1,2,1,9.46,1,17,1,2.91,1,2025-09-20 3:00:00
2025-09-20,4:00:00,7.79,1,251.75,1,2,1,9.66,1,17,1,3.29,1,2025-09-20 4:00:00
2025-09-20,5:00:00,8,1,255.04,1,2,1,9.75,1,17,1,4,1,2025-09-20 5:00:00
2025-09-20,6:00:00,7.82,1,258.38,1,2,1,9.84,1,17,1,5.53,1,2025-09-20 6:00:00
2025-09-20,7:00:00,6.97,1,260.81,1,2,1,9.66,1,17,1,4.88,1,2025-09-20 7:00:00
2025-09-20,8:00:00,7.28,1,261.12,1,2,1,9.62,1,17,1,3.9,1,2025-09-20 8:00:00
2025-09-20,9:00:00,8.65,1,268.14,1,2,1,9.58,1,17,1,6.28,1,2025-09-20 9:00:00
2025-09-20,10:00:00,7.61,1,252.91,1,2,1,7.56,1,17,1,5.87,1,2025-09-20 10:00:00
2025-09-20,11:00:00,7.03,1,256.38,1,2.03,1,7.13,1,17,1,3.36,1,2025-09-20 11:00:00
2025-09-20,12:00:00,5.67,1,254.48,1,2,1,6.14,1,17,1,1.92,1,2025-09-20 12:00:00
2025-09-20,13:00:00,5.46,1,261.25,1,2,1,6.88,1,17,1,2.09,1,2025-09-20 13:00:00
2025-09-20,14:00:00,8.88,1,255.57,1,2,1,6.86,1,17,1,2.83,1,2025-09-20 14:00:00
2025-09-20,15:00:00,12.11,1,273.78,1,2,1,7.37,1,17,1,1.3,1,2025-09-20 15:00:00
2025-09-20,16:00:00,8.44,1,257.45,1,2,1,7.16,1,17,1,0.89,1,2025-09-20 16:00:00
2025-09-20,17:00:00,5.72,1,278.8,1,2,1,8.04,1,17,1,0.54,1,2025-09-20 17:00:00
2025-09-20,18:00:00,5.83,1,255.69,1,2,1,7.4,1,17,1,0.41,1,2025-09-20 18:00:00
2025-09-20,19:00:00,6.36,1,273.24,1,1.99,1,8.68,1,17,1,0.14,1,2025-09-20 19:00:00
2025-09-20,20:00:00,6.36,1,260.98,1,2,1,9.83,1,17,1,0.83,1,2025-09-20 20:00:00
2025-09-20,21:00:00,6.28,1,273.43,1,2,1,9.65,1,17,1,0.68,1,2025-09-20 21:00:00
2025-09-20,22:00:00,6.58,1,277.58,1,2,1,9.55,1,17,1,0.41,1,2025-09-20 22:00:00
2025-09-20,23:00:00,6.77,1,271.95,1,2,1,9.28,1,17,1,1.01,1,2025-09-20 23:00:00
2025-09-21,0:00:00,7.07,1,287.62,1,2,1,9.41,1,17,1,2.35,1,2025-09-21 0:00:00
2025-09-21,1:00:00,7.18,1,270.17,1,2,1,8.95,1,17,1,3.34,1,2025-09-21 1:00:00
2025-09-21,2:00:00,7.8,1,273.98,1,2,1,9.01,1,17,1,4,1,2025-09-21 2:00:00
2025-09-21,3:00:00,8,1,280.21,1,2,1,9.43,1,17,1,3.31,1,2025-09-21 3:00:00
2025-09-21,4:00:00,7.82,1,282.65,1,2,1,9.64,1,17,1,3.02,1,2025-09-21 4:00:00
2025-09-21,5:00:00,7.97,1,285.26,1,2,1,9.56,1,17,1,4,1,2025-09-21 5:00:00
2025-09-21,6:00:00,7.56,1,299.85,1,2,1,9.84,1,17,1,4.93,1,2025-09-21 6:00:00
2025-09-21,7:00:00,6.14,1,279.39,1,2,1,9.57,1,17,1,5.72,1,2025-09-21 7:00:00
2025-09-21,8:00:00,7.59,1,294.55,1,2,1,9.72,1,17,1,6.58,1,2025-09-21 8:00:00
2025-09-21,9:00:00,7.3,1,283.31,1,2,1,9.9,1,17,1,6.43,1,2025-09-21 9:00:00
2025-09-21,10:00:00,7.87,1,292.1,1,2,1,9.38,1,17,1,4.97,1,2025-09-21 10:00:00
2025-09-21,11:00:00,5.06,1,275.73,1,2,1,7.98,1,17,1,3.33,1,2025-09-21 11:00:00
2025-09-21,12:00:00,4.68,1,285.76,1,2,1,8.85,1,17,1,1.14,1,2025-09-21 12:00:00
2025-09-21,13:00:00,4.91,1,295.9,1,2,1,8.85,1,17,1,1.9,1,2025-09-21 13:00:00
2025-09-21,14:00:00,8.19,1,282.47,1,2,1,8.73,1,16.5,1,4.08,1,2025-09-21 14:00:00
2025-09-21,15:00:00,7.84,1,289.97,1,2,1,9.53,1,16.01,1,3.5,1,2025-09-21 15:00:00
2025-09-21,16:00:00,5.65,1,293.69,1,2,1,9.54,1,16.04,1,1.42,1,2025-09-21 16:00:00
2025-09-21,17:00:00,4.4,1,294.63,1,2,1,9.6,1,16.87,1,0.41,1,2025-09-21 17:00:00
2025-09-21,18:00:00,4.98,1,298.06,1,2,1,9.67,1,17,1,0.27,1,2025-09-21 18:00:00
2025-09-21,19:00:00,5.31,1,303.78,1,2,1,9.79,1,17,1,0.41,1,2025-09-21 19:00:00
2025-09-21,20:00:00,5.68,1,285.94,1,2,1,9.46,1,17,1,0.27,1,2025-09-21 20:00:00
2025-09-21,21:00:00,5.72,1,293.85,1,2,1,10.08,1,17,1,1.09,1,2025-09-21 21:00:00
2025-09-21,22:00:00,5.73,1,293.12,1,2,1,10.07,1,17,1,0.36,1,2025-09-21 22:00:00
2025-09-21,23:00:00,5.78,1,282.87,1,2,1,9.87,1,17,1,0.45,1,2025-09-21 23:00:00
2025-09-22,0:00:00,6,1,298.41,1,2,1,9.69,1,17,1,0.28,1,2025-09-22 0:00:00
2025-09-22,1:00:00,6.06,1,283.16,1,2,1,9.33,1,17,1,1.26,1,2025-09-22 1:00:00
2025-09-22,2:00:00,6.04,1,302.2,1,2,1,9.8,1,17,1,2.39,1,2025-09-22 2:00:00
2025-09-22,3:00:00,6.05,1,293.71,1,2,1,9.12,1,17,1,2.44,1,2025-09-22 3:00:00
2025-09-22,4:00:00,5.99,1,291.61,1,2,1,9.16,1,17,1,2.11,1,2025-09-22 4:00:00
2025-09-22,5:00:00,5.97,1,299.07,1,2,1,9.4,1,17,1,2.9,1,2025-09-22 5:00:00
2025-09-22,6:00:00,5.69,1,316.97,1,2,1,9.64,1,17,1,5.72,1,2025-09-22 6:00:00
2025-09-22,7:00:00,5.14,1,297.3,1,2,1,9.27,1,17,1,5.66,1,2025-09-22 7:00:00
2025-09-22,8:00:00,9.75,1,310.39,1,2,1,9.34,1,17,1,6.16,1,2025-09-22 8:00:00
2025-09-22,9:00:00,16.63,1,296.02,1,2,1,10.67,1,17,1,6.1,1,2025-09-22 9:00:00
2025-09-22,10:00:00,6.73,1,314.83,1,2.03,1,9.15,1,17,1,7.91,1,2025-09-22 10:00:00
2025-09-22,11:00:00,7.4,1,300.15,1,2.06,1,9.66,1,17,1,7.81,1,2025-09-22 11:00:00
2025-09-22,12:00:00,5.1,1,308.64,1,2.59,1,9.82,1,16.12,1,8.48,1,2025-09-22 12:00:00
2025-09-22,13:00:00,4.93,1,309.08,1,2,1,9.82,1,16,1,6.62,1,2025-09-22 13:00:00
2025-09-22,14:00:00,6.72,1,314.14,1,2,1,9.8,1,16,1,3.72,1,2025-09-22 14:00:00
2025-09-22,15:00:00,8.74,1,318.72,1,2,1,9.94,1,16,1,1.18,1,2025-09-22 15:00:00
2025-09-22,16:00:00,7.9,1,320.72,1,2,1,9.87,1,16,1,0.68,1,2025-09-22 16:00:00
2025-09-22,17:00:00,5.22,1,320.09,1,2,1,9.93,1,16,1,0.55,1,2025-09-22 17:00:00
2025-09-22,18:00:00,4.85,1,317.69,1,2,1,9.93,1,16,1,0.41,1,2025-09-22 18:00:00
2025-09-22,19:00:00,5.09,1,315.7,1,2,1,10.03,1,16,1,0.82,1,2025-09-22 19:00:00
2025-09-22,20:00:00,5.19,1,313.79,1,2,1,9.99,1,16.99,1,0.82,1,2025-09-22 20:00:00
2025-09-22,21:00:00,4.95,1,309.77,1,2,1,10,1,16.95,1,0.55,1,2025-09-22 21:00:00
2025-09-22,22:00:00,5.42,1,326.4,1,2,1,10.1,1,16.52,1,0.68,1,2025-09-22 22:00:00
2025-09-22,23:00:00,4.97,1,296.44,1,2,1,10.07,1,16.9,1,0.68,1,2025-09-22 23:00:00
2025-09-23,0:00:00,4.95,1,316.47,1,2,1,10.18,1,16.75,1,1.09,1,2025-09-23 0:00:00
2025-09-23,1:00:00,5.12,1,295.91,1,2,1,10,1,17,1,0.68,1,2025-09-23 1:00:00
2025-09-23,2:00:00,5.01,1,311.69,1,2,1,9.84,1,16.44,1,0.82,1,2025-09-23 2:00:00
2025-09-23,3:00:00,4.81,1,306.28,1,2,1,9.8,1,16.97,1,1.22,1,2025-09-23 3:00:00
2025-09-23,4:00:00,5,1,299.94,1,2,1,9.66,1,17,1,0.55,1,2025-09-23 4:00:00
2025-09-23,5:00:00,5,1,320.39,1,2,1,9.5,1,17,1,0.72,1,2025-09-23 5:00:00
2025-09-23,6:00:00,5.02,1,312.45,1,2,1,9.8,1,17,1,4.7,1,2025-09-23 6:00:00
2025-09-23,7:00:00,4.15,1,321.71,1,2,1,9.72,1,17,1,6.86,1,2025-09-23 7:00:00
2025-09-23,8:00:00,5.61,1,299.55,1,2,1,9.44,1,17,1,9.91,1,2025-09-23 8:00:00
2025-09-23,9:00:00,8.48,1,314.67,1,2,1,9.29,1,17,1,11.33,1,2025-09-23 9:00:00
2025-09-23,10:00:00,9.76,1,302.74,1,2,1,9.11,1,17,1,11.01,1,2025-09-23 10:00:00
2025-09-23,11:00:00,7.14,1,306.5,1,2.04,1,9.32,1,17,1,8.56,1,2025-09-23 11:00:00
2025-09-23,12:00:00,5.84,1,306.45,1,2.15,1,9.56,1,16.21,1,7,1,2025-09-23 12:00:00
2025-09-23,13:00:00,5.64,1,317.91,1,2,1,9.48,1,16.06,1,7,1,2025-09-23 13:00:00
2025-09-23,14:00:00,7.94,1,302.53,1,2,1,8.8,1,16,1,6.21,1,2025-09-23 14:00:00
2025-09-23,15:00:00,8.31,1,318.12,1,2,1,9.18,1,16,1,4.98,1,2025-09-23 15:00:00
2025-09-23,16:00:00,10.57,1,323.34,1,2,1,9.45,1,16,1,0.47,1,2025-09-23 16:00:00
2025-09-23,17:00:00,7.3,1,307.17,1,2,1,8.47,1,16,1,1.64,1,2025-09-23 17:00:00
2025-09-23,18:00:00,6.01,1,327.8,1,2,1,9.33,1,16.2,1,0.96,1,2025-09-23 18:00:00
2025-09-23,19:00:00,5.16,1,300.56,1,2,1,9.1,1,17,1,1.23,1,2025-09-23 19:00:00
2025-09-23,20:00:00,4.92,1,325.25,1,2,1,9.98,1,16.75,1,0.82,1,2025-09-23 20:00:00
2025-09-23,21:00:00,4.54,1,303.49,1,2,1,10.04,1,17,1,0.82,1,2025-09-23 21:00:00
2025-09-23,22:00:00,4.5,1,325.33,1,2,1,10.1,1,17,1,0.68,1,2025-09-23 22:00:00
2025-09-23,23:00:00,4.24,1,301.4,1,2,1,9.98,1,17,1,0.41,1,2025-09-23 23:00:00
2025-09-24,0:00:00,4.04,1,323.82,1,2,1,9.88,1,16.77,1,1.02,1,2025-09-24 0:00:00
2025-09-24,1:00:00,4,1,305.35,1,2,1,9.82,1,16.71,1,1.42,1,2025-09-24 1:00:00
2025-09-24,2:00:00,4,1,322.82,1,2,1,9.49,1,16.64,1,1.21,1,2025-09-24 2:00:00
2025-09-24,3:00:00,4.04,1,314.03,1,2,1,9.34,1,16.36,1,0.94,1,2025-09-24 3:00:00
2025-09-24,4:00:00,4.28,1,311.47,1,2,1,9.57,1,16.99,1,1.32,1,2025-09-24 4:00:00
2025-09-24,5:00:00,4.16,1,321.82,1,2,1,9.65,1,16.53,1,2,1,2025-09-24 5:00:00
2025-09-24,6:00:00,4.06,1,314.77,1,2,1,9.36,1,17,1,3.68,1,2025-09-24 6:00:00
2025-09-24,7:00:00,3.84,1,328.35,1,2,1,9.79,1,17,1,5.39,1,2025-09-24 7:00:00
2025-09-24,8:00:00,4.17,1,307.39,1,2,1,9.6,1,17,1,7.46,1,2025-09-24 8:00:00
2025-09-24,9:00:00,8.91,1,319.45,1,2,1,9.59,1,16.61,1,8.98,1,2025-09-24 9:00:00
2025-09-24,10:00:00,8.63,1,326.99,1,2,1,9.81,1,16.84,1,9.03,1,2025-09-24 10:00:00
2025-09-24,11:00:00,9.36,1,311.82,1,2,1,9.77,1,16.05,1,8.9,1,2025-09-24 11:00:00
2025-09-24,12:00:00,6.52,1,327.45,1,2,1,9.88,1,16,1,5.1,1,2025-09-24 12:00:00
2025-09-24,13:00:00,4.6,1,334.79,1,2,1,10.03,1,16,1,2.94,1,2025-09-24 13:00:00
2025-09-24,14:00:00,6.5,1,331.04,1,2,1,9.89,1,16,1,3.01,1,2025-09-24 14:00:00
2025-09-24,15:00:00,7.4,1,327.86,1,2,1,9.95,1,16,1,2.63,1,2025-09-24 15:00:00
2025-09-24,16:00:00,6.98,1,324.35,1,2,1,9.99,1,16,1,2.4,1,2025-09-24 16:00:00
2025-09-24,17:00:00,5.59,1,319.85,1,2,1,10.07,1,16,1,0.41,1,2025-09-24 17:00:00
2025-09-24,18:00:00,4.48,1,316.77,1,2,1,10.07,1,16.59,1,0.68,1,2025-09-24 18:00:00
2025-09-24,19:00:00,4.8,1,313.28,1,2,1,10.18,1,17,1,1.1,1,2025-09-24 19:00:00
2025-09-24,20:00:00,6,1,307.25,1,2,1,10.02,1,17,1,0.14,1,2025-09-24 20:00:00
2025-09-24,21:00:00,5.1,1,304.8,1,2,1,10.15,1,17,1,0.14,1,2025-09-24 21:00:00
2025-09-24,22:00:00,4.86,1,300.87,1,2,1,10.01,1,17,1,1.47,1,2025-09-24 22:00:00
2025-09-24,23:00:00,5.52,1,297.56,1,2,1,10.01,1,17,1,1.31,1,2025-09-24 23:00:00
2025-09-25,0:00:00,5,1,294.26,1,2,1,9.95,1,17,1,1.09,1,2025-09-25 0:00:00
2025-09-25,1:00:00,5.07,1,290.08,1,2,1,9.96,1,17,1,0.97,1,2025-09-25 1:00:00
2025-09-25,2:00:00,5.24,1,287.97,1,2,1,9.99,1,17,1,0.83,1,2025-09-25 2:00:00
2025-09-25,3:00:00,5.08,1,285.08,1,2,1,9.91,1,17,1,0.96,1,2025-09-25 3:00:00
2025-09-25,4:00:00,4.9,1,282.91,1,2,1,9.96,1,17,1,1.05,1,2025-09-25 4:00:00
2025-09-25,5:00:00,5.47,1,281.74,1,2,1,9.93,1,17,1,2,1,2025-09-25 5:00:00
2025-09-25,6:00:00,5.11,1,280.56,1,2,1,9.87,1,17,1,6.8,1,2025-09-25 6:00:00
2025-09-25,7:00:00,3.92,1,281.65,1,2,1,10.02,1,17,1,6.13,1,2025-09-25 7:00:00
2025-09-25,8:00:00,4.05,1,281.66,1,2,1,9.9,1,17,1,4.9,1,2025-09-25 8:00:00
2025-09-25,9:00:00,4.81,1,280.77,1,2,1,9.86,1,17,1,5.96,1,2025-09-25 9:00:00
2025-09-25,10:00:00,8.6,1,279.71,1,2.16,1,9.99,1,17,1,8.34,1,2025-09-25 10:00:00
2025-09-25,11:00:00,8.23,1,281.26,1,2.18,1,10.03,1,17,1,9.07,1,2025-09-25 11:00:00
2025-09-25,12:00:00,6.54,1,282.74,1,2.75,1,10.03,1,17,1,7.04,1,2025-09-25 12:00:00
2025-09-25,13:00:00,5.69,1,276.44,1,2,1,10.05,1,16.64,1,4.01,1,2025-09-25 13:00:00
2025-09-25,14:00:00,6.37,1,274.57,1,2,1,10.03,1,16.96,1,2.53,1,2025-09-25 14:00:00
2025-09-25,15:00:00,6,1,273.06,1,2,1,10.12,1,17,1,0.96,1,2025-09-25 15:00:00
2025-09-25,16:00:00,5.85,1,271.74,1,2,1,10.15,1,17,1,0.82,1,2025-09-25 16:00:00
2025-09-25,17:00:00,4.95,1,269.64,1,2,1,10.24,1,17,1,0.55,1,2025-09-25 17:00:00
2025-09-25,18:00:00,4.15,1,268.75,1,2,1,10.08,1,17,1,0.96,1,2025-09-25 18:00:00
2025-09-25,19:00:00,3.96,1,267.51,1,2,1,10.25,1,17,1,1.1,1,2025-09-25 19:00:00
2025-09-25,20:00:00,4.17,1,266.28,1,2,1,10.19,1,17,1,0.82,1,2025-09-25 20:00:00
2025-09-25,21:00:00,4.55,1,265.36,1,2,1,10.37,1,17,1,0.69,1,2025-09-25 21:00:00
2025-09-25,22:00:00,3.89,1,263.8,1,2,1,10.27,1,17,1,1.24,1,2025-09-25 22:00:00
2025-09-25,23:00:00,3.54,1,262.59,1,2,1,10.32,1,17,1,0.95,1,2025-09-25 23:00:00
2025-09-26,0:00:00,3.8,1,261.48,1,2,1,10.23,1,17,1,1.35,1,2025-09-26 0:00:00
2025-09-26,1:00:00,3.55,1,259.93,1,2,1,10.39,1,17,1,1.54,1,2025-09-26 1:00:00
2025-09-26,2:00:00,3.61,1,258.13,1,2,1,10.27,1,17,1,0.55,1,2025-09-26 2:00:00
2025-09-26,3:00:00,4.09,1,258.9,1,2,1,10.41,1,17,1,1.81,1,2025-09-26 3:00:00
2025-09-26,4:00:00,4.25,1,257.97,1,2,1,10.19,1,17,1,1.49,1,2025-09-26 4:00:00
2025-09-26,5:00:00,4.46,1,257.88,1,2,1,10.45,1,17,1,1.1,1,2025-09-26 5:00:00
2025-09-26,6:00:00,4.76,1,258.62,1,2,1,10.35,1,17,1,3.35,1,2025-09-26 6:00:00
2025-09-26,7:00:00,3.96,1,260.09,1,2,1,10.57,1,17,1,6.65,1,2025-09-26 7:00:00
2025-09-26,8:00:00,3.23,1,261.21,1,2,1,10.68,1,17,1,6.55,1,2025-09-26 8:00:00
2025-09-26,9:00:00,3.3,1,261.67,1,2.05,1,10.61,1,17,1,6.92,1,2025-09-26 9:00:00
2025-09-26,10:00:00,5.62,1,261.8,1,2.14,1,11.63,1,17,1,7,1,2025-09-26 10:00:00
2025-09-26,11:00:00,5.27,1,261.97,1,2,1,11.32,1,17,1,7.25,1,2025-09-26 11:00:00
2025-09-26,12:00:00,4.27,1,263.28,1,2,1,13.14,1,17,1,7.45,1,2025-09-26 12:00:00
2025-09-26,13:00:00,3.9,1,260.28,1,2,1,13.34,1,17,1,6.94,1,2025-09-26 13:00:00
2025-09-26,14:00:00,6.38,1,259.05,1,2,1,13.98,1,17,1,5.41,1,2025-09-26 14:00:00
2025-09-26,15:00:00,6.74,1,258.65,1,2,1,14.66,1,17,1,2.43,1,2025-09-26 15:00:00
2025-09-26,16:00:00,7.36,1,257.64,1,2,1,14.87,1,17,1,1.09,1,2025-09-26 16:00:00
2025-09-26,17:00:00,6.64,1,257.62,1,2,1,14.85,1,17,1,0.69,1,2025-09-26 17:00:00
2025-09-26,18:00:00,4.93,1,257.27,1,2,1,15.02,1,17,1,0.14,1,2025-09-26 18:00:00
2025-09-26,19:00:00,4.12,1,257.43,1,2,1,15.02,1,17,1,0.69,1,2025-09-26 19:00:00
2025-09-26,20:00:00,4.29,1,257.18,1,2,1,14.72,1,17,1,1.22,1,2025-09-26 20:00:00
2025-09-26,21:00:00,3.6,1,256.54,1,2,1,15.47,1,17,1,1.09,1,2025-09-26 21:00:00
2025-09-26,22:00:00,3.42,1,254.79,1,2,1,15.43,1,17,1,0.96,1,2025-09-26 22:00:00
2025-09-26,23:00:00,3.72,1,255.27,1,2,1,16.17,1,17,1,1.24,1,2025-09-26 23:00:00
2025-09-27,0:00:00,3.66,1,253.47,1,2,1,15.64,1,17,1,0.97,1,2025-09-27 0:00:00
2025-09-27,1:00:00,3.39,1,253.64,1,2,1,15.85,1,17,1,0.84,1,2025-09-27 1:00:00
2025-09-27,2:00:00,3.38,1,253.3,1,2,1,15.72,1,17,1,1.04,1,2025-09-27 2:00:00
2025-09-27,3:00:00,3.47,1,253.33,1,2,1,15.83,1,17,1,0.41,1,2025-09-27 3:00:00
2025-09-27,4:00:00,3.93,1,253.33,1,2,1,15.72,1,17,1,1.67,1,2025-09-27 4:00:00
2025-09-27,5:00:00,4.04,1,253.67,1,2,1,15.81,1,17,1,0.73,1,2025-09-27 5:00:00
2025-09-27,6:00:00,3.96,1,254.63,1,2,1,15.9,1,17,1,4.58,1,2025-09-27 6:00:00
2025-09-27,7:00:00,3.1,1,256.09,1,2,1,16.49,1,17,1,6.45,1,2025-09-27 7:00:00
2025-09-27,8:00:00,3.61,1,257.73,1,2,1,16.52,1,17,1,6,1,2025-09-27 8:00:00
2025-09-27,9:00:00,7.34,1,258.22,1,2,1,16.54,1,17,1,6.21,1,2025-09-27 9:00:00
2025-09-27,10:00:00,9.58,1,258.57,1,2,1,16.63,1,17,1,7.3,1,2025-09-27 10:00:00
2025-09-27,11:00:00,8.94,1,260.7,1,2.33,1,16.49,1,17,1,8.26,1,2025-09-27 11:00:00
2025-09-27,12:00:00,5.46,1,262.39,1,2.9,1,16.61,1,17,1,6.73,1,2025-09-27 12:00:00
2025-09-27,13:00:00,3.25,1,257.25,1,2,1,16.73,1,17,1,5.23,1,2025-09-27 13:00:00
2025-09-27,14:00:00,5.69,1,256.82,1,2,1,16.56,1,17,1,4.15,1,2025-09-27 14:00:00
2025-09-27,15:00:00,7.29,1,256.74,1,2,1,16.68,1,17,1,3.84,1,2025-09-27 15:00:00
2025-09-27,16:00:00,7.3,1,257.11,1,2,1,16.71,1,17,1,2.06,1,2025-09-27 16:00:00
2025-09-27,17:00:00,6.58,1,256.51,1,2,1,16.69,1,17,1,0.69,1,2025-09-27 17:00:00
2025-09-27,18:00:00,4.52,1,255.91,1,2,1,16.21,1,17,1,0.96,1,2025-09-27 18:00:00
2025-09-27,19:00:00,4.21,1,255.76,1,2,1,16.44,1,17,1,0.95,1,2025-09-27 19:00:00
2025-09-27,20:00:00,3.49,1,256.3,1,2,1,16.49,1,17,1,0.41,1,2025-09-27 20:00:00
2025-09-27,21:00:00,4.34,1,256.15,1,2,1,16.5,1,17,1,0.96,1,2025-09-27 21:00:00
2025-09-27,22:00:00,4.19,1,256.12,1,2,1,16.72,1,17,1,0.96,1,2025-09-27 22:00:00
2025-09-27,23:00:00,4.38,1,254.77,1,2,1,15.8,1,17,1,1.65,1,2025-09-27 23:00:00
2025-09-28,0:00:00,4.02,1,254.57,1,2,1,15.88,1,17,1,0.55,1,2025-09-28 0:00:00
2025-09-28,1:00:00,3.83,1,254.02,1,2,1,15.85,1,17,1,0.69,1,2025-09-28 1:00:00
2025-09-28,2:00:00,4.27,1,252.88,1,2,1,15.88,1,17,1,0.83,1,2025-09-28 2:00:00
2025-09-28,3:00:00,5.6,1,251.67,1,2,1,15.79,1,17,1,0.79,1,2025-09-28 3:00:00
2025-09-28,4:00:00,5.68,1,252.55,1,2,1,15.84,1,17,1,1.26,1,2025-09-28 4:00:00
2025-09-28,5:00:00,5.07,1,252.76,1,2,1,15.79,1,17,1,2,1,2025-09-28 5:00:00
2025-09-28,6:00:00,4.26,1,253.93,1,2,1,15.89,1,17,1,5.26,1,2025-09-28 6:00:00
2025-09-28,7:00:00,3.3,1,256.04,1,2,1,16.56,1,17,1,6.51,1,2025-09-28 7:00:00
2025-09-28,8:00:00,4.15,1,258.05,1,2,1,16.55,1,17,1,6.36,1,2025-09-28 8:00:00
2025-09-28,9:00:00,7.53,1,259.03,1,2,1,16.59,1,17,1,6.64,1,2025-09-28 9:00:00
2025-09-28,10:00:00,9.73,1,259.73,1,2,1,16.53,1,17,1,6.55,1,2025-09-28 10:00:00
2025-09-28,11:00:00,7.87,1,262.14,1,2.61,1,16.74,1,17,1,4.36,1,2025-09-28 11:00:00
2025-09-28,12:00:00,5,1,263.75,1,2.88,1,16.51,1,17,1,5.01,1,2025-09-28 12:00:00
2025-09-28,13:00:00,3.06,1,259.35,1,2,1,16.5,1,17,1,4.01,1,2025-09-28 13:00:00
2025-09-28,14:00:00,6.72,1,258.01,1,2,1,16.62,1,17,1,3.62,1,2025-09-28 14:00:00
2025-09-28,15:00:00,6.48,1,257.44,1,2,1,16.49,1,17,1,3.22,1,2025-09-28 15:00:00
2025-09-28,16:00:00,5.28,1,256.49,1,2,1,16.41,1,17,1,1.95,1,2025-09-28 16:00:00
2025-09-28,17:00:00,5.88,1,256.35,1,2,1,16.37,1,17,1,1.15,1,2025-09-28 17:00:00
2025-09-28,18:00:00,5.28,1,257.4,1,2,1,16.25,1,17,1,0.68,1,2025-09-28 18:00:00
2025-09-28,19:00:00,4.13,1,257.56,1,2,1,16.43,1,17,1,1.77,1,2025-09-28 19:00:00
2025-09-28,20:00:00,4.98,1,258.02,1,2,1,16.48,1,17,1,0.41,1,2025-09-28 20:00:00
2025-09-28,21:00:00,4.59,1,258.26,1,2,1,16.32,1,17,1,0.41,1,2025-09-28 21:00:00
2025-09-28,22:00:00,3.73,1,257.41,1,2,1,16.78,1,17,1,1.37,1,2025-09-28 22:00:00
2025-09-28,23:00:00,3.44,1,255.14,1,2,1,15.98,1,17,1,0.14,1,2025-09-28 23:00:00
2025-09-29,0:00:00,3.48,1,253.91,1,2,1,15.74,1,17,1,1.23,1,2025-09-29 0:00:00
2025-09-29,1:00:00,3.47,1,253.82,1,2,1,15.84,1,17,1,0.96,1,2025-09-29 1:00:00
2025-09-29,2:00:00,3.94,1,252.29,1,2,1,15.56,1,17,1,0.14,1,2025-09-29 2:00:00
2025-09-29,3:00:00,4.06,1,251.31,1,2,1,15.71,1,17,1,0.42,1,2025-09-29 3:00:00
2025-09-29,4:00:00,4.3,1,251.02,1,2,1,15.62,1,17,1,0.6,1,2025-09-29 4:00:00
2025-09-29,5:00:00,4.39,1,251.27,1,2,1,15.76,1,17,1,1.01,1,2025-09-29 5:00:00
2025-09-29,6:00:00,4.23,1,252,1,2,1,15.78,1,17,1,5.03,1,2025-09-29 6:00:00
2025-09-29,7:00:00,3.33,1,253.09,1,2,1,15.79,1,17,1,6.53,1,2025-09-29 7:00:00
2025-09-29,8:00:00,3.2,1,254.81,1,2,1,16.33,1,17,1,7.19,1,2025-09-29 8:00:00
2025-09-29,9:00:00,3.9,1,256.01,1,2,1,16.57,1,17,1,7.84,1,2025-09-29 9:00:00
2025-09-29,10:00:00,3.83,1,257.61,1,2,1,16.51,1,17,1,8.93,1,2025-09-29 10:00:00
2025-09-29,11:00:00,4.01,1,260.06,1,2.56,1,16.43,1,17,1,7.65,1,2025-09-29 11:00:00
2025-09-29,12:00:00,4.85,1,261.54,1,2.91,1,16.32,1,17,1,6.18,1,2025-09-29 12:00:00
2025-09-29,13:00:00,4.92,1,257.85,1,2,1,16.37,1,17,1,4.94,1,2025-09-29 13:00:00
2025-09-29,14:00:00,6.24,1,256.25,1,2,1,16.35,1,17,1,1.98,1,2025-09-29 14:00:00
2025-09-29,15:00:00,6.18,1,255.04,1,2,1,16.32,1,17,1,1.23,1,2025-09-29 15:00:00
2025-09-29,16:00:00,5.39,1,255.57,1,2,1,16.17,1,17,1,0.55,1,2025-09-29 16:00:00
2025-09-29,17:00:00,4.25,1,255.91,1,2,1,16.18,1,17,1,1.1,1,2025-09-29 17:00:00
2025-09-29,18:00:00,3.89,1,255.89,1,2,1,16.14,1,17,1,0.68,1,2025-09-29 18:00:00
2025-09-29,19:00:00,4.2,1,255.65,1,2,1,15.9,1,17,1,0.83,1,2025-09-29 19:00:00
2025-09-29,20:00:00,5.17,1,255.62,1,2,1,16.05,1,17,1,0.82,1,2025-09-29 20:00:00
2025-09-29,21:00:00,4.75,1,254.56,1,2,1,15.65,1,17,1,0.83,1,2025-09-29 21:00:00
2025-09-29,22:00:00,5.07,1,253.38,1,2,1,15.7,1,17,1,1.1,1,2025-09-29 22:00:00
2025-09-29,23:00:00,5.31,1,251.91,1,2,1,15.65,1,17,1,0.55,1,2025-09-29 23:00:00
2025-09-30,0:00:00,5.98,1,249.49,1,2,1,15.52,1,17,1,1.23,1,2025-09-30 0:00:00
2025-09-30,1:00:00,6.02,1,248.42,1,2,1,15.25,1,17,1,3.22,1,2025-09-30 1:00:00
2025-09-30,2:00:00,8.44,1,248.54,1,2,1,15.41,1,17,1,1.58,1,2025-09-30 2:00:00
2025-09-30,3:00:00,7.66,1,248.03,1,2,1,15.32,1,17,1,0.7,1,2025-09-30 3:00:00
2025-09-30,4:00:00,7.22,1,247.34,1,2,1,15.23,1,17,1,1.46,1,2025-09-30 4:00:00
2025-09-30,5:00:00,7.92,1,248.04,1,2,1,15.19,1,17,1,0.94,1,2025-09-30 5:00:00
2025-09-30,6:00:00,8.02,1,249.42,1,2,1,15.37,1,17,1,4.65,1,2025-09-30 6:00:00
2025-09-30,7:00:00,8.34,1,250.04,1,2,1,15.63,1,17,1,2.89,1,2025-09-30 7:00:00
2025-09-30,8:00:00,7.49,1,250.6,1,2,1,15.66,1,17,1,3.11,1,2025-09-30 8:00:00
2025-09-30,9:00:00,5.86,1,250.69,1,2,1,15.55,1,17,1,4.27,1,2025-09-30 9:00:00
2025-09-30,10:00:00,54.27,1,250.94,1,2,1,15.63,1,17,1,6.73,1,2025-09-30 10:00:00
2025-09-30,11:00:00,100.47,1,251.16,1,2,1,15.55,1,17,1,8.35,1,2025-09-30 11:00:00
2025-09-30,12:00:00,67.41,1,251.78,1,2,1,16,1,17,1,5.81,1,2025-09-30 12:00:00
2025-09-30,13:00:00,34.46,1,251.2,1,2,1,15.6,1,17,1,0.57,1,2025-09-30 13:00:00
2025-09-30,14:00:00,12.38,1,250.97,1,2,1,15.61,1,17,1,0.79,1,2025-09-30 14:00:00
2025-09-30,15:00:00,7.31,1,250.75,1,2,1,15.64,1,17,1,1.09,1,2025-09-30 15:00:00
2025-09-30,16:00:00,18.06,1,249.53,1,2,1,15.58,1,17,1,1.65,1,2025-09-30 16:00:00
2025-09-30,17:00:00,17.82,1,249.45,1,2,1,15.47,1,17,1,1.22,1,2025-09-30 17:00:00
2025-09-30,18:00:00,10.82,1,250.4,1,2,1,15.32,1,17,1,0.41,1,2025-09-30 18:00:00
2025-09-30,19:00:00,11.52,1,251.73,1,2,1,15.63,1,17,1,0.68,1,2025-09-30 19:00:00
2025-09-30,20:00:00,11.74,1,251.73,1,2,1,15.59,1,17,1,0.66,1,2025-09-30 20:00:00
2025-09-30,21:00:00,8.57,1,252.1,1,2,1,15.63,1,17,1,0.95,1,2025-09-30 21:00:00
2025-09-30,22:00:00,8.23,1,252.19,1,2,1,15.61,1,17,1,0.82,1,2025-09-30 22:00:00
2025-09-30,23:00:00,7.72,1,250.85,1,2,1,15.28,1,17,1,0.55,1,2025-09-30 23:00:00
2025-10-01,0:00:00,7.97,1,250.77,1,2,1,15.35,1,17,1,0.7,1,2025-10-01 0:00:00
2025-10-01,1:00:00,7.89,1,250.75,1,2,1,15.22,1,17,1,0.51,1,2025-10-01 1:00:00
2025-10-01,2:00:00,7.84,1,251.34,1,2,1,15.14,1,17,1,1.49,1,2025-10-01 2:00:00
2025-10-01,3:00:00,7.14,1,251.98,1,2,1,15.08,1,17,1,1.78,1,2025-10-01 3:00:00
2025-10-01,4:00:00,6.66,1,252.06,1,1.99,1,15.07,1,17,1,1.17,1,2025-10-01 4:00:00
2025-10-01,5:00:00,7.24,1,253.25,1,2,1,15.42,1,17,1,0.64,1,2025-10-01 5:00:00
2025-10-01,6:00:00,6.3,1,255.53,1,2,1,15.53,1,17,1,5.88,1,2025-10-01 6:00:00
2025-10-01,7:00:00,5.63,1,258,1,2,1,16.1,1,17,1,6.92,1,2025-10-01 7:00:00
2025-10-01,8:00:00,5.94,1,259.48,1,2,1,16.08,1,17,1,5.39,1,2025-10-01 8:00:00
2025-10-01,9:00:00,5.6,1,261.26,1,2,1,16.16,1,17,1,7.46,1,2025-10-01 9:00:00
2025-10-01,10:00:00,6.08,1,262.13,1,2,1,16.19,1,17,1,6.07,1,2025-10-01 10:00:00
2025-10-01,11:00:00,7.91,1,264.3,1,2.23,1,16.17,1,17,1,3.54,1,2025-10-01 11:00:00
2025-10-01,12:00:00,9.97,1,265.35,1,2.68,1,16.15,1,17,1,1.88,1,2025-10-01 12:00:00
2025-10-01,13:00:00,7.37,1,260.6,1,2,1,16.2,1,17,1,3.71,1,2025-10-01 13:00:00
2025-10-01,14:00:00,45.47,1,266.5,1,2.67,1,16.25,1,17,1,2.71,1,2025-10-01 14:00:00
2025-10-01,15:00:00,14.92,1,269.72,1,3,1,16.43,1,17,1,2.15,1,2025-10-01 15:00:00
2025-10-01,16:00:00,10.87,1,269.79,1,3,1,16.32,1,17,1,2.26,1,2025-10-01 16:00:00
2025-10-01,17:00:00,9.33,1,270.31,1,3,1,16.31,1,17,1,2.22,1,2025-10-01 17:00:00
2025-10-01,18:00:00,7.74,1,269.97,1,3,1,16.22,1,17,1,2.24,1,2025-10-01 18:00:00
2025-10-01,19:00:00,7.31,1,269.11,1,3,1,16.33,1,17,1,2.18,1,2025-10-01 19:00:00
2025-10-01,20:00:00,10.82,1,267.97,1,3,1,16.25,1,17,1,2.16,1,2025-10-01 20:00:00
2025-10-01,21:00:00,44.16,1,268.69,1,3,1,16.28,1,17,1,2.13,1,2025-10-01 21:00:00
2025-10-01,22:00:00,49.61,1,266.77,1,3,1,16.12,1,17,1,2.13,1,2025-10-01 22:00:00
2025-10-01,23:00:00,9.59,1,266,1,3,1,16.2,1,17,1,2.13,1,2025-10-01 23:00:00
2025-10-02,0:00:00,9.04,1,264.58,1,3,1,16.06,1,17,1,2.12,1,2025-10-02 0:00:00
2025-10-02,1:00:00,8.75,1,262.25,1,3,1,16,1,17,1,2.11,1,2025-10-02 1:00:00
2025-10-02,2:00:00,10.55,1,261.64,1,3,1,16.1,1,17,1,2.07,1,2025-10-02 2:00:00
2025-10-02,3:00:00,70.34,1,261.4,1,3,1,16.08,1,17,1,2.68,1,2025-10-02 3:00:00
2025-10-02,4:00:00,72.08,1,262.83,1,3,1,16.06,1,17,1,2.03,1,2025-10-02 4:00:00
2025-10-02,5:00:00,52.4,1,263.8,1,3,1,16.15,1,17,1,2.05,1,2025-10-02 5:00:00
2025-10-02,6:00:00,55.15,1,265.35,1,3,1,16.25,1,17,1,7.34,1,2025-10-02 6:00:00
2025-10-02,7:00:00,64.83,1,266.82,1,3,1,16.59,1,17,1,8,1,2025-10-02 7:00:00
2025-10-02,8:00:00,35.68,1,268.73,1,3,1,16.97,1,17,1,8.2,1,2025-10-02 8:00:00
2025-10-02,9:00:00,6.58,1,270.74,1,3,1,17.07,1,17,1,9.76,1,2025-10-02 9:00:00
2025-10-02,10:00:00,7.23,1,270.79,1,3.01,1,17.16,1,17,1,8.02,1,2025-10-02 10:00:00
2025-10-02,11:00:00,7.49,1,272.01,1,3,1,17.04,1,17,1,6.87,1,2025-10-02 11:00:00
2025-10-02,12:00:00,7.29,1,272.87,1,3,1,17.17,1,17,1,7.4,1,2025-10-02 12:00:00
2025-10-02,13:00:00,7.45,1,270.04,1,3,1,17.06,1,17,1,6.39,1,2025-10-02 13:00:00
2025-10-02,14:00:00,10.32,1,269.78,1,3,1,17.19,1,17,1,6.17,1,2025-10-02 14:00:00
2025-10-02,15:00:00,6.64,1,270.67,1,3,1,17.19,1,17,1,5.34,1,2025-10-02 15:00:00
2025-10-02,16:00:00,7.59,1,271.12,1,3,1,17.06,1,17,1,5.53,1,2025-10-02 16:00:00
2025-10-02,17:00:00,5.24,1,271.42,1,3,1,17.13,1,17,1,2.57,1,2025-10-02 17:00:00
2025-10-02,18:00:00,5.75,1,272.87,1,3,1,17.18,1,17,1,2.15,1,2025-10-02 18:00:00
2025-10-02,19:00:00,5.92,1,273.35,1,3,1,17.06,1,17,1,2.16,1,2025-10-02 19:00:00
2025-10-02,20:00:00,6.78,1,274.1,1,3.03,1,17.19,1,17,1,2.13,1,2025-10-02 20:00:00
2025-10-02,21:00:00,8.92,1,273.52,1,3,1,17.08,1,17,1,2.13,1,2025-10-02 21:00:00
2025-10-02,22:00:00,8.69,1,274.47,1,3,1,17.22,1,17,1,2.12,1,2025-10-02 22:00:00
2025-10-02,23:00:00,10.3,1,274.74,1,3,1,17.07,1,17,1,2.13,1,2025-10-02 23:00:00
2025-10-03,0:00:00,9.95,1,274.73,1,3,1,17.05,1,17,1,2.34,1,2025-10-03 0:00:00
2025-10-03,1:00:00,10.24,1,274.36,1,3,1,17.09,1,17,1,2.35,1,2025-10-03 1:00:00
2025-10-03,2:00:00,10.15,1,273.76,1,3,1,17.05,1,17,1,3.31,1,2025-10-03 2:00:00
2025-10-03,3:00:00,9.65,1,274.7,1,3.05,1,17.24,1,17,1,5.55,1,2025-10-03 3:00:00
2025-10-03,4:00:00,9.5,1,274.65,1,3,1,17.23,1,17,1,2.23,1,2025-10-03 4:00:00
2025-10-03,5:00:00,9.64,1,275.97,1,3,1,17.5,1,17,1,2.43,1,2025-10-03 5:00:00
2025-10-03,6:00:00,8.98,1,277.24,1,3.09,1,17.75,1,17,1,12.22,1,2025-10-03 6:00:00
2025-10-03,7:00:00,8.31,1,278.59,1,3,1,18.07,1,17,1,10.34,1,2025-10-03 7:00:00
2025-10-03,8:00:00,7.52,1,280.02,1,3,1,18.05,1,17,1,11.21,1,2025-10-03 8:00:00
2025-10-03,9:00:00,35.86,20.28,288.89,159.53,3,2.08,18.04,10.25,17,9.6,11.11,150.14,2025-10-03 9:00:00
2025-10-03,10:00:00,12.61,12.61,89.3,89.3,184.71,184.71,502.68,502.68,9.61,9.61,15.16,386.69,2025-10-03 10:00:00
2025-10-03,11:00:00,14.25,14.25,49.72,49.72,208.06,208.06,525.5,525.5,9.17,9.17,17.07,435.3,2025-10-03 11:00:00
2025-10-03,12:00:00,34.49,34.49,48.37,48.37,292.81,292.81,606.61,606.61,8.16,8.16,15.88,404.91,2025-10-03 12:00:00
2025-10-03,13:00:00,6.69,6.69,49.31,49.31,350.03,350.03,477.43,477.43,8.12,8.12,14.26,363.5,2025-10-03 13:00:00
2025-10-03,14:00:00,4.64,4.64,51.55,51.55,333.82,333.82,590.49,590.49,7.8,7.8,10.53,268.64,2025-10-03 14:00:00
2025-10-03,15:00:00,8.99,8.99,51.27,51.27,285.49,285.49,470.53,470.53,7.18,7.18,6.44,164.2,2025-10-03 15:00:00
2025-10-03,16:00:00,15.41,15.41,50.63,50.63,286.03,286.03,438.12,438.12,7.03,7.03,2.61,66.61,2025-10-03 16:00:00
2025-10-03,17:00:00,48.64,48.64,53.76,53.76,295.02,295.02,547.22,547.22,7.96,7.96,2.27,57.91,2025-10-03 17:00:00
2025-10-03,18:00:00,19.45,19.45,54.86,54.86,262.93,262.93,548.68,548.68,9.08,9.08,2.18,55.48,2025-10-03 18:00:00
2025-10-03,19:00:00,55.11,55.11,53.83,53.83,250.68,250.68,673.93,673.93,8.46,8.46,2.15,54.86,2025-10-03 19:00:00
2025-10-03,20:00:00,17.99,17.99,56.65,56.65,229.9,229.9,633.09,633.09,10,10,2.2,55.97,2025-10-03 20:00:00
2025-10-03,21:00:00,21.02,21.02,57.46,57.46,226.27,226.27,692.89,692.89,10,10,2.14,54.57,2025-10-03 21:00:00
2025-10-03,22:00:00,19.45,19.45,58.1,58.1,239.43,239.43,561.25,561.25,10.04,10.04,2.11,53.74,2025-10-03 22:00:00
2025-10-03,23:00:00,24.75,24.75,58.27,58.27,238.34,238.34,563.22,563.22,10,10,2.28,58.11,2025-10-03 23:00:00
2025-10-04,0:00:00,31.38,31.38,58,58,243.75,243.75,551.28,551.28,10,10,2.14,54.47,2025-10-04 0:00:00
2025-10-04,1:00:00,30.94,30.94,57.72,57.72,256.28,256.28,588.02,588.02,10,10,2.15,54.7,2025-10-04 1:00:00
2025-10-04,2:00:00,33.03,33.03,57.8,57.8,232.47,232.47,601.4,601.4,10,10,2.12,53.94,2025-10-04 2:00:00
2025-10-04,3:00:00,44.58,44.58,58.21,58.21,226.32,226.32,570.58,570.58,10,10,2.14,54.57,2025-10-04 3:00:00
2025-10-04,4:00:00,51.46,51.46,58.56,58.56,229.19,229.19,544.42,544.42,9.94,9.94,2.09,53.34,2025-10-04 4:00:00
2025-10-04,5:00:00,50.54,50.54,55.94,55.94,243.46,243.46,569.35,569.35,8.87,8.87,3.8,96.83,2025-10-04 5:00:00
2025-10-04,6:00:00,62.67,62.67,56.44,56.44,249.31,249.31,576.64,576.64,8.64,8.64,7.85,200.05,2025-10-04 6:00:00
2025-10-04,7:00:00,42.52,42.52,59.75,59.75,236.37,236.37,519.73,519.73,10,10,8.57,218.43,2025-10-04 7:00:00
2025-10-04,8:00:00,41.73,41.73,57.68,57.68,245.21,245.21,557.11,557.11,9.34,9.34,10.29,262.31,2025-10-04 8:00:00
2025-10-04,9:00:00,85.07,85.07,55.82,55.82,267.51,267.51,606.97,606.97,8.47,8.47,16.38,417.74,2025-10-04 9:00:00
2025-10-04,10:00:00,21.72,21.72,58.48,58.48,243.44,243.44,574.83,574.83,9.83,9.83,16.59,423.1,2025-10-04 10:00:00
2025-10-04,11:00:00,12.06,12.06,58.53,58.53,234.2,234.2,662.16,662.16,10,10,15.37,391.92,2025-10-04 11:00:00
2025-10-04,12:00:00,12.58,12.58,58.6,58.6,214.55,214.55,729.1,729.1,9.97,9.97,12.87,328.22,2025-10-04 12:00:00
2025-10-04,13:00:00,14.1,14.1,58.32,58.32,224.9,224.9,554.62,554.62,10,10,11.09,282.89,2025-10-04 13:00:00
2025-10-04,14:00:00,14.44,14.44,58.08,58.08,227.57,227.57,554.93,554.93,10,10,9.37,239.01,2025-10-04 14:00:00
2025-10-04,15:00:00,14.11,14.11,58.22,58.22,213.56,213.56,608.76,608.76,10,10,6.15,156.88,2025-10-04 15:00:00
2025-10-04,16:00:00,14.38,14.38,58.51,58.51,203.8,203.8,685.13,685.13,10,10,2.15,54.87,2025-10-04 16:00:00
2025-10-04,17:00:00,13.25,13.25,59.78,59.78,199.34,199.34,800.08,800.08,10,10,2.13,54.41,2025-10-04 17:00:00
2025-10-04,18:00:00,12.99,12.99,57.66,57.66,210.9,210.9,602.59,602.59,10.04,10.04,3.27,83.32,2025-10-04 18:00:00
2025-10-04,19:00:00,18.19,18.19,57.62,57.62,222.87,222.87,537.15,537.15,10,10,2.67,68.19,2025-10-04 19:00:00
2025-10-04,20:00:00,19.4,19.4,57.64,57.64,228.38,228.38,526.63,526.63,10,10,2.05,52.22,2025-10-04 20:00:00
2025-10-04,21:00:00,17.83,17.83,58.05,58.05,237.57,237.57,476.13,476.13,10,10,2.06,52.49,2025-10-04 21:00:00
2025-10-04,22:00:00,20.08,20.08,57.9,57.9,226.1,226.1,524.95,524.95,10,10,2.04,52.14,2025-10-04 22:00:00
2025-10-04,23:00:00,34.41,34.41,57.62,57.62,225.81,225.81,624.49,624.49,9.88,9.88,2.04,51.9,2025-10-04 23:00:00
2025-10-05,0:00:00,45.32,45.32,57.86,57.86,221.75,221.75,688.26,688.26,9.76,9.76,2.89,73.58,2025-10-05 0:00:00
2025-10-05,1:00:00,40.73,40.73,57.65,57.65,217.57,217.57,634.59,634.59,9.97,9.97,5.71,145.58,2025-10-05 1:00:00
2025-10-05,2:00:00,41.05,41.05,57.55,57.55,212.62,212.62,674.72,674.72,9.86,9.86,5.76,147.01,2025-10-05 2:00:00
2025-10-05,3:00:00,50.13,50.13,57.85,57.85,212.77,212.77,702.53,702.53,9.66,9.66,12.42,316.8,2025-10-05 3:00:00
2025-10-05,4:00:00,49.1,49.1,58.08,58.08,215.34,215.34,590.77,590.77,10,10,4.68,119.37,2025-10-05 4:00:00
2025-10-05,5:00:00,45.36,45.36,58.61,58.61,206.81,206.81,601.93,601.93,10.01,10.01,2.05,52.24,2025-10-05 5:00:00
2025-10-05,6:00:00,39.3,39.3,58.17,58.17,198.55,198.55,671.34,671.34,10,10,3.28,83.66,2025-10-05 6:00:00
2025-10-05,7:00:00,43.76,43.76,58.52,58.52,204.25,204.25,609.46,609.46,10,10,3.45,88.04,2025-10-05 7:00:00
2025-10-05,8:00:00,48.67,48.67,58.8,58.8,221.41,221.41,577.18,577.18,9.92,9.92,2.04,51.99,2025-10-05 8:00:00
2025-10-05,9:00:00,57.39,57.39,59.25,59.25,230.99,230.99,463.28,463.28,10,10,2.23,56.79,2025-10-05 9:00:00
2025-10-05,10:00:00,60.19,60.19,59.22,59.22,221.13,221.13,492.33,492.33,9.99,9.99,6.01,153.37,2025-10-05 10:00:00
2025-10-05,11:00:00,53.16,53.16,58.76,58.76,215.89,215.89,481.17,481.17,10,10,7.24,184.67,2025-10-05 11:00:00
2025-10-05,12:00:00,71.14,71.14,58.55,58.55,213.57,213.57,510.55,510.55,9.97,9.97,8.76,223.48,2025-10-05 12:00:00
2025-10-05,13:00:00,98.89,98.89,58.31,58.31,220.54,220.54,513.02,513.02,9.93,9.93,10.59,270.15,2025-10-05 13:00:00
2025-10-05,14:00:00,48.8,48.8,57.73,57.73,213.88,213.88,508.64,508.64,9.98,9.98,11.05,281.85,2025-10-05 14:00:00
2025-10-05,15:00:00,20.34,20.34,58.1,58.1,208.74,208.74,571.93,571.93,9.79,9.79,8.95,228.13,2025-10-05 15:00:00
2025-10-05,16:00:00,68.75,68.75,57.73,57.73,215.98,215.98,560.82,560.82,9.37,9.37,7.77,198.12,2025-10-05 16:00:00
2025-10-05,17:00:00,65.48,65.48,59.1,59.1,211.94,211.94,682.92,682.92,9.48,9.48,3.56,90.74,2025-10-05 17:00:00
2025-10-05,18:00:00,46.05,46.05,58.93,58.93,219.69,219.69,609.34,609.34,9.67,9.67,6.26,159.64,2025-10-05 18:00:00
2025-10-05,19:00:00,49.31,49.31,59.22,59.22,217.41,217.41,621.34,621.34,9.67,9.67,7.7,196.47,2025-10-05 19:00:00
2025-10-05,20:00:00,49.63,49.63,59.08,59.08,215.82,215.82,614.73,614.73,9.48,9.48,3.07,78.22,2025-10-05 20:00:00
2025-10-05,21:00:00,42.93,42.93,58.84,58.84,217.33,217.33,597.9,597.9,9.6,9.6,2.05,52.34,2025-10-05 21:00:00
2025-10-05,22:00:00,40.81,40.81,59.08,59.08,224.69,224.69,570.03,570.03,9.74,9.74,2.05,52.25,2025-10-05 22:00:00
2025-10-05,23:00:00,42.5,42.5,59.26,59.26,221.26,221.26,569.96,569.96,9.78,9.78,4.7,119.97,2025-10-05 23:00:00
2025-10-06,0:00:00,34.07,34.07,58.93,58.93,228.76,228.76,553.46,553.46,9.79,9.79,6.28,160.18,2025-10-06 0:00:00
2025-10-06,1:00:00,29.97,29.97,59.05,59.05,222.44,222.44,597.24,597.24,9.62,9.62,6.94,176.95,2025-10-06 1:00:00
2025-10-06,2:00:00,35.12,35.12,59.8,59.8,228.33,228.33,636.04,636.04,9.78,9.78,7.81,199.25,2025-10-06 2:00:00
2025-10-06,3:00:00,31.43,31.43,58.94,58.94,239.12,239.12,492.4,492.4,9.98,9.98,7.57,193.15,2025-10-06 3:00:00
2025-10-06,4:00:00,41.1,41.1,55.61,55.61,242.88,242.88,523.89,523.89,8.88,8.88,8,204,2025-10-06 4:00:00
2025-10-06,5:00:00,67.3,67.3,57.02,57.02,242.22,242.22,502.48,502.48,9.1,9.1,8,204.04,2025-10-06 5:00:00
2025-10-06,6:00:00,41.82,41.82,59.23,59.23,242.32,242.32,464.19,464.19,10,10,11.38,290.24,2025-10-06 6:00:00
2025-10-06,7:00:00,48.2,48.2,60.13,60.13,240.84,240.84,471.91,471.91,10,10,9.27,236.31,2025-10-06 7:00:00
2025-10-06,8:00:00,51.41,51.41,60.24,60.24,249.2,249.2,482.52,482.52,9.62,9.62,7.7,196.31,2025-10-06 8:00:00
2025-10-06,9:00:00,47.96,47.96,60.47,60.47,245.18,245.18,545.36,545.36,9.8,9.8,6.74,171.8,2025-10-06 9:00:00
2025-10-06,10:00:00,43.13,43.13,60.25,60.25,233.14,233.14,612,612,9.65,9.65,8.96,228.58,2025-10-06 10:00:00
2025-10-06,11:00:00,32.18,32.18,59.88,59.88,240.13,240.13,535.28,535.28,9.78,9.78,9.79,249.77,2025-10-06 11:00:00
2025-10-06,12:00:00,32.2,32.2,60.5,60.5,225.64,225.64,614.44,614.44,9.64,9.64,8.74,222.75,2025-10-06 12:00:00
2025-10-06,13:00:00,38.25,38.25,61.19,61.19,215.33,215.33,788.77,788.77,9.46,9.46,7.03,179.38,2025-10-06 13:00:00
2025-10-06,14:00:00,33.57,33.57,60.03,60.03,226.26,226.26,597.26,597.26,9.76,9.76,5.53,140.99,2025-10-06 14:00:00
2025-10-06,15:00:00,31.04,31.04,59.34,59.34,220.71,220.71,640.08,640.08,9.63,9.63,5,127.4,2025-10-06 15:00:00
2025-10-06,16:00:00,31.26,31.26,59.1,59.1,228.86,228.86,598.19,598.19,9.53,9.53,2.11,53.79,2025-10-06 16:00:00
2025-10-06,17:00:00,31.98,31.98,59.33,59.33,237.92,237.92,593.43,593.43,9.47,9.47,2.1,53.62,2025-10-06 17:00:00
2025-10-06,18:00:00,33.62,33.62,59.34,59.34,244.32,244.32,562.72,562.72,9.57,9.57,2.12,54.18,2025-10-06 18:00:00
2025-10-06,19:00:00,36.68,36.68,58.77,58.77,254.47,254.47,535.18,535.18,9.53,9.53,2.09,53.19,2025-10-06 19:00:00
2025-10-06,20:00:00,51.02,51.02,60.25,60.25,244.56,244.56,627.72,627.72,9.71,9.71,2.27,57.89,2025-10-06 20:00:00
2025-10-06,21:00:00,42.2,42.2,58.96,58.96,240.79,240.79,584.63,584.63,9.75,9.75,4.48,114.22,2025-10-06 21:00:00
2025-10-06,22:00:00,27.27,27.27,58.8,58.8,233.97,233.97,544.16,544.16,10,10,5.49,139.97,2025-10-06 22:00:00
2025-10-06,23:00:00,26.67,26.67,58.72,58.72,233.37,233.37,532.74,532.74,9.88,9.88,5.7,145.45,2025-10-06 23:00:00
2025-10-07,0:00:00,31.09,31.09,58.8,58.8,241.04,241.04,512.71,512.71,10,10,6.06,154.61,2025-10-07 0:00:00
2025-10-07,1:00:00,27.63,27.63,59.04,59.04,239.51,239.51,497.31,497.31,9.99,9.99,6.02,153.59,2025-10-07 1:00:00
2025-10-07,2:00:00,23.12,23.12,59.18,59.18,241.58,241.58,528.84,528.84,9.98,9.98,6,153.11,2025-10-07 2:00:00
2025-10-07,3:00:00,23.33,23.33,58.91,58.91,245.4,245.4,489.87,489.87,10,10,6.09,155.23,2025-10-07 3:00:00
2025-10-07,4:00:00,28.66,28.66,59.27,59.27,246.57,246.57,488.74,488.74,9.97,9.97,6.86,174.84,2025-10-07 4:00:00
2025-10-07,5:00:00,27.33,27.33,59.08,59.08,244.57,244.57,566.85,566.85,9.99,9.99,7,178.47,2025-10-07 5:00:00
2025-10-07,6:00:00,25.88,25.88,59.41,59.41,241.28,241.28,596.93,596.93,9.97,9.97,7.01,178.64,2025-10-07 6:00:00
2025-10-07,7:00:00,32.41,32.41,59.59,59.59,240.06,240.06,592.56,592.56,9.97,9.97,6.18,157.58,2025-10-07 7:00:00
2025-10-07,8:00:00,56.2,56.2,55.27,55.27,270.01,270.01,594.61,594.61,8.26,8.26,10.98,279.95,2025-10-07 8:00:00
2025-10-07,9:00:00,73.52,73.52,54.44,54.44,264.62,264.62,633.98,633.98,7.87,7.87,13.52,344.83,2025-10-07 9:00:00
2025-10-07,10:00:00,64.05,64.05,54.19,54.19,266.02,266.02,616.96,616.96,7.95,7.95,12.17,310.33,2025-10-07 10:00:00
2025-10-07,11:00:00,64.98,64.98,53.53,53.53,264.97,264.97,688.13,688.13,7.87,7.87,14.21,362.36,2025-10-07 11:00:00
2025-10-07,12:00:00,54.18,54.18,53.01,53.01,263.83,263.83,665.93,665.93,7.92,7.92,13.92,355.02,2025-10-07 12:00:00
2025-10-07,13:00:00,60.81,60.81,53.27,53.27,256.81,256.81,671.53,671.53,7.8,7.8,12.11,308.69,2025-10-07 13:00:00
2025-10-07,14:00:00,72.88,72.88,54.14,54.14,264,264,673.99,673.99,7.99,7.99,10.26,261.63,2025-10-07 14:00:00
2025-10-07,15:00:00,81.61,81.61,54.66,54.66,260.36,260.36,565.78,565.78,8.06,8.06,9.17,233.76,2025-10-07 15:00:00
2025-10-07,16:00:00,50.95,50.95,54.82,54.82,253.93,253.93,549.56,549.56,8.13,8.13,6.73,171.7,2025-10-07 16:00:00
2025-10-07,17:00:00,42.01,42.01,54.19,54.19,255.01,255.01,583.03,583.03,8.04,8.04,2.37,60.31,2025-10-07 17:00:00
2025-10-07,18:00:00,53.53,53.53,54.74,54.74,264.57,264.57,559.87,559.87,8.25,8.25,2.22,56.65,2025-10-07 18:00:00
2025-10-07,19:00:00,58.47,58.47,54.49,54.49,268.23,268.23,601.15,601.15,8.32,8.32,2.32,59.17,2025-10-07 19:00:00
2025-10-07,20:00:00,62.62,62.62,54.49,54.49,272.62,272.62,588.55,588.55,8.2,8.2,2.33,59.35,2025-10-07 20:00:00
2025-10-07,21:00:00,59.2,59.2,54.96,54.96,268.65,268.65,581.22,581.22,8.33,8.33,2.26,57.6,2025-10-07 21:00:00
2025-10-07,22:00:00,77.4,77.4,55.61,55.61,259.18,259.18,589.48,589.48,8.54,8.54,2.28,58.25,2025-10-07 22:00:00
2025-10-07,23:00:00,95.35,95.35,56.64,56.64,254.15,254.15,547.34,547.34,8.64,8.64,2.25,57.47,2025-10-07 23:00:00
2025-10-08,0:00:00,91.39,91.39,55.25,55.25,237.54,237.54,646.88,646.88,7.99,7.99,6.94,176.85,2025-10-08 0:00:00
2025-10-08,1:00:00,85.64,85.64,58.92,58.92,226.37,226.37,581.1,581.1,9.62,9.62,8.58,218.91,2025-10-08 1:00:00
2025-10-08,2:00:00,49.56,49.56,59.75,59.75,211.84,211.84,572.59,572.59,10,10,2.56,65.27,2025-10-08 2:00:00
2025-10-08,3:00:00,49.76,49.76,59.6,59.6,216.37,216.37,575.48,575.48,9.97,9.97,8.29,211.4,2025-10-08 3:00:00
2025-10-08,4:00:00,61.75,61.75,59.85,59.85,214.62,214.62,566.61,566.61,10,10,12.22,311.59,2025-10-08 4:00:00
2025-10-08,5:00:00,64.09,64.09,59.82,59.82,212.2,212.2,550.73,550.73,9.72,9.72,11.95,304.69,2025-10-08 5:00:00
2025-10-08,6:00:00,78.18,78.18,54.8,54.8,238.95,238.95,595.43,595.43,7.48,7.48,10.05,256.3,2025-10-08 6:00:00
2025-10-08,7:00:00,89.58,89.58,55.51,55.51,235.46,235.46,585.31,585.31,7.57,7.57,4.11,104.91,2025-10-08 7:00:00
2025-10-08,8:00:00,94.19,94.19,61.56,61.56,219.06,219.06,508.33,508.33,10,10,2.23,56.87,2025-10-08 8:00:00
2025-10-08,9:00:00,104.87,104.87,61.72,61.72,214.01,214.01,542.71,542.71,10,10,5.74,146.49,2025-10-08 9:00:00
2025-10-08,10:00:00,92.05,92.05,57.62,57.62,229.43,229.43,524.29,524.29,8.71,8.71,9.07,231.39,2025-10-08 10:00:00
2025-10-08,11:00:00,81.13,81.13,55.75,55.75,238.73,238.73,573.65,573.65,8,8,11.05,281.67,2025-10-08 11:00:00
2025-10-08,12:00:00,55.02,55.02,56.16,56.16,232.53,232.53,570.93,570.93,8.02,8.02,12.11,308.68,2025-10-08 12:00:00
2025-10-08,13:00:00,59.09,59.09,54.89,54.89,249.08,249.08,529.94,529.94,8,8,10.45,266.57,2025-10-08 13:00:00
2025-10-08,14:00:00,71.47,71.47,55.05,55.05,237.96,237.96,559.86,559.86,8,8,10,255.09,2025-10-08 14:00:00
2025-10-08,15:00:00,72.71,72.71,54.92,54.92,230.99,230.99,589.76,589.76,8,8,10.24,261.14,2025-10-08 15:00:00
2025-10-08,16:00:00,78.31,78.31,54.78,54.78,233.48,233.48,605.24,605.24,8,8,9.8,249.98,2025-10-08 16:00:00
2025-10-08,17:00:00,68.86,68.86,54.54,54.54,247.66,247.66,609.26,609.26,7.98,7.98,2.25,57.48,2025-10-08 17:00:00
2025-10-08,18:00:00,67.54,67.54,54.02,54.02,262.33,262.33,561.67,561.67,8.04,8.04,2.35,59.83,2025-10-08 18:00:00
2025-10-08,19:00:00,56.21,55.59,53.22,52.57,263.02,259.82,602.13,595.25,7.95,7.86,2.43,61.13,2025-10-08 19:00:00
2025-10-08,20:00:00,52.98,1,53.17,1,259.47,1,591.25,1,8,1,2.39,1,2025-10-08 20:00:00
2025-10-08,21:00:00,45.5,1,53.38,1,262.9,1,615.92,1,8,1,3.74,1,2025-10-08 21:00:00
2025-10-08,22:00:00,40.92,5.18,53.15,5.61,259.59,23.79,609.31,57.72,8,1.61,2.32,6.04,2025-10-08 22:00:00
2025-10-08,23:00:00,55.66,55.66,53.48,53.48,254.53,254.53,702.34,702.34,7.99,7.99,2.33,59.39,2025-10-08 23:00:00
2025-10-09,0:00:00,101.27,101.27,59.77,59.77,220.92,220.92,639.84,639.84,9.86,9.86,2.52,64.34,2025-10-09 0:00:00
2025-10-09,1:00:00,84.62,84.62,59.67,59.67,211.28,211.28,627.87,627.87,10,10,2.89,73.72,2025-10-09 1:00:00
2025-10-09,2:00:00,75.97,75.97,59.9,59.9,217.17,217.17,649.13,649.13,10,10,4.51,114.99,2025-10-09 2:00:00
2025-10-09,3:00:00,47.86,47.86,60.25,60.25,206.52,206.52,689.73,689.73,10,10,4.5,114.77,2025-10-09 3:00:00
2025-10-09,4:00:00,36.2,36.2,61.79,61.79,203.31,203.31,607.1,607.1,10,10,5.42,138.15,2025-10-09 4:00:00
2025-10-09,5:00:00,43.72,43.72,62.26,62.26,218.94,218.94,569.28,569.28,10,10,6,153.02,2025-10-09 5:00:00
2025-10-09,6:00:00,52.88,52.88,63.3,63.3,212.22,212.22,614.59,614.59,10,10,7.37,187.83,2025-10-09 6:00:00
2025-10-09,7:00:00,45.52,45.52,63.96,63.96,198,198,616.53,616.53,10,10,5.97,152.16,2025-10-09 7:00:00
2025-10-09,8:00:00,59.16,59.16,64.12,64.12,215.55,215.55,597.06,597.06,10,10,6.14,156.65,2025-10-09 8:00:00
2025-10-09,9:00:00,70.84,70.84,64.01,64.01,237.09,237.09,693.57,693.57,10,10,10.47,267.1,2025-10-09 9:00:00
2025-10-09,10:00:00,66,66,63.66,63.66,242.71,242.71,586.67,586.67,10,10,10.93,278.6,2025-10-09 10:00:00
2025-10-09,11:00:00,64.8,64.8,63.09,63.09,239.2,239.2,583.16,583.16,9.91,9.91,13.28,338.75,2025-10-09 11:00:00
2025-10-09,12:00:00,47.27,47.27,63.15,63.15,233.42,233.42,600.03,600.03,9.84,9.84,15.67,399.46,2025-10-09 12:00:00
2025-10-09,13:00:00,41.07,41.07,62.5,62.5,224.79,224.79,596.9,596.9,9.83,9.83,14.43,367.91,2025-10-09 13:00:00
2025-10-09,14:00:00,62.51,62.51,62.64,62.64,229.4,229.4,614.3,614.3,9.75,9.75,12.23,311.74,2025-10-09 14:00:00
2025-10-09,15:00:00,57.96,57.96,63.09,63.09,239.99,239.99,585.41,585.41,9.95,9.95,9.47,241.6,2025-10-09 15:00:00
2025-10-09,16:00:00,63.38,63.38,62.73,62.73,236.8,236.8,571.27,571.27,10,10,7.87,200.76,2025-10-09 16:00:00
2025-10-09,17:00:00,58.3,58.3,62.54,62.54,247.29,247.29,547.48,547.48,9.96,9.96,2.39,60.95,2025-10-09 17:00:00
2025-10-09,18:00:00,65.07,65.07,62.96,62.96,248.33,248.33,534.69,534.69,10.04,10.04,2.34,59.68,2025-10-09 18:00:00
2025-10-09,19:00:00,55.21,55.21,63.09,63.09,253.8,253.8,538.96,538.96,10,10,2.32,59.26,2025-10-09 19:00:00
2025-10-09,20:00:00,52.38,52.38,62.89,62.89,257.34,257.34,535.88,535.88,10,10,2.29,58.5,2025-10-09 20:00:00
2025-10-09,21:00:00,43.76,43.76,61.83,61.83,243.49,243.49,547.94,547.94,10,10,2.24,57.14,2025-10-09 21:00:00
2025-10-09,22:00:00,39.54,39.54,62.82,62.82,233.88,233.88,541.39,541.39,10,10,2.2,56.15,2025-10-09 22:00:00
2025-10-09,23:00:00,35.99,35.99,63.67,63.67,238.19,238.19,541.18,541.18,10,10,2.09,53.32,2025-10-09 23:00:00
2025-10-10,0:00:00,26.17,26.17,63.35,63.35,235.92,235.92,543.35,543.35,10,10,2.14,54.52,2025-10-10 0:00:00
2025-10-10,1:00:00,46.2,46.2,63.33,63.33,240.38,240.38,526.92,526.92,10,10,2.07,52.85,2025-10-10 1:00:00
2025-10-10,2:00:00,41.18,41.18,63.88,63.88,236.1,236.1,536.4,536.4,10,10,2.07,52.74,2025-10-10 2:00:00
2025-10-10,3:00:00,47.51,47.51,63.8,63.8,236.77,236.77,530.06,530.06,10,10,2.07,52.81,2025-10-10 3:00:00
2025-10-10,4:00:00,62.9,62.9,63.18,63.18,253.52,253.52,499.11,499.11,10,10,2.35,59.89,2025-10-10 4:00:00
2025-10-10,5:00:00,41.51,41.51,62.31,62.31,244.07,244.07,496.5,496.5,10,10,3.89,99.14,2025-10-10 5:00:00
2025-10-10,6:00:00,29.87,29.87,62.46,62.46,242.66,242.66,492.8,492.8,10,10,7.39,188.51,2025-10-10 6:00:00
2025-10-10,7:00:00,37.16,37.16,62.62,62.62,250.41,250.41,484.59,484.59,10,10,6,153.11,2025-10-10 7:00:00
2025-10-10,8:00:00,37.42,37.42,62.37,62.37,252.45,252.45,484.61,484.61,10,10,7.81,199.14,2025-10-10 8:00:00
2025-10-10,9:00:00,26.86,26.86,62.45,62.45,243.73,243.73,500.42,500.42,10,10,9.64,245.72,2025-10-10 9:00:00
2025-10-10,10:00:00,34.65,34.65,63.02,63.02,248.92,248.92,481.61,481.61,10,10,9.89,252.08,2025-10-10 10:00:00
2025-10-10,11:00:00,49.28,49.28,63.37,63.37,256.81,256.81,483.63,483.63,10,10,11.2,285.69,2025-10-10 11:00:00
2025-10-10,12:00:00,52.47,52.47,63.47,63.47,257.43,257.43,494.68,494.68,10,10,9.17,233.71,2025-10-10 12:00:00
2025-10-10,13:00:00,40.67,40.67,63.3,63.3,249.51,249.51,499.54,499.54,10,10,7.5,191.19,2025-10-10 13:00:00
2025-10-10,14:00:00,35.81,35.81,62.34,62.34,231.78,231.78,554.65,554.65,9.77,9.77,5.08,129.6,2025-10-10 14:00:00
2025-10-10,15:00:00,55.94,55.94,56.16,56.16,276.39,276.39,591.14,591.14,7.1,7.1,4.73,120.68,2025-10-10 15:00:00
2025-10-10,16:00:00,63.58,63.58,56.66,56.66,284.65,284.65,583.78,583.78,7.47,7.47,3.6,91.71,2025-10-10 16:00:00
2025-10-10,17:00:00,86.46,86.46,61.11,61.11,269.82,269.82,539.44,539.44,9.09,9.09,2.69,68.62,2025-10-10 17:00:00
2025-10-10,18:00:00,47.92,47.92,63.38,63.38,239.79,239.79,522.27,522.27,10.05,10.05,2.35,59.92,2025-10-10 18:00:00
2025-10-10,19:00:00,56.34,56.34,63.14,63.14,223.44,223.44,557.26,557.26,10,10,2.23,56.85,2025-10-10 19:00:00
2025-10-10,20:00:00,64.32,64.32,63.45,63.45,226.06,226.06,542.93,542.93,10,10,2.19,55.73,2025-10-10 20:00:00
2025-10-10,21:00:00,91.25,91.25,63.53,63.53,240.87,240.87,523.4,523.4,9.99,9.99,2.06,52.61,2025-10-10 21:00:00
2025-10-10,22:00:00,45.35,45.35,63.17,63.17,234.75,234.75,528.17,528.17,10,10,2.05,52.3,2025-10-10 22:00:00
2025-10-10,23:00:00,33.41,33.41,62.51,62.51,227.53,227.53,547.34,547.34,10,10,2.08,53.1,2025-10-10 23:00:00
2025-10-11,0:00:00,52.81,52.81,62.92,62.92,212.46,212.46,585.34,585.34,10,10,3.18,81.09,2025-10-11 0:00:00
2025-10-11,1:00:00,47.2,47.2,62.08,62.08,221.41,221.41,540.92,540.92,10,10,3.29,83.92,2025-10-11 1:00:00
2025-10-11,2:00:00,66.46,66.46,62.38,62.38,239.77,239.77,524.52,524.52,10,10,2.1,53.49,2025-10-11 2:00:00
2025-10-11,3:00:00,96.68,96.68,62.5,62.5,230.64,230.64,540.09,540.09,10,10,3.11,79.27,2025-10-11 3:00:00
2025-10-11,4:00:00,102.26,102.26,62.77,62.77,232.58,232.58,566.01,566.01,10,10,3.55,90.48,2025-10-11 4:00:00
2025-10-11,5:00:00,83.6,83.6,62.46,62.46,237.31,237.31,565.39,565.39,10,10,2.39,61,2025-10-11 5:00:00
2025-10-11,6:00:00,51.04,51.04,62.46,62.46,235.79,235.79,557.03,557.03,10,10,10.28,262.02,2025-10-11 6:00:00
2025-10-11,7:00:00,26.09,26.09,61.86,61.86,223.99,223.99,564.91,564.91,10,10,7.55,192.41,2025-10-11 7:00:00
2025-10-11,8:00:00,43.76,43.76,59.98,59.98,255.44,255.44,520.85,520.85,9.26,9.26,7.14,182,2025-10-11 8:00:00
2025-10-11,9:00:00,54.92,54.92,56.67,56.67,268.9,268.9,565.77,565.77,7.92,7.92,8.34,212.72,2025-10-11 9:00:00
2025-10-11,10:00:00,68.83,68.83,59.09,59.09,283.29,283.29,513.91,513.91,8.65,8.65,8.84,225.36,2025-10-11 10:00:00
2025-10-11,11:00:00,39.82,39.82,62.97,62.97,256.14,256.14,506.09,506.09,10,10,6.98,177.96,2025-10-11 11:00:00
2025-10-11,12:00:00,47.82,47.82,62.36,62.36,249.6,249.6,489.8,489.8,10,10,5.55,141.61,2025-10-11 12:00:00
2025-10-11,13:00:00,37.86,37.86,62.26,62.26,253.99,253.99,487.5,487.5,10,10,5.33,135.79,2025-10-11 13:00:00
2025-10-11,14:00:00,33.17,33.17,62.26,62.26,257.24,257.24,496.77,496.77,10,10,6.25,159.36,2025-10-11 14:00:00
2025-10-11,15:00:00,22.07,22.07,62.41,62.41,253.23,253.23,507.05,507.05,10,10,5.83,148.74,2025-10-11 15:00:00
2025-10-11,16:00:00,24.45,24.45,62.21,62.21,259.45,259.45,489.44,489.44,10,10,4.86,123.9,2025-10-11 16:00:00
2025-10-11,17:00:00,31.05,31.05,62.31,62.31,265.39,265.39,492.27,492.27,10,10,2.86,72.99,2025-10-11 17:00:00
2025-10-11,18:00:00,23.96,23.96,61.93,61.93,271.64,271.64,489.97,489.97,10.05,10.05,2.34,59.69,2025-10-11 18:00:00
2025-10-11,19:00:00,24.72,24.72,61.27,61.27,283.27,283.27,463.71,463.71,10,10,2.24,57.16,2025-10-11 19:00:00
2025-10-11,20:00:00,28.88,28.88,61.56,61.56,284.31,284.31,493.71,493.71,10,10,2.19,55.97,2025-10-11 20:00:00
2025-10-11,21:00:00,30.5,30.5,61.2,61.2,289.19,289.19,470.83,470.83,10,10,2.22,56.67,2025-10-11 21:00:00
2025-10-11,22:00:00,35.56,35.56,61.05,61.05,295.57,295.57,468.26,468.26,10,10,2.29,58.32,2025-10-11 22:00:00
2025-10-11,23:00:00,42.04,42.04,60.78,60.78,295.44,295.44,464.15,464.15,10,10,2.55,65.03,2025-10-11 23:00:00
2025-10-12,0:00:00,55.09,55.09,60.67,60.67,275.54,275.54,457.69,457.69,10,10,3.59,91.6,2025-10-12 0:00:00
2025-10-12,1:00:00,58.43,58.43,60.58,60.58,269.49,269.49,464.46,464.46,10,10,3,76.43,2025-10-12 1:00:00
2025-10-12,2:00:00,47.77,47.77,60.47,60.47,255.5,255.5,474.63,474.63,9.98,9.98,5.74,146.38,2025-10-12 2:00:00
2025-10-12,3:00:00,31.92,31.92,60.27,60.27,265.09,265.09,436.63,436.63,10,10,2.26,57.7,2025-10-12 3:00:00
2025-10-12,4:00:00,37.53,37.53,60.21,60.21,254.73,254.73,456.72,456.72,10,10,3.04,77.62,2025-10-12 4:00:00
2025-10-12,5:00:00,49.64,49.64,59.75,59.75,269.82,269.82,431.03,431.03,10,10,4.12,105,2025-10-12 5:00:00
2025-10-12,6:00:00,47.24,47.24,59.89,59.89,277.78,277.78,422.53,422.53,10,10,9.96,254.01,2025-10-12 6:00:00
2025-10-12,7:00:00,43.34,43.34,60.16,60.16,276.98,276.98,422.04,422.04,10,10,7.95,202.67,2025-10-12 7:00:00
2025-10-12,8:00:00,45.75,45.75,59.98,59.98,275.68,275.68,426.32,426.32,10,10,6.55,167.08,2025-10-12 8:00:00
2025-10-12,9:00:00,29.3,29.3,59.37,59.37,272.46,272.46,420.06,420.06,10,10,8.82,225.04,2025-10-12 9:00:00
2025-10-12,10:00:00,29.51,29.51,59.58,59.58,266.85,266.85,433.33,433.33,10,10,9.35,238.51,2025-10-12 10:00:00
2025-10-12,11:00:00,56.45,56.45,59.64,59.64,268.32,268.32,440.34,440.34,10,10,7.66,195.44,2025-10-12 11:00:00
2025-10-12,12:00:00,21.62,21.62,59.29,59.29,267.92,267.92,437.25,437.25,10,10,6.67,170.08,2025-10-12 12:00:00
2025-10-12,13:00:00,16.18,16.18,59.02,59.02,269.48,269.48,440.27,440.27,10,10,6.58,167.85,2025-10-12 13:00:00
2025-10-12,14:00:00,11.05,11.05,58.75,58.75,258.76,258.76,477.72,477.72,10,10,2.48,63.28,2025-10-12 14:00:00
2025-10-12,15:00:00,12.17,12.17,58.71,58.71,263.14,263.14,443.75,443.75,10,10,4.68,119.36,2025-10-12 15:00:00
2025-10-12,16:00:00,24.98,24.98,59.3,59.3,268.13,268.13,472.42,472.42,10,10,2.27,57.9,2025-10-12 16:00:00
2025-10-12,17:00:00,23.03,23.03,58.16,58.16,241.33,241.33,488.36,488.36,10,10,2.03,51.77,2025-10-12 17:00:00
2025-10-12,18:00:00,21.52,21.52,58.82,58.82,249.94,249.94,445.55,445.55,10.05,10.05,2.05,52.23,2025-10-12 18:00:00
2025-10-12,19:00:00,20.01,20.01,58.56,58.56,255.16,255.16,438.32,438.32,10,10,2.05,52.25,2025-10-12 19:00:00
2025-10-12,20:00:00,15.07,15.07,58.13,58.13,236.67,236.67,488.11,488.11,10,10,2.05,52.18,2025-10-12 20:00:00
2025-10-12,21:00:00,15.4,15.4,58.72,58.72,240.26,240.26,494.7,494.7,10,10,2.05,52.21,2025-10-12 21:00:00
2025-10-12,22:00:00,12.87,12.87,58.36,58.36,237.8,237.8,477.82,477.82,10,10,2.05,52.36,2025-10-12 22:00:00
2025-10-12,23:00:00,12.83,12.83,58.16,58.16,227.63,227.63,476.7,476.7,10,10,2.06,52.48,2025-10-12 23:00:00
2025-10-13,0:00:00,19.91,19.91,58.32,58.32,218.4,218.4,477.36,477.36,10,10,2.6,66.19,2025-10-13 0:00:00
2025-10-13,1:00:00,30.25,30.25,58.17,58.17,226.27,226.27,443.81,443.81,10,10,3.65,93.08,2025-10-13 1:00:00
2025-10-13,2:00:00,80.53,80.53,58.61,58.61,236.87,236.87,430.58,430.58,10,10,4.01,102.22,2025-10-13 2:00:00
2025-10-13,3:00:00,92.76,92.76,58.95,58.95,247.03,247.03,415.69,415.69,10,10,4.27,108.92,2025-10-13 3:00:00
2025-10-13,4:00:00,52.34,52.34,58.5,58.5,253.26,253.26,425.76,425.76,10,10,4.14,105.53,2025-10-13 4:00:00
2025-10-13,5:00:00,42.04,42.04,58.31,58.31,236.46,236.46,436.18,436.18,10,10,4.31,109.98,2025-10-13 5:00:00
2025-10-13,6:00:00,35.4,35.4,58.32,58.32,245.76,245.76,411.37,411.37,10,10,10.25,261.47,2025-10-13 6:00:00
2025-10-13,7:00:00,60,60,59.44,59.44,247.71,247.71,460.61,460.61,10,10,8.55,218,2025-10-13 7:00:00
2025-10-13,8:00:00,42.95,42.95,58.21,58.21,251.53,251.53,434.89,434.89,10,10,7.22,184.05,2025-10-13 8:00:00
2025-10-13,9:00:00,44.4,44.4,58.63,58.63,256.51,256.51,446.7,446.7,10,10,7.71,196.53,2025-10-13 9:00:00
2025-10-13,10:00:00,39.12,39.12,58.43,58.43,261.4,261.4,474.29,474.29,10,10,7.07,180.34,2025-10-13 10:00:00
2025-10-13,11:00:00,33.97,33.97,58.8,58.8,274.55,274.55,435.81,435.81,10,10,6.74,171.82,2025-10-13 11:00:00
2025-10-13,12:00:00,54.06,54.06,56.18,56.18,280.8,280.8,442.67,442.67,8.92,8.92,6.17,157.29,2025-10-13 12:00:00
2025-10-13,13:00:00,52.4,52.4,59.05,59.05,247.09,247.09,467.91,467.91,9.96,9.96,7.02,178.94,2025-10-13 13:00:00
2025-10-13,14:00:00,29.16,29.16,58.63,58.63,229.14,229.14,471.45,471.45,10,10,5.16,131.49,2025-10-13 14:00:00
2025-10-13,15:00:00,24.94,24.94,58.41,58.41,203.54,203.54,524.99,524.99,10,10,2.05,52.35,2025-10-13 15:00:00
2025-10-13,16:00:00,30.38,30.38,58.06,58.06,219.23,219.23,489.78,489.78,9.6,9.6,2.31,58.88,2025-10-13 16:00:00
2025-10-13,17:00:00,31.08,31.08,58.53,58.53,223.79,223.79,420.7,420.7,10,10,2.65,67.47,2025-10-13 17:00:00
2025-10-13,18:00:00,29.71,29.71,58.72,58.72,209.31,209.31,505.84,505.84,10.04,10.04,2.4,61.21,2025-10-13 18:00:00
2025-10-13,19:00:00,28.94,28.94,58.18,58.18,207.32,207.32,510.1,510.1,10,10,2.02,51.51,2025-10-13 19:00:00
2025-10-13,20:00:00,24.92,24.92,58,58,203.66,203.66,556.41,556.41,10,10,2.03,51.8,2025-10-13 20:00:00
2025-10-13,21:00:00,27.84,27.84,58.21,58.21,214.29,214.29,447.1,447.1,10,10,2.03,51.66,2025-10-13 21:00:00
2025-10-13,22:00:00,24.18,24.18,58.06,58.06,215.91,215.91,460.49,460.49,10,10,2.02,51.39,2025-10-13 22:00:00
2025-10-13,23:00:00,40.02,40.02,58.27,58.27,219.76,219.76,420.89,420.89,10,10,2.02,51.41,2025-10-13 23:00:00
2025-10-14,0:00:00,37.51,37.51,58.22,58.22,215.7,215.7,408.02,408.02,10,10,2.12,54.19,2025-10-14 0:00:00
2025-10-14,1:00:00,46.64,46.64,58.01,58.01,217.22,217.22,415.65,415.65,10,10,3.07,78.29,2025-10-14 1:00:00
2025-10-14,2:00:00,41.93,41.93,57.96,57.96,214.89,214.89,412.24,412.24,10,10,3.37,85.87,2025-10-14 2:00:00
2025-10-14,3:00:00,48.74,48.74,58.31,58.31,227.03,227.03,390.81,390.81,10,10,6.73,171.56,2025-10-14 3:00:00
2025-10-14,4:00:00,45.06,45.06,58.72,58.72,234.39,234.39,407.13,407.13,10,10,2.01,51.35,2025-10-14 4:00:00
2025-10-14,5:00:00,48.12,48.12,58.59,58.59,234.56,234.56,423.13,423.13,10,10,2.25,57.5,2025-10-14 5:00:00
2025-10-14,6:00:00,42.11,42.11,58.42,58.42,250.74,250.74,405.99,405.99,10,10,10.24,261.02,2025-10-14 6:00:00
2025-10-14,7:00:00,39.19,39.19,58.66,58.66,241.91,241.91,407.17,407.17,10,10,8.99,229.32,2025-10-14 7:00:00
2025-10-14,8:00:00,45.98,45.98,58.58,58.58,248.91,248.91,403.35,403.35,10,10,7.29,185.8,2025-10-14 8:00:00
2025-10-14,9:00:00,45.78,45.78,58.2,58.2,255.15,255.15,402.26,402.26,9.71,9.71,9.19,234.3,2025-10-14 9:00:00
2025-10-14,10:00:00,56.67,56.67,55.16,55.16,255.32,255.32,444.02,444.02,8.34,8.34,9.94,253.45,2025-10-14 10:00:00
2025-10-14,11:00:00,41.93,41.93,55.11,55.11,267.22,267.22,425.25,425.25,8.07,8.07,7.51,191.52,2025-10-14 11:00:00
2025-10-14,12:00:00,46.42,46.42,54.79,54.79,272.58,272.58,412.95,412.95,8.44,8.44,6.06,154.45,2025-10-14 12:00:00
2025-10-14,13:00:00,25.42,25.42,53.49,53.49,271.02,271.02,442.53,442.53,8,8,7.46,190.35,2025-10-14 13:00:00
2025-10-14,14:00:00,69.67,69.67,56.77,56.77,228.78,228.78,503.85,503.85,9.34,9.34,6.84,174.34,2025-10-14 14:00:00
2025-10-14,15:00:00,44.89,44.89,58.84,58.84,221.97,221.97,510.82,510.82,10,10,3.86,98.54,2025-10-14 15:00:00
2025-10-14,16:00:00,29.3,29.3,58.57,58.57,212.05,212.05,492.78,492.78,10,10,2.02,51.46,2025-10-14 16:00:00
2025-10-14,17:00:00,39.51,39.51,58.69,58.69,216.66,216.66,510.94,510.94,10,10,2.03,51.65,2025-10-14 17:00:00
2025-10-14,18:00:00,52.43,52.43,59.12,59.12,221.99,221.99,473.62,473.62,10.04,10.04,2.03,51.86,2025-10-14 18:00:00
2025-10-14,19:00:00,35.91,35.91,58.76,58.76,215.3,215.3,471.71,471.71,10,10,2.02,51.53,2025-10-14 19:00:00
2025-10-14,20:00:00,31.01,31.01,58.62,58.62,215.84,215.84,481.03,481.03,10,10,2.02,51.63,2025-10-14 20:00:00
2025-10-14,21:00:00,35.69,35.69,58.44,58.44,217.31,217.31,476.43,476.43,10,10,2.01,51.28,2025-10-14 21:00:00
2025-10-14,22:00:00,53.82,53.82,58.55,58.55,218.64,218.64,476.25,476.25,10,10,2.02,51.52,2025-10-14 22:00:00
2025-10-14,23:00:00,60.54,60.54,58.59,58.59,210.91,210.91,513.43,513.43,9.94,9.94,3.6,91.92,2025-10-14 23:00:00
2025-10-15,0:00:00,61.3,61.3,58.4,58.4,216.16,216.16,490.42,490.42,9.99,9.99,3.38,86.19,2025-10-15 0:00:00
2025-10-15,1:00:00,62.41,62.41,58.56,58.56,212.4,212.4,482.38,482.38,10,10,5.49,139.89,2025-10-15 1:00:00
2025-10-15,2:00:00,55.38,55.38,58.88,58.88,218.97,218.97,474.35,474.35,10,10,4.29,109.3,2025-10-15 2:00:00
2025-10-15,3:00:00,61.99,61.99,58.89,58.89,203.2,203.2,522.54,522.54,10,10,2.04,51.98,2025-10-15 3:00:00
2025-10-15,4:00:00,65.99,65.99,59.12,59.12,195.59,195.59,592.02,592.02,9.84,9.84,3.32,84.62,2025-10-15 4:00:00
2025-10-15,5:00:00,96.17,96.17,59.25,59.25,213.26,213.26,546.56,546.56,9.58,9.58,3.55,90.56,2025-10-15 5:00:00
2025-10-15,6:00:00,55.92,55.92,59.85,59.85,228.74,228.74,475.88,475.88,10,10,8.47,215.95,2025-10-15 6:00:00
2025-10-15,7:00:00,47.58,47.58,59.27,59.27,231.95,231.95,465.07,465.07,10,10,7.55,192.49,2025-10-15 7:00:00
2025-10-15,8:00:00,52.02,52.02,59.11,59.11,240.6,240.6,474.06,474.06,10,10,7.57,192.99,2025-10-15 8:00:00
2025-10-15,9:00:00,68.89,68.89,59.78,59.78,219.33,219.33,510.39,510.39,10,10,10.73,273.57,2025-10-15 9:00:00
2025-10-15,10:00:00,59.85,59.85,60.37,60.37,233.45,233.45,484.67,484.67,10,10,8.71,222.07,2025-10-15 10:00:00
2025-10-15,11:00:00,56.64,56.64,60.29,60.29,223.7,223.7,506.15,506.15,9.99,9.99,7.86,200.33,2025-10-15 11:00:00
2025-10-15,12:00:00,51.34,51.34,59.99,59.99,230.57,230.57,499.16,499.16,9.99,9.99,7.22,184.06,2025-10-15 12:00:00
2025-10-15,13:00:00,57.07,57.07,59.6,59.6,228.85,228.85,505.79,505.79,9.99,9.99,4.48,114.23,2025-10-15 13:00:00
2025-10-15,14:00:00,61.51,61.51,59.66,59.66,210.48,210.48,523.25,523.25,10,10,2.02,51.56,2025-10-15 14:00:00
2025-10-15,15:00:00,50.9,50.9,59.3,59.3,199.79,199.79,531.04,531.04,9.98,9.98,2.2,56.2,2025-10-15 15:00:00
2025-10-15,16:00:00,52.99,52.99,59.5,59.5,205.76,205.76,537.14,537.14,9.75,9.75,2.05,52.21,2025-10-15 16:00:00
2025-10-15,17:00:00,45.28,45.28,59.7,59.7,217.97,217.97,575.74,575.74,9.76,9.76,2.25,57.42,2025-10-15 17:00:00
2025-10-15,18:00:00,41.27,41.27,60.05,60.05,216.81,216.81,538.03,538.03,9.89,9.89,2.02,51.45,2025-10-15 18:00:00
2025-10-15,19:00:00,60.25,60.25,57.91,57.91,259.29,259.29,503.69,503.69,9.09,9.09,2.02,51.62,2025-10-15 19:00:00
2025-10-15,20:00:00,38.46,38.46,59.96,59.96,226.72,226.72,567.99,567.99,9.92,9.92,2.73,69.57,2025-10-15 20:00:00
2025-10-15,21:00:00,57.91,57.91,57.46,57.46,254.47,254.47,558.02,558.02,9.06,9.06,2.57,65.64,2025-10-15 21:00:00
2025-10-15,22:00:00,68.78,68.78,56.9,56.9,248.54,248.54,569.53,569.53,8.88,8.88,2.02,51.55,2025-10-15 22:00:00
2025-10-15,23:00:00,53.96,53.96,53.88,53.88,254.07,254.07,587.45,587.45,7.92,7.92,2.01,51.13,2025-10-15 23:00:00
2025-10-16,0:00:00,46.31,46.31,53.8,53.8,242.82,242.82,582.7,582.7,7.92,7.92,2.01,51.18,2025-10-16 0:00:00
2025-10-16,1:00:00,51.25,51.25,53.99,53.99,244.98,244.98,611.2,611.2,7.88,7.88,2.01,51.26,2025-10-16 1:00:00
2025-10-16,2:00:00,47.5,47.5,53.9,53.9,235.76,235.76,605.95,605.95,7.91,7.91,2.98,76.01,2025-10-16 2:00:00
2025-10-16,3:00:00,83.86,83.86,58.17,58.17,226.37,226.37,518.93,518.93,9.27,9.27,2.34,59.63,2025-10-16 3:00:00
2025-10-16,4:00:00,45.87,45.87,59.41,59.41,220.71,220.71,526.26,526.26,10,10,2.43,62.06,2025-10-16 4:00:00
2025-10-16,5:00:00,48.05,48.05,59.55,59.55,217.15,217.15,543.72,543.72,10,10,3.8,96.79,2025-10-16 5:00:00
2025-10-16,6:00:00,48.82,48.82,60.1,60.1,219.6,219.6,548.88,548.88,10,10,10.58,269.86,2025-10-16 6:00:00
2025-10-16,7:00:00,51.12,51.12,59.97,59.97,204.63,204.63,577.12,577.12,10,10,8.34,212.68,2025-10-16 7:00:00
2025-10-16,8:00:00,53.33,53.33,59.8,59.8,209.14,209.14,570.78,570.78,10,10,6.99,178.29,2025-10-16 8:00:00
2025-10-16,9:00:00,43.95,43.95,59.74,59.74,206.56,206.56,614.57,614.57,10,10,8.59,218.99,2025-10-16 9:00:00
2025-10-16,10:00:00,39.86,39.86,60.07,60.07,206.41,206.41,576.35,576.35,9.97,9.97,8.82,224.81,2025-10-16 10:00:00
2025-10-16,11:00:00,49.21,49.21,60.19,60.19,214.77,214.77,529.32,529.32,9.99,9.99,7.64,194.82,2025-10-16 11:00:00
2025-10-16,12:00:00,45.43,45.43,60.12,60.12,209.45,209.45,552.35,552.35,9.99,9.99,8.13,207.23,2025-10-16 12:00:00
2025-10-16,13:00:00,44.14,44.14,60.44,60.44,208.63,208.63,553.91,553.91,9.95,9.95,8.47,215.89,2025-10-16 13:00:00
2025-10-16,14:00:00,56.31,56.31,60.32,60.32,207.26,207.26,555.82,555.82,9.75,9.75,7.45,189.94,2025-10-16 14:00:00
2025-10-16,15:00:00,63.94,63.94,60.01,60.01,201.06,201.06,558.88,558.88,9.96,9.96,4.39,111.93,2025-10-16 15:00:00
2025-10-16,16:00:00,66.03,66.03,59.5,59.5,208.57,208.57,530.73,530.73,9.88,9.88,2.57,65.49,2025-10-16 16:00:00
2025-10-16,17:00:00,62.84,62.84,59.12,59.12,209.64,209.64,530.04,530.04,9.97,9.97,2.02,51.42,2025-10-16 17:00:00
2025-10-16,18:00:00,76.01,76.01,59.47,59.47,216.01,216.01,631.42,631.42,9.69,9.69,2.03,51.87,2025-10-16 18:00:00
2025-10-16,19:00:00,57.75,57.75,59.43,59.43,214.81,214.81,569.11,569.11,10,10,2.03,51.71,2025-10-16 19:00:00
2025-10-16,20:00:00,63.68,63.68,58.75,58.75,205.83,205.83,587.26,587.26,9.93,9.93,2.03,51.75,2025-10-16 20:00:00
2025-10-16,21:00:00,54.68,54.68,58.77,58.77,214.24,214.24,592.42,592.42,9.82,9.82,2.06,52.64,2025-10-16 21:00:00
2025-10-16,22:00:00,60.99,60.99,58.8,58.8,195.71,195.71,646.6,646.6,10,10,2.05,52.2,2025-10-16 22:00:00
2025-10-16,23:00:00,62.11,62.11,58.77,58.77,202.02,202.02,606.02,606.02,9.86,9.86,2.04,52.09,2025-10-16 23:00:00
2025-10-17,0:00:00,69.49,69.49,58.91,58.91,212.65,212.65,575.2,575.2,9.97,9.97,2.56,65.27,2025-10-17 0:00:00
2025-10-17,1:00:00,59.32,59.32,58.97,58.97,217.43,217.43,621.71,621.71,9.97,9.97,3.21,81.75,2025-10-17 1:00:00
2025-10-17,2:00:00,56.42,56.42,58.91,58.91,200.75,200.75,663.39,663.39,9.97,9.97,4.06,103.62,2025-10-17 2:00:00
2025-10-17,3:00:00,61.42,61.42,58.68,58.68,215.13,215.13,576.38,576.38,9.99,9.99,2.94,74.86,2025-10-17 3:00:00
2025-10-17,4:00:00,65.45,65.45,58,58,217.13,217.13,606.57,606.57,9.97,9.97,2.01,51.38,2025-10-17 4:00:00
2025-10-17,5:00:00,59.77,59.77,58.05,58.05,223.98,223.98,585.13,585.13,9.98,9.98,2.56,65.29,2025-10-17 5:00:00
2025-10-17,6:00:00,63.24,63.24,54.12,54.12,247.34,247.34,651.13,651.13,8.18,8.18,10.21,260.47,2025-10-17 6:00:00
2025-10-17,7:00:00,55.79,55.79,53.57,53.57,254.54,254.54,675.61,675.61,7.94,7.94,10.26,261.7,2025-10-17 7:00:00
2025-10-17,8:00:00,51.33,51.33,53.27,53.27,248.13,248.13,603.03,603.03,7.99,7.99,7.97,203.19,2025-10-17 8:00:00
2025-10-17,9:00:00,50.1,50.1,53.74,53.74,248.99,248.99,611.77,611.77,8.15,8.15,9.04,230.42,2025-10-17 9:00:00
2025-10-17,10:00:00,43.91,43.91,53.31,53.31,238.1,238.1,632.97,632.97,8,8,8.02,204.46,2025-10-17 10:00:00
2025-10-17,11:00:00,43.91,43.91,53.35,53.35,250.92,250.92,626.01,626.01,8,8,6.15,156.76,2025-10-17 11:00:00
2025-10-17,12:00:00,42.52,42.52,53.17,53.17,242.57,242.57,609.66,609.66,8,8,7,178.43,2025-10-17 12:00:00
2025-10-17,13:00:00,42.22,42.22,53.04,53.04,239.74,239.74,608.58,608.58,8,8,5.43,138.44,2025-10-17 13:00:00
2025-10-17,14:00:00,67.41,67.41,53.82,53.82,228.56,228.56,577.35,577.35,8.34,8.34,4.1,104.55,2025-10-17 14:00:00
2025-10-17,15:00:00,100.04,100.04,58.14,58.14,204.26,204.26,545.38,545.38,9.99,9.99,2.04,52.1,2025-10-17 15:00:00
2025-10-17,16:00:00,61.29,61.29,57.19,57.19,199.88,199.88,666.56,666.56,9.95,9.95,2.04,52.08,2025-10-17 16:00:00
2025-10-17,17:00:00,63.32,63.32,56.99,56.99,201.1,201.1,705.16,705.16,9.9,9.9,2.06,52.43,2025-10-17 17:00:00
2025-10-17,18:00:00,56.19,56.19,57.59,57.59,206.64,206.64,705.48,705.48,9.87,9.87,2.07,52.79,2025-10-17 18:00:00
2025-10-17,19:00:00,42.35,42.35,57.13,57.13,200.86,200.86,758.71,758.71,9.94,9.94,2.04,52.07,2025-10-17 19:00:00
2025-10-17,20:00:00,59.77,59.77,56.6,56.6,202.15,202.15,686.09,686.09,9.59,9.59,2.02,51.6,2025-10-17 20:00:00
2025-10-17,21:00:00,43.28,43.28,56.89,56.89,196.3,196.3,699.02,699.02,9.83,9.83,2.02,51.49,2025-10-17 21:00:00
2025-10-17,22:00:00,91.28,91.28,56.89,56.89,192.49,192.49,732.52,732.52,9.61,9.61,2.02,51.39,2025-10-17 22:00:00
2025-10-17,23:00:00,48.33,48.33,55.88,55.88,198.35,198.35,727.1,727.1,9.45,9.45,2.02,51.45,2025-10-17 23:00:00
2025-10-18,0:00:00,34.62,34.62,55.6,55.6,202.76,202.76,807.1,807.1,9.61,9.61,5.25,133.98,2025-10-18 0:00:00
2025-10-18,1:00:00,22.75,22.75,56.27,56.27,198.68,198.68,805.88,805.88,9.79,9.79,11.1,283.08,2025-10-18 1:00:00
2025-10-18,2:00:00,13.89,13.89,56.16,56.16,182.29,182.29,763.27,763.27,9.71,9.71,5.99,152.73,2025-10-18 2:00:00
2025-10-18,3:00:00,13.99,13.99,56.07,56.07,183.15,183.15,662.67,662.67,9.48,9.48,2.04,52.12,2025-10-18 3:00:00
2025-10-18,4:00:00,18.65,18.65,56.34,56.34,204.05,204.05,546.91,546.91,9.75,9.75,2.04,51.97,2025-10-18 4:00:00
2025-10-18,5:00:00,24.86,24.86,56.63,56.63,213.93,213.93,444.61,444.61,9.97,9.97,2.48,63.26,2025-10-18 5:00:00
2025-10-18,6:00:00,21.1,21.1,56.61,56.61,207.08,207.08,563.25,563.25,9.94,9.94,10.78,274.92,2025-10-18 6:00:00
2025-10-18,7:00:00,18.74,18.74,56.41,56.41,186.74,186.74,612.84,612.84,9.83,9.83,8.16,208.17,2025-10-18 7:00:00
2025-10-18,8:00:00,47.33,47.33,56.55,56.55,198.26,198.26,548.08,548.08,9.61,9.61,7.63,194.56,2025-10-18 8:00:00
2025-10-18,9:00:00,46.43,46.43,57.24,57.24,195,195,576.96,576.96,9.93,9.93,9.01,229.85,2025-10-18 9:00:00
2025-10-18,10:00:00,45.78,45.78,58.01,58.01,201.48,201.48,532.08,532.08,9.98,9.98,8.81,224.63,2025-10-18 10:00:00
2025-10-18,11:00:00,45.19,45.19,55.03,55.03,214.1,214.1,514.14,514.14,8.67,8.67,8.94,227.87,2025-10-18 11:00:00
2025-10-18,12:00:00,69.38,69.38,57.42,57.42,190.31,190.31,529.27,529.27,9.54,9.54,8.89,226.65,2025-10-18 12:00:00
2025-10-18,13:00:00,38.96,38.96,57.73,57.73,208.93,208.93,451.11,451.11,10,10,8.95,228.11,2025-10-18 13:00:00
2025-10-18,14:00:00,35.04,35.04,57.54,57.54,209.99,209.99,501.1,501.1,10,10,11.2,285.66,2025-10-18 14:00:00
2025-10-18,15:00:00,33.25,33.25,57.1,57.1,217.16,217.16,436.19,436.19,10,10,11.74,299.49,2025-10-18 15:00:00
2025-10-18,16:00:00,38.94,38.94,57.24,57.24,204.09,204.09,494.37,494.37,9.99,9.99,5.78,147.45,2025-10-18 16:00:00
2025-10-18,17:00:00,33.74,33.74,56.76,56.76,197.3,197.3,525.35,525.35,10,10,4.2,107.02,2025-10-18 17:00:00
2025-10-18,18:00:00,29.23,29.23,57.01,57.01,192.39,192.39,594.82,594.82,9.99,9.99,2.98,75.87,2025-10-18 18:00:00
2025-10-18,19:00:00,34.97,34.97,56.84,56.84,199.28,199.28,544.8,544.8,9.91,9.91,2.04,52.06,2025-10-18 19:00:00
2025-10-18,20:00:00,41.39,41.39,57.06,57.06,204.38,204.38,544.01,544.01,9.97,9.97,2.28,58.02,2025-10-18 20:00:00
2025-10-18,21:00:00,41.64,41.64,57.07,57.07,209.42,209.42,488.15,488.15,10,10,5.01,127.69,2025-10-18 21:00:00
2025-10-18,22:00:00,34.93,34.93,57.32,57.32,199.06,199.06,544.25,544.25,9.99,9.99,9.01,229.64,2025-10-18 22:00:00
2025-10-18,23:00:00,32.8,32.8,57.04,57.04,194.94,194.94,586.1,586.1,9.9,9.9,7.88,200.84,2025-10-18 23:00:00
2025-10-19,0:00:00,22.27,22.27,56.59,56.59,185.09,185.09,610,610,9.93,9.93,3.62,92.26,2025-10-19 0:00:00
2025-10-19,1:00:00,25.05,25.05,57.03,57.03,191.68,191.68,592.39,592.39,9.92,9.92,2.01,51.13,2025-10-19 1:00:00
2025-10-19,2:00:00,30.82,30.82,56.75,56.75,195.49,195.49,445.76,445.76,10,10,2.01,51.22,2025-10-19 2:00:00
2025-10-19,3:00:00,35.41,35.41,56.02,56.02,204.42,204.42,482.04,482.04,9.71,9.71,2.72,69.45,2025-10-19 3:00:00
2025-10-19,4:00:00,14.51,14.51,55.19,55.19,197.87,197.87,584.35,584.35,9.19,9.19,2.27,57.91,2025-10-19 4:00:00
2025-10-19,5:00:00,13.28,13.28,55.22,55.22,191.45,191.45,563.62,563.62,9.32,9.32,2.03,51.73,2025-10-19 5:00:00
2025-10-19,6:00:00,26.31,26.31,56.23,56.23,208.86,208.86,520.32,520.32,9.66,9.66,12.69,323.63,2025-10-19 6:00:00
2025-10-19,7:00:00,46.9,46.9,57.36,57.36,207.8,207.8,541.07,541.07,9.74,9.74,3.12,79.64,2025-10-19 7:00:00
2025-10-19,8:00:00,27.15,27.15,56.64,56.64,208.17,208.17,550.07,550.07,9.6,9.6,2.03,51.69,2025-10-19 8:00:00
2025-10-19,9:00:00,38.42,38.42,56.75,56.75,210.88,210.88,568,568,9.61,9.61,3.29,83.85,2025-10-19 9:00:00
2025-10-19,10:00:00,52.63,52.63,56.93,56.93,207.56,207.56,551.14,551.14,9.55,9.55,9.01,229.81,2025-10-19 10:00:00
2025-10-19,11:00:00,49.36,49.36,57.01,57.01,201.63,201.63,549.31,549.31,9.52,9.52,13.46,343.22,2025-10-19 11:00:00
2025-10-19,12:00:00,34.67,34.67,56.73,56.73,198.34,198.34,608.46,608.46,9.57,9.57,11.9,303.53,2025-10-19 12:00:00
2025-10-19,13:00:00,32.26,32.26,56.01,56.01,209.41,209.41,613.46,613.46,9.4,9.4,9.67,246.64,2025-10-19 13:00:00
2025-10-19,14:00:00,43.85,43.85,51.59,51.59,233.58,233.58,757.23,757.23,7.4,7.4,8.62,219.94,2025-10-19 14:00:00
2025-10-19,15:00:00,39.08,39.08,51.61,51.61,231.42,231.42,766.51,766.51,7.54,7.54,7.41,188.95,2025-10-19 15:00:00
2025-10-19,16:00:00,42.69,42.69,51.61,51.61,225.12,225.12,699.77,699.77,7.62,7.62,5.17,131.82,2025-10-19 16:00:00
2025-10-19,17:00:00,31.16,31.16,51.68,51.68,229.15,229.15,629.84,629.84,7.84,7.84,2.04,52.12,2025-10-19 17:00:00
2025-10-19,18:00:00,39.08,39.08,51.81,51.81,225.82,225.82,654.86,654.86,8,8,2.08,52.97,2025-10-19 18:00:00
2025-10-19,19:00:00,49.64,49.64,51.3,51.3,226.94,226.94,568.08,568.08,7.99,7.99,2.44,62.28,2025-10-19 19:00:00
2025-10-19,20:00:00,50.85,50.85,51.74,51.74,232.37,232.37,523.35,523.35,8,8,3.66,93.27,2025-10-19 20:00:00
2025-10-19,21:00:00,52.97,52.97,52.66,52.66,223.69,223.69,493.67,493.67,8.2,8.2,5.46,139.3,2025-10-19 21:00:00
2025-10-19,22:00:00,47.35,47.35,51.47,51.47,216.75,216.75,529.49,529.49,7.95,7.95,4.29,109.32,2025-10-19 22:00:00
2025-10-19,23:00:00,60.68,60.68,52.08,52.08,218.93,218.93,531.81,531.81,8.19,8.19,3.79,96.73,2025-10-19 23:00:00
2025-10-20,0:00:00,40.07,40.07,55.86,55.86,206.48,206.48,525.5,525.5,9.74,9.74,2.04,52.1,2025-10-20 0:00:00
2025-10-20,1:00:00,29.16,29.16,56,56,208.66,208.66,490.32,490.32,10,10,2.06,52.41,2025-10-20 1:00:00
2025-10-20,2:00:00,32.16,32.16,56.39,56.39,208.92,208.92,513.43,513.43,10,10,2.06,52.56,2025-10-20 2:00:00
2025-10-20,3:00:00,30.19,30.19,56.34,56.34,192.06,192.06,558.03,558.03,10,10,2.06,52.43,2025-10-20 3:00:00
2025-10-20,4:00:00,39.22,39.22,56.5,56.5,199.84,199.84,544.98,544.98,9.99,9.99,2.06,52.54,2025-10-20 4:00:00
2025-10-20,5:00:00,37.75,37.75,56.47,56.47,194.01,194.01,554.42,554.42,9.87,9.87,5.24,133.51,2025-10-20 5:00:00
2025-10-20,6:00:00,31.1,31.1,56.34,56.34,195.57,195.57,542.07,542.07,9.95,9.95,5.64,143.77,2025-10-20 6:00:00
2025-10-20,7:00:00,31.21,31.21,56.67,56.67,190.6,190.6,571.97,571.97,9.95,9.95,8.88,226.38,2025-10-20 7:00:00
2025-10-20,8:00:00,21.85,21.85,56.07,56.07,209.58,209.58,555.51,555.51,9.84,9.84,14.92,380.38,2025-10-20 8:00:00
2025-10-20,9:00:00,35.26,35.26,57.22,57.22,220.25,220.25,538.4,538.4,9.94,9.94,5.37,136.93,2025-10-20 9:00:00
2025-10-20,10:00:00,23.61,23.61,56.69,56.69,217.78,217.78,500.85,500.85,10,10,11.01,280.82,2025-10-20 10:00:00
2025-10-20,11:00:00,31.24,31.24,55.19,55.19,215.61,215.61,512.64,512.64,9.34,9.34,9.42,240.14,2025-10-20 11:00:00
2025-10-20,12:00:00,22.83,22.83,56.13,56.13,226.64,226.64,466.38,466.38,9.64,9.64,10.27,261.86,2025-10-20 12:00:00
2025-10-20,13:00:00,23.7,23.7,55.93,55.93,211.83,211.83,506.25,506.25,9.8,9.8,7.91,201.79,2025-10-20 13:00:00
2025-10-20,14:00:00,28.75,28.75,55.97,55.97,213.23,213.23,544.05,544.05,9.72,9.72,5.03,128.16,2025-10-20 14:00:00
2025-10-20,15:00:00,35.86,35.86,56.54,56.54,209.96,209.96,519.21,519.21,9.58,9.58,4.44,113.14,2025-10-20 15:00:00
2025-10-20,16:00:00,37.53,37.53,55.44,55.44,217.42,217.42,511.9,511.9,9.25,9.25,2.03,51.86,2025-10-20 16:00:00
2025-10-20,17:00:00,58.28,58.28,55.72,55.72,215.35,215.35,545.47,545.47,9.09,9.09,2.05,52.39,2025-10-20 17:00:00
2025-10-20,18:00:00,39.93,39.93,55.94,55.94,217.26,217.26,498.41,498.41,9.42,9.42,2.02,51.49,2025-10-20 18:00:00
2025-10-20,19:00:00,36.99,36.99,56.12,56.12,222.93,222.93,454.3,454.3,9.37,9.37,2.02,51.59,2025-10-20 19:00:00
2025-10-20,20:00:00,41.23,41.23,56.02,56.02,215.3,215.3,468.79,468.79,9.47,9.47,2.02,51.55,2025-10-20 20:00:00
2025-10-20,21:00:00,38.63,38.63,56.05,56.05,204.43,204.43,474.65,474.65,9.57,9.57,2.02,51.47,2025-10-20 21:00:00
2025-10-20,22:00:00,38.01,38.01,55.78,55.78,211.38,211.38,447.68,447.68,9.75,9.75,2.02,51.44,2025-10-20 22:00:00
2025-10-20,23:00:00,36.93,36.93,55.97,55.97,212.59,212.59,538.24,538.24,9.94,9.94,2.33,59.51,2025-10-20 23:00:00
2025-10-21,0:00:00,31.92,31.92,55.54,55.54,203.93,203.93,669.27,669.27,9.33,9.33,3.05,77.75,2025-10-21 0:00:00
2025-10-21,1:00:00,30.14,30.14,55.53,55.53,205.7,205.7,652.28,652.28,9.22,9.22,2.23,56.94,2025-10-21 1:00:00
2025-10-21,2:00:00,30.63,30.63,55.48,55.48,209.3,209.3,572.67,572.67,9.52,9.52,2.23,56.85,2025-10-21 2:00:00
2025-10-21,3:00:00,33.14,33.14,55.55,55.55,205.63,205.63,606.34,606.34,9.46,9.46,3.37,86.01,2025-10-21 3:00:00
2025-10-21,4:00:00,34.7,34.7,54.26,54.26,216.9,216.9,589.35,589.35,9.04,9.04,4.36,111.24,2025-10-21 4:00:00
2025-10-21,5:00:00,56.11,56.11,53.13,53.13,229.9,229.9,580.27,580.27,8.45,8.45,10.66,271.89,2025-10-21 5:00:00
2025-10-21,6:00:00,37.55,37.55,55.97,55.97,211.54,211.54,569.3,569.3,9.66,9.66,10.19,259.8,2025-10-21 6:00:00
2025-10-21,7:00:00,44.72,44.72,56.37,56.37,199.79,199.79,587.27,587.27,9.52,9.52,7.8,199.02,2025-10-21 7:00:00
2025-10-21,8:00:00,57.5,57.5,54.71,54.71,237.55,237.55,578.96,578.96,8.58,8.58,5.71,145.56,2025-10-21 8:00:00
2025-10-21,9:00:00,47.99,47.99,56.24,56.24,231.12,231.12,582.64,582.64,9.34,9.34,9.2,234.67,2025-10-21 9:00:00
2025-10-21,10:00:00,28.36,28.36,56.07,56.07,237.7,237.7,534.71,534.71,9.6,9.6,8.67,221.15,2025-10-21 10:00:00
2025-10-21,11:00:00,54.95,54.95,55.6,55.6,248.1,248.1,482.24,482.24,9.49,9.49,6.68,170.42,2025-10-21 11:00:00
2025-10-21,12:00:00,23.03,23.03,55.45,55.45,219.19,219.19,482.59,482.59,9.94,9.94,2,51,2025-10-21 12:00:00
2025-10-21,13:00:00,20.43,20.43,54.95,54.95,241.1,241.1,446.42,446.42,9.74,9.74,10.1,257.53,2025-10-21 13:00:00
2025-10-21,14:00:00,21.79,21.79,56,56,255.75,255.75,496.08,496.08,9.82,9.82,3.16,80.54,2025-10-21 14:00:00
2025-10-21,15:00:00,32.4,32.4,55.56,55.56,233.96,233.96,560.94,560.94,9.78,9.78,2.01,51.3,2025-10-21 15:00:00
2025-10-21,16:00:00,30.6,30.6,55.74,55.74,247.8,247.8,469.2,469.2,9.83,9.83,2.01,51.22,2025-10-21 16:00:00
2025-10-21,17:00:00,29.45,29.45,55.19,55.19,245.58,245.58,444.21,444.21,9.89,9.89,2.01,51.35,2025-10-21 17:00:00
2025-10-21,18:00:00,37.2,37.2,54.76,54.76,236.65,236.65,454.36,454.36,9.99,9.99,2.36,60.21,2025-10-21 18:00:00
2025-10-21,19:00:00,26.37,26.37,53.82,53.82,218.57,218.57,489.79,489.79,9.58,9.58,2,50.9,2025-10-21 19:00:00
2025-10-21,20:00:00,30.59,30.59,51,51,242.42,242.42,505.21,505.21,8.24,8.24,8.87,226.22,2025-10-21 20:00:00
2025-10-21,21:00:00,27.1,27.1,50.22,50.22,263.76,263.76,468.94,468.94,8.1,8.1,10.78,274.88,2025-10-21 21:00:00
2025-10-21,22:00:00,39.25,39.25,50.36,50.36,262.32,262.32,488.23,488.23,8.01,8.01,14.12,360.06,2025-10-21 22:00:00
2025-10-21,23:00:00,48.51,48.51,50.38,50.38,256.05,256.05,496.56,496.56,8,8,4.82,122.86,2025-10-21 23:00:00
2025-10-22,0:00:00,51.73,51.73,50.45,50.45,258.18,258.18,492.39,492.39,8,8,9.02,230,2025-10-22 0:00:00
2025-10-22,1:00:00,48.82,48.82,50.7,50.7,249.26,249.26,511.29,511.29,8.01,8.01,5.74,146.39,2025-10-22 1:00:00
2025-10-22,2:00:00,50.7,50.7,51.02,51.02,248.49,248.49,513.6,513.6,8,8,6.07,154.82,2025-10-22 2:00:00
2025-10-22,3:00:00,43.07,43.07,50.31,50.31,240.96,240.96,502.06,502.06,8,8,4.3,109.68,2025-10-22 3:00:00
2025-10-22,4:00:00,38.22,38.22,50.21,50.21,250.17,250.17,508.02,508.02,8,8,3.43,87.56,2025-10-22 4:00:00
2025-10-22,5:00:00,41.01,41.01,50.95,50.95,232.33,232.33,520.01,520.01,8.37,8.37,8.33,212.33,2025-10-22 5:00:00
2025-10-22,6:00:00,16.21,16.21,54.25,54.25,216.59,216.59,488.85,488.85,10,10,7.07,180.37,2025-10-22 6:00:00
2025-10-22,7:00:00,12.52,12.52,54.76,54.76,202.79,202.79,513.55,513.55,10,10,3.67,93.49,2025-10-22 7:00:00
2025-10-22,8:00:00,14.2,14.2,55.31,55.31,212.71,212.71,561.01,561.01,9.99,9.99,7.92,201.88,2025-10-22 8:00:00
2025-10-22,9:00:00,15.39,15.39,57.06,57.06,226.53,226.53,551.92,551.92,9.93,9.93,3.3,84.05,2025-10-22 9:00:00
2025-10-22,10:00:00,21.7,21.7,53.94,53.94,242.11,242.11,549.02,549.02,10,10,8.83,225.22,2025-10-22 10:00:00
2025-10-22,11:00:00,35.25,35.25,53.39,53.39,239.33,239.33,598.59,598.59,9.98,9.98,12.92,329.42,2025-10-22 11:00:00
2025-10-22,12:00:00,24.73,24.73,54.24,54.24,216.33,216.33,677.72,677.72,9.99,9.99,11.41,290.95,2025-10-22 12:00:00
2025-10-22,13:00:00,21.47,21.47,54.45,54.45,216.75,216.75,641.78,641.78,10,10,9.32,237.64,2025-10-22 13:00:00
2025-10-22,14:00:00,20.05,20.05,55.08,55.08,215.55,215.55,666.69,666.69,9.92,9.92,7.5,191.25,2025-10-22 14:00:00
2025-10-22,15:00:00,19.82,19.82,56.18,56.18,211.44,211.44,617.84,617.84,9.94,9.94,2.01,51.21,2025-10-22 15:00:00
2025-10-22,16:00:00,31.48,31.48,56.46,56.46,202.31,202.31,590.4,590.4,9.34,9.34,2,51,2025-10-22 16:00:00
2025-10-22,17:00:00,14.57,14.57,50.88,50.88,215.72,215.72,669.32,669.32,9.68,9.68,2,51,2025-10-22 17:00:00
2025-10-22,18:00:00,18.43,18.43,57.32,57.32,218.57,218.57,579.14,579.14,9.37,9.37,6.13,156.2,2025-10-22 18:00:00
2025-10-22,19:00:00,21.62,21.62,49.91,49.91,236.22,236.22,621.07,621.07,9.18,9.18,8.53,217.57,2025-10-22 19:00:00
2025-10-22,20:00:00,15.59,15.59,55.83,55.83,229.85,229.85,498.79,498.79,9.9,9.9,8.64,220.43,2025-10-22 20:00:00
2025-10-22,21:00:00,13.03,13.03,50.47,50.47,222.35,222.35,595.03,595.03,9.92,9.92,5.11,130.4,2025-10-22 21:00:00
2025-10-22,22:00:00,14.74,14.74,54.23,54.23,219.41,219.41,758.55,758.55,9.95,9.95,3.59,91.62,2025-10-22 22:00:00
2025-10-22,23:00:00,28.71,28.71,55.79,55.79,225.01,225.01,654.52,654.52,9.78,9.78,7.5,191.34,2025-10-22 23:00:00
2025-10-23,0:00:00,37.4,37.4,54.71,54.71,228.53,228.53,649.51,649.51,9.57,9.57,11.16,284.61,2025-10-23 0:00:00
2025-10-23,1:00:00,39.1,39.1,51.75,51.75,231.24,231.24,590.45,590.45,9.54,9.54,9.78,249.38,2025-10-23 1:00:00
2025-10-23,2:00:00,40.36,40.36,52.05,52.05,231.45,231.45,568.6,568.6,9.52,9.52,2.12,54.08,2025-10-23 2:00:00
2025-10-23,3:00:00,36.36,36.36,53.49,53.49,227.54,227.54,589.56,589.56,9.78,9.78,2.25,57.39,2025-10-23 3:00:00
2025-10-23,4:00:00,33.72,33.72,57.39,57.39,232.3,232.3,615.79,615.79,9.96,9.96,2.9,74.05,2025-10-23 4:00:00
2025-10-23,5:00:00,40.48,40.48,53.02,53.02,230.7,230.7,625.65,625.65,9.83,9.83,3.56,90.87,2025-10-23 5:00:00
2025-10-23,6:00:00,36.84,36.84,52.19,52.19,246.21,246.21,601.49,601.49,9.87,9.87,15.37,391.97,2025-10-23 6:00:00
2025-10-23,7:00:00,31.69,31.69,58.38,58.38,243.97,243.97,665.76,665.76,9.94,9.94,8.55,218.11,2025-10-23 7:00:00
2025-10-23,8:00:00,31.13,31.13,52.59,52.59,232.25,232.25,656.61,656.61,9.67,9.67,2,51.08,2025-10-23 8:00:00
2025-10-23,9:00:00,40.89,40.89,54.11,54.11,213.4,213.4,636.94,636.94,9.94,9.94,3.88,98.99,2025-10-23 9:00:00
2025-10-23,10:00:00,13.99,13.99,49.63,49.63,230.69,230.69,639.83,639.83,7.87,7.87,12.51,319.05,2025-10-23 10:00:00
2025-10-23,11:00:00,15.71,15.71,46.51,46.51,228.34,228.34,662.28,662.28,7.65,7.65,14.86,378.98,2025-10-23 11:00:00
2025-10-23,12:00:00,16.64,16.64,48.21,48.21,223.46,223.46,691.28,691.28,7.61,7.61,13.45,343.1,2025-10-23 12:00:00
2025-10-23,13:00:00,19.08,19.08,48.65,48.65,229.98,229.98,661.13,661.13,7.73,7.73,10.51,267.89,2025-10-23 13:00:00
2025-10-23,14:00:00,35.33,35.33,50.59,50.59,227.55,227.55,621.02,621.02,8.36,8.36,9.56,243.7,2025-10-23 14:00:00
2025-10-23,15:00:00,28.61,28.61,50.19,50.19,237.31,237.31,582.72,582.72,8.29,8.29,7.33,186.94,2025-10-23 15:00:00
2025-10-23,16:00:00,34.51,34.51,51.93,51.93,245.76,245.76,480.98,480.98,9.21,9.21,2.67,67.98,2025-10-23 16:00:00
2025-10-23,17:00:00,33.39,33.39,52.78,52.78,244.74,244.74,526.25,526.25,9.52,9.52,2.02,51.41,2025-10-23 17:00:00
2025-10-23,18:00:00,19.01,19.01,58.64,58.64,219.5,219.5,525.78,525.78,10.05,10.05,2.01,51.23,2025-10-23 18:00:00
2025-10-23,19:00:00,14.4,14.4,52.27,52.27,219.48,219.48,531.56,531.56,10,10,2,51,2025-10-23 19:00:00
2025-10-23,20:00:00,14.95,14.95,56.34,56.34,218.87,218.87,574.51,574.51,10,10,2.1,53.63,2025-10-23 20:00:00
2025-10-23,21:00:00,12.95,12.95,50.99,50.99,226.52,226.52,636.63,636.63,10,10,2.01,51.3,2025-10-23 21:00:00
2025-10-23,22:00:00,15.82,15.82,56.66,56.66,233.05,233.05,643.96,643.96,9.67,9.67,4.19,106.97,2025-10-23 22:00:00
2025-10-23,23:00:00,31.96,31.96,50.92,50.92,232.69,232.69,619.87,619.87,9.59,9.59,3.28,83.56,2025-10-23 23:00:00
2025-10-24,0:00:00,42.78,42.78,58.15,58.15,214.46,214.46,733.16,733.16,9.7,9.7,4.41,112.51,2025-10-24 0:00:00
2025-10-24,1:00:00,41.17,41.17,50.62,50.62,230.12,230.12,771.78,771.78,9.05,9.05,10.21,260.41,2025-10-24 1:00:00
2025-10-24,2:00:00,29.14,29.14,57.34,57.34,235.31,235.31,712.88,712.88,9.74,9.74,10.36,264.17,2025-10-24 2:00:00
2025-10-24,3:00:00,39.78,39.78,48.82,48.82,238.5,238.5,767.42,767.42,8.22,8.22,4.24,108.17,2025-10-24 3:00:00
2025-10-24,4:00:00,39.61,39.61,54.25,54.25,230.4,230.4,725.03,725.03,8.82,8.82,6.09,155.37,2025-10-24 4:00:00
2025-10-24,5:00:00,39.21,39.21,46.62,46.62,257.11,257.11,783.63,783.63,7.88,7.88,6.16,157.2,2025-10-24 5:00:00
2025-10-24,6:00:00,40.03,40.03,56.57,56.57,244.86,244.86,779.25,779.25,9.13,9.13,7.78,198.41,2025-10-24 6:00:00
2025-10-24,7:00:00,39.33,39.33,52,52,244.22,244.22,623.06,623.06,10,10,13.88,354.03,2025-10-24 7:00:00
2025-10-24,8:00:00,43.82,43.82,57.28,57.28,231.06,231.06,742.88,742.88,9.96,9.96,9.24,235.64,2025-10-24 8:00:00
2025-10-24,9:00:00,36.09,36.09,52.35,52.35,231.34,231.34,664.8,664.8,9.94,9.94,2.48,63.23,2025-10-24 9:00:00
2025-10-24,10:00:00,32.95,32.95,52.43,52.43,244.06,244.06,845.49,845.49,9.81,9.81,5.64,143.9,2025-10-24 10:00:00
2025-10-24,11:00:00,30.16,30.16,59.24,59.24,238.58,238.58,808.24,808.24,9.74,9.74,10.26,261.56,2025-10-24 11:00:00
2025-10-24,12:00:00,23.02,23.02,51.49,51.49,242.26,242.26,859.38,859.38,9.63,9.63,11.61,296.05,2025-10-24 12:00:00
2025-10-24,13:00:00,25.2,25.2,53.52,53.52,234.6,234.6,749.12,749.12,9.92,9.92,10.54,268.7,2025-10-24 13:00:00
2025-10-24,14:00:00,26.13,26.13,57.02,57.02,221.85,221.85,745.44,745.44,9.77,9.77,7.56,192.86,2025-10-24 14:00:00
2025-10-24,15:00:00,54,54,50.55,50.55,257.35,257.35,961.58,961.58,9,9,3.5,89.25,2025-10-24 15:00:00
2025-10-24,16:00:00,57.79,57.79,52.39,52.39,257.73,257.73,986.49,986.49,9,9,2,51,2025-10-24 16:00:00
2025-10-24,17:00:00,44.82,44.82,55.1,55.1,261.83,261.83,798.76,798.76,9,9,2,51,2025-10-24 17:00:00
2025-10-24,18:00:00,32.52,32.52,53.16,53.16,265.54,265.54,756.78,756.78,9.12,9.12,1.98,50.6,2025-10-24 18:00:00
2025-10-24,19:00:00,20.88,20.88,51.22,51.22,249.68,249.68,816.71,816.71,9.2,9.2,1.97,50.28,2025-10-24 19:00:00
2025-10-24,20:00:00,18.54,18.54,59.54,59.54,248.24,248.24,633.27,633.27,10.76,10.76,5.13,130.83,2025-10-24 20:00:00
2025-10-24,21:00:00,9.47,9.47,57.46,57.46,368.73,368.73,496.78,496.78,11.27,11.27,9.02,230.09,2025-10-24 21:00:00
2025-10-24,22:00:00,40.21,40.21,53.28,53.28,302.55,302.55,721.88,721.88,9.6,9.6,8.37,213.53,2025-10-24 22:00:00
2025-10-24,23:00:00,13.85,13.85,53.98,53.98,275.91,275.91,641.23,641.23,9.06,9.06,10.41,265.34,2025-10-24 23:00:00
2025-10-25,0:00:00,19.25,19.25,52.15,52.15,278.99,278.99,657.09,657.09,9.03,9.03,11.68,297.79,2025-10-25 0:00:00
2025-10-25,1:00:00,19.23,19.23,53.22,53.22,268.99,268.99,548.04,548.04,9.33,9.33,8.19,208.78,2025-10-25 1:00:00
2025-10-25,2:00:00,12.23,12.23,51.43,51.43,273.8,273.8,534.15,534.15,9,9,2,50.98,2025-10-25 2:00:00
2025-10-25,3:00:00,9.81,9.81,52.68,52.68,268.19,268.19,491.85,491.85,9.52,9.52,2,51,2025-10-25 3:00:00
2025-10-25,4:00:00,9.86,9.86,54.04,54.04,262.49,262.49,441.9,441.9,10,10,2.63,66.94,2025-10-25 4:00:00
2025-10-25,5:00:00,9.61,9.61,51.35,51.35,277.1,277.1,458.39,458.39,10,10,2,51,2025-10-25 5:00:00
2025-10-25,6:00:00,9.71,9.71,58.37,58.37,269.94,269.94,462.99,462.99,10,10,2.83,72.15,2025-10-25 6:00:00
2025-10-25,7:00:00,11.37,11.37,51.01,51.01,280.53,280.53,474.52,474.52,10,10,7.51,191.48,2025-10-25 7:00:00
2025-10-25,8:00:00,26.6,26.6,59.48,59.48,275.15,275.15,461.06,461.06,10,10,5.67,144.63,2025-10-25 8:00:00
2025-10-25,9:00:00,46.62,46.62,52.36,52.36,285.01,285.01,456.18,456.18,10,10,7.67,195.66,2025-10-25 9:00:00
2025-10-25,10:00:00,30.13,30.13,59.57,59.57,288.89,288.89,449.46,449.46,10,10,10.07,256.75,2025-10-25 10:00:00
2025-10-25,11:00:00,28.44,28.44,52.94,52.94,291.32,291.32,474.16,474.16,10.32,10.32,12.7,323.78,2025-10-25 11:00:00
2025-10-25,12:00:00,25.08,25.08,54.4,54.4,303.72,303.72,473.26,473.26,10.26,10.26,13.03,332.19,2025-10-25 12:00:00
2025-10-25,13:00:00,24.75,24.75,55.55,55.55,311.14,311.14,473.85,473.85,10.19,10.19,13.23,337.44,2025-10-25 13:00:00
2025-10-25,14:00:00,29.32,29.32,56.14,56.14,295.3,295.3,470.94,470.94,10.23,10.23,2.19,55.84,2025-10-25 14:00:00
2025-10-25,15:00:00,31.1,31.1,55.87,55.87,302.02,302.02,465.48,465.48,10.01,10.01,7.25,184.99,2025-10-25 15:00:00
2025-10-25,16:00:00,26.52,26.52,55.88,55.88,283.51,283.51,478.93,478.93,10.29,10.29,11.59,295.59,2025-10-25 16:00:00
2025-10-25,17:00:00,23.09,23.09,55.6,55.6,272.18,272.18,474.45,474.45,10.35,10.35,3.83,97.79,2025-10-25 17:00:00
2025-10-25,18:00:00,14.09,14.09,61.49,61.49,286.55,286.55,459.99,459.99,10.71,10.71,2,51.03,2025-10-25 18:00:00
2025-10-25,19:00:00,9.84,9.84,51.67,51.67,258.45,258.45,525.92,525.92,9.9,9.9,2,51.12,2025-10-25 19:00:00
2025-10-25,20:00:00,9.85,9.85,59.75,59.75,261.23,261.23,582.04,582.04,10,10,3.57,91.04,2025-10-25 20:00:00
2025-10-25,21:00:00,9.53,9.53,52.57,52.57,253.37,253.37,616.78,616.78,10,10,3.06,78.13,2025-10-25 21:00:00
2025-10-25,22:00:00,10.71,10.71,58.59,58.59,242.26,242.26,617.98,617.98,10,10,6.2,158.14,2025-10-25 22:00:00
2025-10-25,23:00:00,11.69,11.69,51.88,51.88,249.95,249.95,569.47,569.47,10,10,6.7,170.81,2025-10-25 23:00:00
2025-10-26,0:00:00,11.26,11.26,58.71,58.71,243.06,243.06,542.17,542.17,10,10,6,152.9,2025-10-26 0:00:00
2025-10-26,1:00:00,13.15,13.15,53.47,53.47,245.36,245.36,551.33,551.33,10,10,3.21,81.79,2025-10-26 1:00:00
2025-10-26,2:00:00,10.55,10.55,56.31,56.31,216.61,216.61,587.78,587.78,10,10,2.02,51.62,2025-10-26 2:00:00
2025-10-26,3:00:00,10.04,10.04,57.12,57.12,241,241,563.85,563.85,10,10,3.86,98.37,2025-10-26 3:00:00
2025-10-26,4:00:00,9.15,9.15,52.42,52.42,249.14,249.14,577.26,577.26,10,10,2,51,2025-10-26 4:00:00
2025-10-26,5:00:00,9.35,9.35,56.32,56.32,244.53,244.53,610.42,610.42,10,10,2,51,2025-10-26 5:00:00
2025-10-26,6:00:00,9.5,9.5,55.92,55.92,248.15,248.15,577.06,577.06,10,10,2.02,51.48,2025-10-26 6:00:00
2025-10-26,7:00:00,10.62,10.62,55.75,55.75,245.22,245.22,606.04,606.04,10,10,6.57,167.42,2025-10-26 7:00:00
2025-10-26,8:00:00,24.32,24.32,56.98,56.98,243.32,243.32,609.79,609.79,10,10,9.27,236.42,2025-10-26 8:00:00
2025-10-26,9:00:00,30.44,30.44,56.21,56.21,239.33,239.33,699.5,699.5,9.98,9.98,9.4,239.81,2025-10-26 9:00:00
2025-10-26,10:00:00,28.03,28.03,57.07,57.07,238.08,238.08,748.42,748.42,9.95,9.95,6.81,173.78,2025-10-26 10:00:00
2025-10-26,11:00:00,25.49,25.49,53.87,53.87,235.19,235.19,707.11,707.11,10,10,8.06,205.65,2025-10-26 11:00:00
2025-10-26,12:00:00,22.91,22.91,60.75,60.75,229.5,229.5,670.99,670.99,10,10,8.99,229.36,2025-10-26 12:00:00
2025-10-26,13:00:00,25.32,25.32,52.8,52.8,232.49,232.49,745.23,745.23,9.97,9.97,12.98,331.07,2025-10-26 13:00:00
2025-10-26,14:00:00,24.76,24.76,54.37,54.37,235.75,235.75,733.99,733.99,9.95,9.95,13.21,336.81,2025-10-26 14:00:00
2025-10-26,15:00:00,33.84,33.84,55.54,55.54,232.68,232.68,797.21,797.21,9.92,9.92,10.17,259.22,2025-10-26 15:00:00
2025-10-26,16:00:00,41.66,41.66,56.74,56.74,224.22,224.22,706.15,706.15,10,10,3.17,80.92,2025-10-26 16:00:00
2025-10-26,17:00:00,45.69,45.69,60.9,60.9,239.65,239.65,645.47,645.47,10,10,2,51.06,2025-10-26 17:00:00
2025-10-26,18:00:00,46.12,46.12,54.27,54.27,229.91,229.91,609.07,609.07,10.05,10.05,2,51.09,2025-10-26 18:00:00
2025-10-26,19:00:00,40.87,40.87,59.83,59.83,240.39,240.39,554.09,554.09,10,10,3.07,78.25,2025-10-26 19:00:00
2025-10-26,20:00:00,77.87,77.87,55.51,55.51,236.01,236.01,572.91,572.91,10,10,9.55,243.46,2025-10-26 20:00:00
2025-10-26,21:00:00,58.85,58.85,59.17,59.17,205.35,205.35,649.87,649.87,10,10,11.25,286.9,2025-10-26 21:00:00
2025-10-26,22:00:00,44.7,44.7,57.02,57.02,212.16,212.16,735.55,735.55,10,10,11.76,299.85,2025-10-26 22:00:00
2025-10-26,23:00:00,36.13,36.13,54.4,54.4,229.64,229.64,784.87,784.87,8.83,8.83,12.1,308.46,2025-10-26 23:00:00
2025-10-27,0:00:00,44,44,53.53,53.53,251.52,251.52,678.8,678.8,8,8,12.98,331.1,2025-10-27 0:00:00
2025-10-27,1:00:00,44.51,44.51,50.45,50.45,241.61,241.61,610.22,610.22,8,8,11.37,290,2025-10-27 1:00:00
2025-10-27,2:00:00,37.91,37.91,54.09,54.09,249.68,249.68,552.94,552.94,8,8,9.87,251.68,2025-10-27 2:00:00
2025-10-27,3:00:00,35.4,35.4,48.22,48.22,244,244,581.44,581.44,8,8,3.62,92.28,2025-10-27 3:00:00
2025-10-27,4:00:00,42.3,42.3,52.22,52.22,246.79,246.79,633.06,633.06,8,8,5.54,141.29,2025-10-27 4:00:00
2025-10-27,5:00:00,42.14,42.14,51.34,51.34,241.51,241.51,629.8,629.8,8,8,3.86,98.38,2025-10-27 5:00:00
2025-10-27,6:00:00,55.42,55.42,55.09,55.09,216.66,216.66,584.52,584.52,9.53,9.53,2,51,2025-10-27 6:00:00
2025-10-27,7:00:00,23.74,23.74,58.17,58.17,205.34,205.34,524.66,524.66,10,10,4.47,114.03,2025-10-27 7:00:00
2025-10-27,8:00:00,23.21,23.21,55.26,55.26,197.19,197.19,694.62,694.62,10,10,7.92,201.96,2025-10-27 8:00:00
2025-10-27,9:00:00,30.83,30.83,59.57,59.57,196.48,196.48,741.63,741.63,10,10,11.53,294.06,2025-10-27 9:00:00
2025-10-27,10:00:00,38.53,38.53,58.08,58.08,193.59,193.59,625.36,625.36,10,10,11.04,281.63,2025-10-27 10:00:00
2025-10-27,11:00:00,50.79,50.79,56.19,56.19,204.51,204.51,578.26,578.26,10,10,10.52,268.28,2025-10-27 11:00:00
2025-10-27,12:00:00,34.76,34.76,59.23,59.23,205.11,205.11,587.9,587.9,10,10,9.12,232.55,2025-10-27 12:00:00
2025-10-27,13:00:00,27.07,27.07,54.11,54.11,207.14,207.14,587.82,587.82,10,10,7.24,184.6,2025-10-27 13:00:00
2025-10-27,14:00:00,34.2,34.2,61.2,61.2,200.5,200.5,604.09,604.09,10,10,7.59,193.49,2025-10-27 14:00:00
2025-10-27,15:00:00,44.56,44.56,54.58,54.58,206.11,206.11,557.17,557.17,10,10,3.33,84.8,2025-10-27 15:00:00
2025-10-27,16:00:00,39.45,39.45,62.14,62.14,226.92,226.92,507.78,507.78,10,10,2.01,51.14,2025-10-27 16:00:00
2025-10-27,17:00:00,38.75,38.75,55.45,55.45,239.58,239.58,510.14,510.14,10,10,2.01,51.15,2025-10-27 17:00:00
2025-10-27,18:00:00,76.81,76.81,59.74,59.74,231.52,231.52,610.25,610.25,10.05,10.05,6,152.9,2025-10-27 18:00:00
2025-10-27,19:00:00,62.44,62.44,58.91,58.91,236.6,236.6,601.29,601.29,10,10,11.31,288.46,2025-10-27 19:00:00
2025-10-27,20:00:00,34.01,34.01,57.34,57.34,222.42,222.42,605.46,605.46,10,10,10.66,271.95,2025-10-27 20:00:00
2025-10-27,21:00:00,29.71,29.71,58.87,58.87,233.18,233.18,533.15,533.15,10,10,6.2,158.05,2025-10-27 21:00:00
2025-10-27,22:00:00,39.27,39.27,56.13,56.13,247.58,247.58,532.14,532.14,8.73,8.73,6.61,168.64,2025-10-27 22:00:00
2025-10-27,23:00:00,63.54,63.54,51.14,51.14,248.3,248.3,667.36,667.36,8,8,6.26,159.66,2025-10-27 23:00:00
2025-10-28,0:00:00,61.19,61.19,56.96,56.96,239.09,239.09,836.3,836.3,8.07,8.07,7.49,191.09,2025-10-28 0:00:00
2025-10-28,1:00:00,60.86,60.86,49.86,49.86,256.03,256.03,489.05,489.05,8.28,8.28,2.85,72.74,2025-10-28 1:00:00
2025-10-28,2:00:00,72.86,72.86,57.99,57.99,231.12,231.12,518.56,518.56,8.54,8.54,2,51.1,2025-10-28 2:00:00
2025-10-28,3:00:00,29.23,29.23,54.22,54.22,226.08,226.08,442.22,442.22,10.03,10.03,2,51.01,2025-10-28 3:00:00
2025-10-28,4:00:00,17.43,17.43,60.31,60.31,220.18,220.18,450.3,450.3,10,10,4.45,113.47,2025-10-28 4:00:00
2025-10-28,5:00:00,14.99,14.99,54.1,54.1,212.24,212.24,477.82,477.82,10,10,10.47,267.07,2025-10-28 5:00:00
2025-10-28,6:00:00,13.89,13.89,60.25,60.25,205.08,205.08,507.96,507.96,10,10,14.81,377.77,2025-10-28 6:00:00
2025-10-28,7:00:00,15.81,15.81,53.4,53.4,234.91,234.91,443.95,443.95,9.84,9.84,8.4,214.11,2025-10-28 7:00:00
2025-10-28,8:00:00,49.31,49.31,57.68,57.68,256.02,256.02,509.76,509.76,8.14,8.14,12.27,312.99,2025-10-28 8:00:00
2025-10-28,9:00:00,45.57,45.57,51.55,51.55,245.82,245.82,564.88,564.88,8.03,8.03,4.32,110.14,2025-10-28 9:00:00
2025-10-28,10:00:00,42.98,42.98,54.49,54.49,248.15,248.15,603.18,603.18,8,8,2.74,69.88,2025-10-28 10:00:00
2025-10-28,11:00:00,43.71,43.71,50.24,50.24,248.09,248.09,624.53,624.53,8,8,7.12,181.44,2025-10-28 11:00:00
2025-10-28,12:00:00,45.32,45.32,56.41,56.41,240.48,240.48,629.19,629.19,8,8,10.83,276.16,2025-10-28 12:00:00
2025-10-28,13:00:00,50.46,50.46,49.33,49.33,252.49,252.49,611.51,611.51,8.02,8.02,11.31,288.52,2025-10-28 13:00:00
2025-10-28,14:00:00,51.9,51.9,50.99,50.99,252.17,252.17,645.58,645.58,7.96,7.96,8.21,209.42,2025-10-28 14:00:00
2025-10-28,15:00:00,52.69,52.69,52.33,52.33,225.94,225.94,822.12,822.12,8.01,8.01,7.19,183.43,2025-10-28 15:00:00
2025-10-28,16:00:00,57.46,57.46,52.95,52.95,235.79,235.79,753.45,753.45,8,8,2.86,72.95,2025-10-28 16:00:00
2025-10-28,17:00:00,61.81,61.81,53.45,53.45,243.83,243.83,608.95,608.95,8.06,8.06,2.01,51.36,2025-10-28 17:00:00
2025-10-28,18:00:00,56.53,56.53,55.25,55.25,239.77,239.77,662.71,662.71,8.1,8.1,2,51.12,2025-10-28 18:00:00
2025-10-28,19:00:00,56.17,56.17,56.43,56.43,243.2,243.2,644.57,644.57,8.02,8.02,2.01,51.13,2025-10-28 19:00:00
2025-10-28,20:00:00,54.21,54.21,51.34,51.34,245.63,245.63,643.7,643.7,8.17,8.17,2,51.1,2025-10-28 20:00:00
2025-10-28,21:00:00,53.76,53.76,58.37,58.37,239.73,239.73,654.12,654.12,8.07,8.07,2,51.04,2025-10-28 21:00:00
2025-10-28,22:00:00,55.12,55.12,50.83,50.83,244.12,244.12,656.33,656.33,8.01,8.01,2,51.01,2025-10-28 22:00:00
2025-10-28,23:00:00,63.87,63.87,57.53,57.53,247.53,247.53,558.7,558.7,8.01,8.01,3.62,92.31,2025-10-28 23:00:00
2025-10-29,0:00:00,57.11,57.11,50.22,50.22,237.42,237.42,683.09,683.09,8.18,8.18,11.3,288.06,2025-10-29 0:00:00
2025-10-29,1:00:00,40.19,40.19,55.61,55.61,249.95,249.95,618.77,618.77,8,8,10.74,273.89,2025-10-29 1:00:00
2025-10-29,2:00:00,39.95,39.95,50.25,50.25,254.76,254.76,577.81,577.81,8,8,12.28,313.19,2025-10-29 2:00:00
2025-10-29,3:00:00,39.21,39.21,54.49,54.49,254.06,254.06,589.17,589.17,8,8,6.55,167.03,2025-10-29 3:00:00
2025-10-29,4:00:00,32.16,32.16,51.32,51.32,250.93,250.93,627.17,627.17,8.02,8.02,8.29,211.44,2025-10-29 4:00:00
2025-10-29,5:00:00,27.51,27.51,53.6,53.6,252.58,252.58,651.55,651.55,8,8,7.45,189.91,2025-10-29 5:00:00
2025-10-29,6:00:00,29.59,29.59,53.6,53.6,250.07,250.07,708.16,708.16,8.1,8.1,4.19,106.77,2025-10-29 6:00:00
2025-10-29,7:00:00,31.92,31.92,51.33,51.33,254.27,254.27,568.72,568.72,8,8,2,51.01,2025-10-29 7:00:00
2025-10-29,8:00:00,85.96,85.96,61,61,308.72,308.72,440.48,440.48,9.95,9.95,3.32,84.69,2025-10-29 8:00:00
2025-10-29,9:00:00,56.25,56.25,59.29,59.29,387.86,387.86,470.83,470.83,11,11,8.09,206.4,2025-10-29 9:00:00
2025-10-29,10:00:00,68.66,68.66,55.18,55.18,363.43,363.43,468.96,468.96,10.64,10.64,11.42,291.12,2025-10-29 10:00:00
2025-10-29,11:00:00,63.56,63.56,57.71,57.71,267.18,267.18,486.95,486.95,8.4,8.4,10.56,269.4,2025-10-29 11:00:00
2025-10-29,12:00:00,44.47,44.47,49.42,49.42,242.7,242.7,495.83,495.83,8.67,8.67,9.94,253.41,2025-10-29 12:00:00
2025-10-29,13:00:00,39.77,39.77,55.33,55.33,230.88,230.88,648.05,648.05,8.07,8.07,11.87,302.59,2025-10-29 13:00:00
2025-10-29,14:00:00,34.02,34.02,49.51,49.51,230.96,230.96,662.12,662.12,8.15,8.15,9.71,247.66,2025-10-29 14:00:00
2025-10-29,15:00:00,40.04,40.04,51.32,51.32,228.95,228.95,738.04,738.04,8.02,8.02,3.33,84.91,2025-10-29 15:00:00
2025-10-29,16:00:00,43.4,43.4,58.11,58.11,222.49,222.49,672.48,672.48,8.12,8.12,2,51,2025-10-29 16:00:00
2025-10-29,17:00:00,42.75,42.75,51.26,51.26,216.26,216.26,630.29,630.29,8.03,8.03,2,51,2025-10-29 17:00:00
2025-10-29,18:00:00,53.57,53.57,52.42,52.42,230.21,230.21,544.36,544.36,8,8,2,51,2025-10-29 18:00:00
2025-10-29,19:00:00,39.76,39.76,58.67,58.67,233.81,233.81,539.21,539.21,8,8,2,51,2025-10-29 19:00:00
2025-10-29,20:00:00,51.55,51.55,50.89,50.89,235.41,235.41,547.62,547.62,8.14,8.14,2,51,2025-10-29 20:00:00
2025-10-29,21:00:00,50.79,50.79,53.85,53.85,240.24,240.24,535,535,8,8,2,51,2025-10-29 21:00:00
2025-10-29,22:00:00,61.11,61.11,56.29,56.29,240.64,240.64,544.55,544.55,8.03,8.03,6.66,169.76,2025-10-29 22:00:00
2025-10-29,23:00:00,75.77,75.77,52.4,52.4,228.2,228.2,556.59,556.59,8.88,8.88,2.28,58.14,2025-10-29 23:00:00
2025-10-30,0:00:00,68.66,68.66,62.7,62.7,213.89,213.89,493.58,493.58,10,10,2,51,2025-10-30 0:00:00
2025-10-30,1:00:00,43.65,43.65,53.93,53.93,218.39,218.39,502.48,502.48,10,10,2.2,56.22,2025-10-30 1:00:00
2025-10-30,2:00:00,43,43,62.24,62.24,216.81,216.81,605.19,605.19,10,10,11.57,295.16,2025-10-30 2:00:00
2025-10-30,3:00:00,51.86,51.86,53.67,53.67,209.19,209.19,656.37,656.37,9.87,9.87,8.56,218.18,2025-10-30 3:00:00
2025-10-30,4:00:00,48.34,48.34,62,62,205.06,205.06,625.7,625.7,10,10,7.86,200.39,2025-10-30 4:00:00
2025-10-30,5:00:00,42.22,42.22,55.39,55.39,210.03,210.03,663.63,663.63,10,10,8.73,222.62,2025-10-30 5:00:00
2025-10-30,6:00:00,38.36,38.36,60.69,60.69,211.39,211.39,692.71,692.71,10,10,13.23,337.41,2025-10-30 6:00:00
2025-10-30,7:00:00,32.92,32.92,57.4,57.4,224.59,224.59,649.06,649.06,10,10,10.45,266.41,2025-10-30 7:00:00
2025-10-30,8:00:00,24.53,24.53,58.59,58.59,232.65,232.65,608.16,608.16,10,10,2,51,2025-10-30 8:00:00
2025-10-30,9:00:00,25.8,25.8,55.51,55.51,242.41,242.41,559.44,559.44,10,10,2,51,2025-10-30 9:00:00
2025-10-30,10:00:00,40.51,40.51,58.77,58.77,223.61,223.61,665.48,665.48,10.01,10.01,5.6,142.68,2025-10-30 10:00:00
2025-10-30,11:00:00,31,31,64.22,64.22,223.66,223.66,565.37,565.37,10,10,12.15,309.91,2025-10-30 11:00:00
2025-10-30,12:00:00,26.21,26.21,55.16,55.16,228.03,228.03,541.94,541.94,10,10,8.08,206.02,2025-10-30 12:00:00
2025-10-30,13:00:00,26.98,26.98,55.91,55.91,221.86,221.86,558.84,558.84,10.04,10.04,6.82,173.98,2025-10-30 13:00:00
2025-10-30,14:00:00,29.43,29.43,57.81,57.81,221.48,221.48,457.97,457.97,10.01,10.01,12.18,310.71,2025-10-30 14:00:00
2025-10-30,15:00:00,28,28,58.74,58.74,231.89,231.89,468.81,468.81,10,10,9.12,232.54,2025-10-30 15:00:00
2025-10-30,16:00:00,30.41,30.41,58.15,58.15,223.14,223.14,624.79,624.79,10,10,3.57,91.06,2025-10-30 16:00:00
2025-10-30,17:00:00,35.94,35.94,57.87,57.87,227.41,227.41,696.96,696.96,10,10,5.12,130.46,2025-10-30 17:00:00
2025-10-30,18:00:00,33.22,33.22,59.06,59.06,222.92,222.92,730.83,730.83,10.09,10.09,6.8,173.3,2025-10-30 18:00:00
2025-10-30,19:00:00,61.35,61.35,61.69,61.69,248.26,248.26,641.4,641.4,9.32,9.32,3.32,84.77,2025-10-30 19:00:00
2025-10-30,20:00:00,37.61,37.61,55.05,55.05,231.26,231.26,679.59,679.59,10.23,10.23,2,51,2025-10-30 20:00:00
2025-10-30,21:00:00,30.66,30.66,60.76,60.76,224.12,224.12,660.86,660.86,10,10,2,51,2025-10-30 21:00:00
2025-10-30,22:00:00,43.76,43.76,58.27,58.27,229.47,229.47,577.24,577.24,10.15,10.15,2,51.04,2025-10-30 22:00:00
2025-10-30,23:00:00,40.9,40.9,60.2,60.2,219.5,219.5,550.74,550.74,10.31,10.31,2.91,74.2,2025-10-30 23:00:00
2025-10-31,0:00:00,41.27,41.27,55.81,55.81,219.09,219.09,428.33,428.33,10.09,10.09,5.13,130.75,2025-10-31 0:00:00
2025-10-31,1:00:00,51.17,51.17,61.83,61.83,222.12,222.12,434.09,434.09,10.32,10.32,2,51,2025-10-31 1:00:00
2025-10-31,2:00:00,55.13,55.13,53.75,53.75,224.59,224.59,452.74,452.74,10.11,10.11,2,51,2025-10-31 2:00:00
2025-10-31,3:00:00,43,43,62.16,62.16,218.8,218.8,454.91,454.91,10.17,10.17,2.09,53.3,2025-10-31 3:00:00
2025-10-31,4:00:00,48.47,48.47,54.27,54.27,212.38,212.38,422.74,422.74,10.11,10.11,8.18,208.49,2025-10-31 4:00:00
2025-10-31,5:00:00,44.62,44.62,62.21,62.21,204.58,204.58,474.09,474.09,10.15,10.15,9.01,229.63,2025-10-31 5:00:00
2025-10-31,6:00:00,29.1,29.1,53.64,53.64,210.3,210.3,444.2,444.2,10,10,2,51,2025-10-31 6:00:00
2025-10-31,7:00:00,27.28,27.28,59.97,59.97,216.48,216.48,421.35,421.35,10,10,2,51,2025-10-31 7:00:00
2025-10-31,8:00:00,36.76,36.76,54.54,54.54,212.7,212.7,429.36,429.36,10,10,3.49,89,2025-10-31 8:00:00
2025-10-31,9:00:00,48.44,48.44,55.7,55.7,218.7,218.7,410.7,410.7,10.28,10.28,9.75,248.58,2025-10-31 9:00:00
2025-10-31,10:00:00,56.67,56.67,57.84,57.84,218.72,218.72,435.01,435.01,10.12,10.12,7.47,190.37,2025-10-31 10:00:00
2025-10-31,11:00:00,75.45,75.45,57.3,57.3,230.39,230.39,440.65,440.65,9.66,9.66,6.28,160.15,2025-10-31 11:00:00
2025-10-31,12:00:00,28.14,28.14,52.46,52.46,252.45,252.45,461.44,461.44,8.34,8.34,6.24,159.09,2025-10-31 12:00:00
2025-10-31,13:00:00,11.98,11.98,51.08,51.08,258.8,258.8,443.35,443.35,8,8,6.87,175.23,2025-10-31 13:00:00
2025-10-31,14:00:00,12.31,12.31,50.62,50.62,274.51,274.51,411.52,411.52,8.03,8.03,8.77,223.52,2025-10-31 14:00:00
2025-10-31,15:00:00,10.26,10.26,50.45,50.45,270.35,270.35,426.01,426.01,8.09,8.09,6.3,160.55,2025-10-31 15:00:00
2025-10-31,16:00:00,9.47,9.47,50.4,50.4,267.87,267.87,415.69,415.69,8,8,2.07,52.76,2025-10-31 16:00:00
2025-10-31,17:00:00,9.87,9.87,50.48,50.48,272.31,272.31,400.35,400.35,8,8,2,51,2025-10-31 17:00:00
2025-10-31,18:00:00,16.64,16.64,50.46,50.46,272.76,272.76,411.09,411.09,8.01,8.01,2,51,2025-10-31 18:00:00
2025-10-31,19:00:00,33.6,33.6,51.13,51.13,253.97,253.97,426.54,426.54,8.28,8.28,2,51,2025-10-31 19:00:00
2025-10-31,20:00:00,50.84,50.84,52.43,52.43,242.33,242.33,444.41,444.41,8.8,8.8,2.01,51.14,2025-10-31 20:00:00
2025-10-31,21:00:00,48.05,48.05,57.3,57.3,212.94,212.94,410.55,410.55,10.04,10.04,2,51,2025-10-31 21:00:00
2025-10-31,22:00:00,23.01,23.01,58.23,58.23,197.61,197.61,459.17,459.17,10,10,2.13,54.21,2025-10-31 22:00:00
2025-10-31,23:00:00,33.9,33.9,57.94,57.94,196.98,196.98,453.93,453.93,10,10,9.69,246.97,2025-10-31 23:00:00
2025-11-01,0:00:00,43.21,43.21,55.42,55.42,215.28,215.28,472.73,472.73,9.02,9.02,11.67,297.54,2025-11-01 0:00:00
2025-11-01,1:00:00,54.22,54.22,58.1,58.1,201.08,201.08,456.63,456.63,10,10,5.97,152.29,2025-11-01 1:00:00
2025-11-01,2:00:00,42.61,42.61,58.78,58.78,197.45,197.45,493.31,493.31,10,10,5.44,138.75,2025-11-01 2:00:00
2025-11-01,3:00:00,42.69,42.69,64.07,64.07,190.52,190.52,489.07,489.07,10,10,2.42,61.8,2025-11-01 3:00:00
2025-11-01,4:00:00,45.07,45.07,55.06,55.06,205.2,205.2,425.08,425.08,10,10,4.45,113.43,2025-11-01 4:00:00
2025-11-01,5:00:00,48.58,48.58,55.04,55.04,223.34,223.34,479.28,479.28,8.91,8.91,10.16,258.97,2025-11-01 5:00:00
2025-11-01,6:00:00,62.68,62.68,62.39,62.39,217.78,217.78,414.41,414.41,10,10,3.84,97.84,2025-11-01 6:00:00
2025-11-01,7:00:00,53.44,53.44,55.63,55.63,202.85,202.85,447.41,447.41,10,10,2,51,2025-11-01 7:00:00
2025-11-01,8:00:00,56.71,56.71,57.39,57.39,203.15,203.15,479.12,479.12,10,10,2.03,51.82,2025-11-01 8:00:00
2025-11-01,9:00:00,55.11,55.11,58.41,58.41,202.43,202.43,498.45,498.45,10,10,3.47,88.46,2025-11-01 9:00:00
2025-11-01,10:00:00,60.92,60.92,58.32,58.32,198.02,198.02,546.05,546.05,10,10,5.6,142.79,2025-11-01 10:00:00
2025-11-01,11:00:00,68.22,68.22,58.51,58.51,197.75,197.75,505.07,505.07,10,10,9.02,229.96,2025-11-01 11:00:00
2025-11-01,12:00:00,60.87,60.87,58.71,58.71,197.63,197.63,488.01,488.01,10,10,10.39,265.03,2025-11-01 12:00:00
2025-11-01,13:00:00,61.85,61.85,58.67,58.67,200.64,200.64,488.24,488.24,10,10,9.37,238.98,2025-11-01 13:00:00
2025-11-01,14:00:00,69.7,69.7,58.77,58.77,206.28,206.28,511.94,511.94,10,10,10.78,274.94,2025-11-01 14:00:00
2025-11-01,15:00:00,75.91,75.91,58.84,58.84,195.17,195.17,582.56,582.56,10,10,3.57,90.94,2025-11-01 15:00:00
2025-11-01,16:00:00,81,81,58.19,58.19,187.85,187.85,542.35,542.35,10,10,2.08,53.09,2025-11-01 16:00:00
2025-11-01,17:00:00,79.59,79.59,58.85,58.85,200.16,200.16,505.85,505.85,10,10,2.06,52.44,2025-11-01 17:00:00
2025-11-01,18:00:00,68.71,68.71,58.1,58.1,200.35,200.35,544.88,544.88,10.06,10.06,6.01,153.21,2025-11-01 18:00:00
2025-11-01,19:00:00,68.04,68.04,58.09,58.09,204.99,204.99,570.39,570.39,10,10,11.41,291.04,2025-11-01 19:00:00
2025-11-01,20:00:00,71.33,71.33,57.94,57.94,197.92,197.92,555.96,555.96,10,10,2.76,70.38,2025-11-01 20:00:00
2025-11-01,21:00:00,60.06,60.06,58.13,58.13,197.95,197.95,501.49,501.49,10,10,6.95,177.11,2025-11-01 21:00:00
2025-11-01,22:00:00,49.13,49.13,57.77,57.77,194.64,194.64,522.27,522.27,10,10,7.77,198.22,2025-11-01 22:00:00
2025-11-01,23:00:00,55.42,55.42,57.57,57.57,197.11,197.11,515.32,515.32,10,10,3.82,97.37,2025-11-01 23:00:00
2025-11-02,0:00:00,56.12,56.12,57.98,57.98,206.49,206.49,449.26,449.26,10,10,2,51,2025-11-02 0:00:00
2025-11-02,1:00:00,57.63,57.63,63.7,63.7,196.18,196.18,481.56,481.56,10,10,2.01,51.19,2025-11-02 1:00:00
2025-11-02,2:00:00,56.02,56.02,54.06,54.06,199.26,199.26,488.77,488.77,10,10,2.73,69.72,2025-11-02 2:00:00
2025-11-02,3:00:00,52,52,60.15,60.15,197.04,197.04,461.07,461.07,10,10,9.32,237.71,2025-11-02 3:00:00
2025-11-02,4:00:00,48.05,48.05,55.35,55.35,195.33,195.33,505.45,505.45,10,10,6.53,166.63,2025-11-02 4:00:00
2025-11-02,5:00:00,46.32,46.32,58.18,58.18,195.28,195.28,570.61,570.61,10,10,9,229.4,2025-11-02 5:00:00
2025-11-02,6:00:00,49.48,49.48,55.05,55.05,198.47,198.47,567.45,567.45,10,10,6.59,167.98,2025-11-02 6:00:00
2025-11-02,7:00:00,52.23,52.23,60.09,60.09,210.42,210.42,438.48,438.48,10,10,4.48,114.2,2025-11-02 7:00:00
2025-11-02,8:00:00,51.18,51.18,54.58,54.58,200.17,200.17,432.07,432.07,10,10,6.41,163.38,2025-11-02 8:00:00
2025-11-02,9:00:00,54.18,54.18,56.45,56.45,202.86,202.86,401.07,401.07,10,10,4.94,126.06,2025-11-02 9:00:00
2025-11-02,10:00:00,65.53,65.53,57.53,57.53,207.13,207.13,410.5,410.5,10,10,5.48,139.72,2025-11-02 10:00:00
2025-11-02,11:00:00,58.07,58.07,57.62,57.62,191.89,191.89,480.5,480.5,10,10,5.47,139.53,2025-11-02 11:00:00
2025-11-02,12:00:00,54.99,54.99,57.64,57.64,192.57,192.57,519.38,519.38,10,10,7.61,194.18,2025-11-02 12:00:00
2025-11-02,13:00:00,49.09,49.09,57.16,57.16,194.14,194.14,507.46,507.46,10,10,5.1,129.98,2025-11-02 13:00:00
2025-11-02,14:00:00,55.39,55.39,56.87,56.87,198.48,198.48,498.67,498.67,10,10,8.56,218.37,2025-11-02 14:00:00
2025-11-02,15:00:00,62.47,62.47,57.11,57.11,198.63,198.63,552.62,552.62,10,10,7.74,197.25,2025-11-02 15:00:00
2025-11-02,16:00:00,52.85,52.85,57.06,57.06,199.08,199.08,509.08,509.08,10,10,3.3,84.14,2025-11-02 16:00:00
2025-11-02,17:00:00,73.89,73.89,56.6,56.6,215.36,215.36,426.01,426.01,10,10,2,51,2025-11-02 17:00:00
2025-11-02,18:00:00,72.72,72.72,57.17,57.17,207.27,207.27,471.65,471.65,10.04,10.04,2.02,51.49,2025-11-02 18:00:00
2025-11-02,19:00:00,32.11,32.11,56.15,56.15,211.21,211.21,506.04,506.04,10,10,2.02,51.42,2025-11-02 19:00:00
2025-11-02,20:00:00,43.55,43.55,57.86,57.86,207.67,207.67,761.25,761.25,10,10,4.35,110.88,2025-11-02 20:00:00
2025-11-02,21:00:00,45.5,45.5,55.32,55.32,209.37,209.37,481.41,481.41,10,10,6.44,164.22,2025-11-02 21:00:00
2025-11-02,22:00:00,59.13,59.13,55.59,55.59,216.57,216.57,468.06,468.06,10,10,2.29,58.32,2025-11-02 22:00:00
2025-11-02,23:00:00,53.17,53.17,56.51,56.51,211.68,211.68,453.06,453.06,10,10,6.74,171.85,2025-11-02 23:00:00
2025-11-03,0:00:00,44.84,44.84,60.42,60.42,212.62,212.62,395.5,395.5,10,10,5.59,142.6,2025-11-03 0:00:00
2025-11-03,1:00:00,38.84,38.84,58.35,58.35,217.64,217.64,355.09,355.09,10,10,9.86,251.39,2025-11-03 1:00:00
2025-11-03,2:00:00,41.65,41.65,54.64,54.64,206.47,206.47,413.42,413.42,10,10,3.71,94.49,2025-11-03 2:00:00
2025-11-03,3:00:00,49.34,49.34,58.83,58.83,211.44,211.44,396.21,396.21,10,10,2,51,2025-11-03 3:00:00
2025-11-03,4:00:00,47.14,47.14,52.71,52.71,213.06,213.06,374.85,374.85,10,10,2,51,2025-11-03 4:00:00
2025-11-03,5:00:00,45.44,45.44,59.67,59.67,215.91,215.91,362.43,362.43,10,10,5.26,134.08,2025-11-03 5:00:00
2025-11-03,6:00:00,50.39,50.39,52.47,52.47,219.91,219.91,366.64,366.64,10,10,16.32,416.21,2025-11-03 6:00:00
2025-11-03,7:00:00,48.55,48.55,52.66,52.66,226.33,226.33,366.93,366.93,9.26,9.26,5.31,135.44,2025-11-03 7:00:00
2025-11-03,8:00:00,44.78,44.78,50.84,50.84,241.31,241.31,360.9,360.9,8,8,2.26,57.75,2025-11-03 8:00:00
2025-11-03,9:00:00,51.97,51.97,51.39,51.39,260.74,260.74,339.53,339.53,8.25,8.25,9.2,234.67,2025-11-03 9:00:00
2025-11-03,10:00:00,67.89,67.89,57.76,57.76,230.41,230.41,385.38,385.38,9.47,9.47,10.05,256.17,2025-11-03 10:00:00
2025-11-03,11:00:00,30.68,30.68,53.44,53.44,202.16,202.16,668.88,668.88,9.54,9.54,13.31,339.48,2025-11-03 11:00:00
2025-11-03,12:00:00,62.62,62.62,47.82,47.82,226.16,226.16,669.21,669.21,7.98,7.98,5.3,135.19,2025-11-03 12:00:00
2025-11-03,13:00:00,60.53,60.53,48.98,48.98,237.45,237.45,723.04,723.04,7.91,7.91,2,51,2025-11-03 13:00:00
2025-11-03,14:00:00,67.02,67.02,49.96,49.96,236.22,236.22,471.76,471.76,8.02,8.02,5.93,151.19,2025-11-03 14:00:00
2025-11-03,15:00:00,57.2,57.2,50.71,50.71,227.76,227.76,481.93,481.93,8,8,12.6,321.22,2025-11-03 15:00:00
2025-11-03,16:00:00,50,50,49.68,49.68,225.72,225.72,460.6,460.6,8,8,12,305.97,2025-11-03 16:00:00
2025-11-03,17:00:00,55.5,55.5,50.26,50.26,212.83,212.83,516.04,516.04,8.24,8.24,10.27,261.81,2025-11-03 17:00:00
2025-11-03,18:00:00,39.07,39.07,53.83,53.83,177.51,177.51,641.63,641.63,9.99,9.99,2.03,51.73,2025-11-03 18:00:00
2025-11-03,19:00:00,31.78,31.78,54.35,54.35,166.68,166.68,721.07,721.07,10,10,2,51,2025-11-03 19:00:00
2025-11-03,20:00:00,31.54,31.54,57.03,57.03,180.56,180.56,691.56,691.56,10,10,2,51,2025-11-03 20:00:00
2025-11-03,21:00:00,44.84,44.84,52.09,52.09,182.77,182.77,598.34,598.34,9.98,9.98,5.71,145.48,2025-11-03 21:00:00
2025-11-03,22:00:00,26.84,26.84,58.17,58.17,180.09,180.09,640.67,640.67,9.94,9.94,11.88,303.02,2025-11-03 22:00:00
2025-11-03,23:00:00,25.98,25.98,48.12,48.12,200.03,200.03,564.05,564.05,9.2,9.2,10.77,274.72,2025-11-03 23:00:00
2025-11-04,0:00:00,42.31,42.31,52.12,52.12,217.27,217.27,508.85,508.85,7.93,7.93,11.19,285.47,2025-11-04 0:00:00
2025-11-04,1:00:00,39.31,39.31,46.4,46.4,247.14,247.14,363.56,363.56,7.99,7.99,11.26,287.09,2025-11-04 1:00:00
2025-11-04,2:00:00,40.69,40.69,51.78,51.78,249.78,249.78,362.14,362.14,8,8,10.05,256.17,2025-11-04 2:00:00
2025-11-04,3:00:00,60.93,60.93,46.4,46.4,229.54,229.54,561.44,561.44,8.45,8.45,7.41,189.06,2025-11-04 3:00:00
2025-11-04,4:00:00,27.53,27.53,55.99,55.99,205.55,205.55,559.84,559.84,9.31,9.31,9.55,243.51,2025-11-04 4:00:00
2025-11-04,5:00:00,41.12,41.12,45.36,45.36,227.56,227.56,410.75,410.75,8,8,7.25,184.87,2025-11-04 5:00:00
2025-11-04,6:00:00,46.14,46.14,53.9,53.9,247.01,247.01,328.48,328.48,8.01,8.01,10.13,258.38,2025-11-04 6:00:00
2025-11-04,7:00:00,37.33,37.33,45.73,45.73,235.73,235.73,403.54,403.54,8.04,8.04,11.78,300.42,2025-11-04 7:00:00
2025-11-04,8:00:00,28.42,28.42,52.01,52.01,234.52,234.52,449.13,449.13,8,8,15.81,403.24,2025-11-04 8:00:00
2025-11-04,9:00:00,32.65,32.65,44.99,44.99,226.46,226.46,498.26,498.26,8.03,8.03,12.5,318.83,2025-11-04 9:00:00
2025-11-04,10:00:00,38.89,38.89,53.83,53.83,234.34,234.34,371.48,371.48,8.67,8.67,8.94,227.88,2025-11-04 10:00:00
2025-11-04,11:00:00,43.46,43.46,49.47,49.47,193.16,193.16,490.42,490.42,9.84,9.84,5.07,129.2,2025-11-04 11:00:00
2025-11-04,12:00:00,20.93,20.93,52.13,52.13,177.36,177.36,577.12,577.12,10,10,2.01,51.23,2025-11-04 12:00:00
2025-11-04,13:00:00,27.94,27.94,53.42,53.42,177.11,177.11,662.49,662.49,10,10,2.25,57.37,2025-11-04 13:00:00
2025-11-04,14:00:00,37.26,37.26,53.71,53.71,179.84,179.84,676.14,676.14,10,10,3.87,98.75,2025-11-04 14:00:00
2025-11-04,15:00:00,31.45,31.45,53.33,53.33,186.23,186.23,572.61,572.61,10,10,2.82,72.03,2025-11-04 15:00:00
2025-11-04,16:00:00,24.7,24.7,56.93,56.93,200.92,200.92,496.53,496.53,10,10,2.42,61.73,2025-11-04 16:00:00
2025-11-04,17:00:00,23.91,23.91,54.65,54.65,201.35,201.35,556.25,556.25,10,10,2.01,51.13,2025-11-04 17:00:00
2025-11-04,18:00:00,24.55,24.55,54.11,54.11,201.45,201.45,515.01,515.01,10.05,10.05,2,51.13,2025-11-04 18:00:00
2025-11-04,19:00:00,26.23,26.23,55.45,55.45,209.18,209.18,491.15,491.15,10,10,4.03,102.64,2025-11-04 19:00:00
2025-11-04,20:00:00,20.34,20.34,54.68,54.68,208.86,208.86,466.08,466.08,10,10,8.2,208.99,2025-11-04 20:00:00
2025-11-04,21:00:00,20.52,20.52,54.1,54.1,209.26,209.26,475.7,475.7,10,10,7.39,188.38,2025-11-04 21:00:00
2025-11-04,22:00:00,17.56,17.56,53.36,53.36,206.02,206.02,534.49,534.49,10,10,2.7,68.85,2025-11-04 22:00:00
2025-11-04,23:00:00,17.14,17.14,54.28,54.28,192.66,192.66,520.23,520.23,10,10,3.21,81.98,2025-11-04 23:00:00
2025-11-05,0:00:00,19.23,19.23,55.22,55.22,199.05,199.05,498.01,498.01,10,10,9.27,236.35,2025-11-05 0:00:00
2025-11-05,1:00:00,20.81,20.81,51.61,51.61,186.26,186.26,587.11,587.11,10,10,8.7,221.87,2025-11-05 1:00:00
2025-11-05,2:00:00,20.81,20.81,55.95,55.95,192.3,192.3,675.33,675.33,10,10,8.24,210.21,2025-11-05 2:00:00
2025-11-05,3:00:00,23.04,23.04,50.58,50.58,187.61,187.61,702.39,702.39,10,10,2.96,75.42,2025-11-05 3:00:00
2025-11-05,4:00:00,18.91,18.91,56.36,56.36,182.13,182.13,846.97,846.97,10,10,2,51,2025-11-05 4:00:00
2025-11-05,5:00:00,13.93,13.93,49.26,49.26,182.31,182.31,857.77,857.77,10,10,2,51,2025-11-05 5:00:00
2025-11-05,6:00:00,11.79,11.79,56.78,56.78,190.33,190.33,662.75,662.75,10,10,2.23,56.75,2025-11-05 6:00:00
2025-11-05,7:00:00,14.67,14.67,49.73,49.73,186.06,186.06,762.99,762.99,10,10,7,178.58,2025-11-05 7:00:00
2025-11-05,8:00:00,35.5,35.5,55.95,55.95,179.45,179.45,764.74,764.74,10,10,10.99,280.3,2025-11-05 8:00:00
2025-11-05,9:00:00,42.7,42.7,51.21,51.21,211.55,211.55,633.67,633.67,9.21,9.21,9.63,245.65,2025-11-05 9:00:00
2025-11-05,10:00:00,30.72,30.72,51.32,51.32,230.89,230.89,522.02,522.02,9.1,9.1,8.54,217.82,2025-11-05 10:00:00
2025-11-05,11:00:00,29.2,29.2,50.33,50.33,248.17,248.17,312.03,312.03,9.87,9.87,4.6,117.18,2025-11-05 11:00:00
2025-11-05,12:00:00,25.62,25.62,53.62,53.62,234.44,234.44,317.01,317.01,9.99,9.99,2,51,2025-11-05 12:00:00
2025-11-05,13:00:00,20.82,20.82,50.98,50.98,249.05,249.05,300.02,300.02,9.62,9.62,2,51,2025-11-05 13:00:00
2025-11-05,14:00:00,19.9,19.9,51,51,253.26,253.26,295,295,9.57,9.57,2,51,2025-11-05 14:00:00
2025-11-05,15:00:00,34.2,34.2,50.46,50.46,244.33,244.33,329.17,329.17,9.32,9.32,2,51,2025-11-05 15:00:00
2025-11-05,16:00:00,16.44,16.44,53.03,53.03,241.37,241.37,289.43,289.43,9.95,9.95,2,51,2025-11-05 16:00:00
2025-11-05,17:00:00,13.84,13.84,53.44,53.44,226.55,226.55,297.84,297.84,10,10,2,51,2025-11-05 17:00:00
2025-11-05,18:00:00,12.63,12.63,55.71,55.71,215.54,215.54,584.31,584.31,10.29,10.29,2,51,2025-11-05 18:00:00
2025-11-05,19:00:00,13.45,13.45,51.44,51.44,274.15,274.15,278.43,278.43,10.42,10.42,2,51,2025-11-05 19:00:00
2025-11-05,20:00:00,14.27,14.27,58.28,58.28,257.08,257.08,269.42,269.42,10.12,10.12,2,51,2025-11-05 20:00:00
2025-11-05,21:00:00,13.45,13.45,51.23,51.23,238.9,238.9,405.53,405.53,10,10,2.2,56.05,2025-11-05 21:00:00
2025-11-05,22:00:00,13.36,13.36,56.36,56.36,243.62,243.62,403.45,403.45,10,10,9.28,236.75,2025-11-05 22:00:00
2025-11-05,23:00:00,15.65,15.65,52.92,52.92,264.33,264.33,267.38,267.38,10,10,8.69,221.57,2025-11-05 23:00:00
2025-11-06,0:00:00,21.41,21.41,55.45,55.45,242.96,242.96,329.74,329.74,10,10,9.95,253.68,2025-11-06 0:00:00
2025-11-06,1:00:00,20.37,20.37,56.91,56.91,281.37,281.37,242.01,242.01,10,10,10.09,257.28,2025-11-06 1:00:00
2025-11-06,2:00:00,28.63,28.63,55.56,55.56,302.08,302.08,243.92,243.92,10.74,10.74,2.1,53.64,2025-11-06 2:00:00
2025-11-06,3:00:00,21.95,21.95,57.9,57.9,319.49,319.49,256.38,256.38,11.32,11.32,2,51,2025-11-06 3:00:00
2025-11-06,4:00:00,15.68,15.68,62.29,62.29,289.91,289.91,258.85,258.85,11.36,11.36,6.66,169.86,2025-11-06 4:00:00
2025-11-06,5:00:00,16.11,16.11,54.01,54.01,327.73,327.73,254.25,254.25,11,11,9.77,249.25,2025-11-06 5:00:00
2025-11-06,6:00:00,17.44,17.44,57.04,57.04,335.55,335.55,251.12,251.12,11,11,3.33,85.04,2025-11-06 6:00:00
2025-11-06,7:00:00,16.42,16.42,56.11,56.11,336.43,336.43,237.72,237.72,10.95,10.95,5.66,144.43,2025-11-06 7:00:00
2025-11-06,8:00:00,16.82,16.82,61.01,61.01,317.75,317.75,227.57,227.57,10.03,10.03,8.26,210.58,2025-11-06 8:00:00
2025-11-06,9:00:00,23.37,23.37,52.12,52.12,316.08,316.08,245.27,245.27,10.13,10.13,9.27,236.51,2025-11-06 9:00:00
2025-11-06,10:00:00,12.27,12.27,53.94,53.94,317.09,317.09,242.73,242.73,10.01,10.01,11.68,297.72,2025-11-06 10:00:00
2025-11-06,11:00:00,23.97,23.97,56.35,56.35,303.1,303.1,291.46,291.46,10.12,10.12,9.06,231,2025-11-06 11:00:00
2025-11-06,12:00:00,14.75,14.75,56.11,56.11,309.89,309.89,247.5,247.5,10,10,6.27,159.86,2025-11-06 12:00:00
2025-11-06,13:00:00,14,14,56.03,56.03,317.23,317.23,246.91,246.91,10,10,2.88,73.37,2025-11-06 13:00:00
2025-11-06,14:00:00,22.86,22.86,55.73,55.73,304.59,304.59,268.62,268.62,10,10,5.57,142.15,2025-11-06 14:00:00
2025-11-06,15:00:00,45.84,45.84,55.82,55.82,281.87,281.87,275.27,275.27,9.87,9.87,11,280.54,2025-11-06 15:00:00
2025-11-06,16:00:00,44.45,44.45,50.62,50.62,308.92,308.92,316.67,316.67,8.15,8.15,11.59,295.45,2025-11-06 16:00:00
2025-11-06,17:00:00,27.74,27.74,48.56,48.56,307.49,307.49,295.92,295.92,7.9,7.9,2.07,52.74,2025-11-06 17:00:00
2025-11-06,18:00:00,32.72,32.72,55.94,55.94,301.42,301.42,271.08,271.08,9.2,9.2,2,51,2025-11-06 18:00:00
2025-11-06,19:00:00,31.1,31.1,52.13,52.13,265.35,265.35,289.41,289.41,10.01,10.01,5.23,133.28,2025-11-06 19:00:00
2025-11-06,20:00:00,18.62,18.62,58.7,58.7,247.74,247.74,274.11,274.11,10.06,10.06,5.35,136.55,2025-11-06 20:00:00
2025-11-06,21:00:00,13.81,13.81,52.97,52.97,230.66,230.66,335.47,335.47,10,10,4.89,124.72,2025-11-06 21:00:00
2025-11-06,22:00:00,12.11,12.11,57.02,57.02,223.15,223.15,404.55,404.55,10,10,3.34,85.19,2025-11-06 22:00:00
2025-11-06,23:00:00,13.28,13.28,52.99,52.99,219.4,219.4,419.52,419.52,10,10,8.12,207.03,2025-11-06 23:00:00
2025-11-07,0:00:00,16.13,16.13,57.73,57.73,220.09,220.09,426.79,426.79,10,10,7.48,190.66,2025-11-07 0:00:00
2025-11-07,1:00:00,18.56,18.56,54.57,54.57,216.06,216.06,416.39,416.39,10.01,10.01,5.17,131.77,2025-11-07 1:00:00
2025-11-07,2:00:00,19.63,19.63,57,57,222.42,222.42,404.26,404.26,10,10,2,51,2025-11-07 2:00:00
2025-11-07,3:00:00,25.99,25.99,52.61,52.61,236.94,236.94,382.43,382.43,10,10,2.17,55.24,2025-11-07 3:00:00
2025-11-07,4:00:00,19.64,19.64,58.37,58.37,216.14,216.14,427.81,427.81,10,10,2.95,75.23,2025-11-07 4:00:00
2025-11-07,5:00:00,21.47,21.47,55.4,55.4,227.72,227.72,449.43,449.43,10,10,11.14,284.12,2025-11-07 5:00:00
2025-11-07,6:00:00,31.07,31.07,59.02,59.02,216.48,216.48,456.38,456.38,9.95,9.95,16.17,412.45,2025-11-07 6:00:00
2025-11-07,7:00:00,55.67,55.67,56.23,56.23,225.97,225.97,515.27,515.27,9.99,9.99,5.43,138.39,2025-11-07 7:00:00
2025-11-07,8:00:00,85.05,85.05,58.12,58.12,231.09,231.09,395.77,395.77,9.98,9.98,2.09,53.4,2025-11-07 8:00:00
2025-11-07,9:00:00,59.16,59.16,57.03,57.03,228.16,228.16,388.31,388.31,9.99,9.99,6.18,157.62,2025-11-07 9:00:00
2025-11-07,10:00:00,59.33,59.33,53.27,53.27,226.75,226.75,435.33,435.33,9.6,9.6,14.54,370.74,2025-11-07 10:00:00
2025-11-07,11:00:00,57.6,57.6,55.71,55.71,226.5,226.5,414.92,414.92,9.98,9.98,15.58,397.38,2025-11-07 11:00:00
2025-11-07,12:00:00,74.92,74.92,57.06,57.06,225.75,225.75,423.41,423.41,10,10,14.03,357.87,2025-11-07 12:00:00
2025-11-07,13:00:00,74.36,74.36,57.04,57.04,234.7,234.7,386.92,386.92,10,10,7.75,197.73,2025-11-07 13:00:00
2025-11-07,14:00:00,51.85,51.85,56.38,56.38,230.91,230.91,411.75,411.75,9.98,9.98,4.48,114.33,2025-11-07 14:00:00
2025-11-07,15:00:00,43.76,43.76,55.99,55.99,221.89,221.89,433.14,433.14,9.89,9.89,3.55,90.52,2025-11-07 15:00:00
2025-11-07,16:00:00,31.67,31.67,62.05,62.05,241.23,241.23,394.06,394.06,10,10,7.52,191.78,2025-11-07 16:00:00
2025-11-07,17:00:00,31.29,31.29,53.12,53.12,227.4,227.4,424.94,424.94,9.69,9.69,2.4,61.12,2025-11-07 17:00:00
2025-11-07,18:00:00,30.52,30.52,62.54,62.54,212.85,212.85,401.57,401.57,10.05,10.05,3.18,81.19,2025-11-07 18:00:00
2025-11-07,19:00:00,32.92,32.92,54.62,54.62,223.12,223.12,411.52,411.52,10,10,2.02,51.43,2025-11-07 19:00:00
2025-11-07,20:00:00,41.91,41.91,61.04,61.04,223.07,223.07,455.95,455.95,9.6,9.6,2.01,51.25,2025-11-07 20:00:00
2025-11-07,21:00:00,40.48,40.48,54.83,54.83,236.45,236.45,375.81,375.81,9.99,9.99,2.01,51.22,2025-11-07 21:00:00
2025-11-07,22:00:00,25.29,25.29,62.51,62.51,223.67,223.67,380.98,380.98,10,10,2.85,72.57,2025-11-07 22:00:00
2025-11-07,23:00:00,21.43,21.43,54.12,54.12,212.88,212.88,431.69,431.69,10,10,5.13,130.89,2025-11-07 23:00:00
2025-11-08,0:00:00,19.17,19.17,61.36,61.36,208.67,208.67,475.88,475.88,10,10,5.47,139.45,2025-11-08 0:00:00
2025-11-08,1:00:00,23.26,23.26,57.15,57.15,228.22,228.22,413.72,413.72,10,10,5,127.52,2025-11-08 1:00:00
2025-11-08,2:00:00,34.97,34.97,58.65,58.65,223.03,223.03,408.23,408.23,10,10,8.35,212.99,2025-11-08 2:00:00
2025-11-08,3:00:00,48.28,48.28,53.85,53.85,243.91,243.91,451.65,451.65,8.5,8.5,7.39,188.47,2025-11-08 3:00:00
2025-11-08,4:00:00,52.35,52.35,59.15,59.15,216.97,216.97,475.73,475.73,9.41,9.41,5.59,142.67,2025-11-08 4:00:00
2025-11-08,5:00:00,25.52,25.52,58.52,58.52,220.84,220.84,404.29,404.29,10,10,2.18,55.69,2025-11-08 5:00:00
2025-11-08,6:00:00,26.79,26.79,57.79,57.79,221.04,221.04,412.47,412.47,10,10,8.07,205.66,2025-11-08 6:00:00
2025-11-08,7:00:00,32.05,32.05,58.16,58.16,214.1,214.1,415.85,415.85,10,10,11.34,289.05,2025-11-08 7:00:00
2025-11-08,8:00:00,43.73,43.73,61.49,61.49,245.54,245.54,376.01,376.01,9.57,9.57,8.56,218.35,2025-11-08 8:00:00
2025-11-08,9:00:00,44.53,44.53,57.59,57.59,232.86,232.86,487.29,487.29,10,10,5.96,151.96,2025-11-08 9:00:00
2025-11-08,10:00:00,53,53,62.18,62.18,227.34,227.34,416.08,416.08,10,10,6.57,167.63,2025-11-08 10:00:00
2025-11-08,11:00:00,59.47,59.47,56.67,56.67,235.93,235.93,393.55,393.55,10,10,5.68,144.78,2025-11-08 11:00:00
2025-11-08,12:00:00,56.43,56.43,58.51,58.51,238.39,238.39,403.46,403.46,10,10,2.02,51.42,2025-11-08 12:00:00
2025-11-08,13:00:00,42.39,42.39,64.65,64.65,224.43,224.43,442.93,442.93,10,10,2.01,51.29,2025-11-08 13:00:00
2025-11-08,14:00:00,34.83,34.83,57.09,57.09,219.36,219.36,423.44,423.44,10,10,2.01,51.2,2025-11-08 14:00:00
2025-11-08,15:00:00,33.65,33.65,57.16,57.16,229.16,229.16,420.01,420.01,10,10,2.02,51.58,2025-11-08 15:00:00
2025-11-08,16:00:00,35.07,35.07,65.16,65.16,225.87,225.87,412.42,412.42,10,10,2.02,51.4,2025-11-08 16:00:00
2025-11-08,17:00:00,34.92,34.92,56.51,56.51,220.69,220.69,434.81,434.81,10,10,2.26,57.63,2025-11-08 17:00:00
2025-11-08,18:00:00,39.83,39.83,62.46,62.46,228.47,228.47,413.77,413.77,10.05,10.05,2.02,51.56,2025-11-08 18:00:00
2025-11-08,19:00:00,46.91,46.91,59.14,59.14,242.05,242.05,408.59,408.59,10,10,2.01,51.28,2025-11-08 19:00:00
2025-11-08,20:00:00,52.1,52.1,60.39,60.39,247.58,247.58,404.68,404.68,10,10,2.01,51.35,2025-11-08 20:00:00
2025-11-08,21:00:00,43.22,43.22,59.35,59.35,255.06,255.06,393.2,393.2,10,10,2.01,51.31,2025-11-08 21:00:00
2025-11-08,22:00:00,35.63,35.63,61.13,61.13,251.68,251.68,392.19,392.19,10,10,2.01,51.19,2025-11-08 22:00:00
2025-11-08,23:00:00,25.04,25.04,57.17,57.17,232.81,232.81,413.54,413.54,10,10,2.01,51.14,2025-11-08 23:00:00
2025-11-09,0:00:00,21.24,21.24,62.31,62.31,223.88,223.88,420.05,420.05,10,10,2.01,51.16,2025-11-09 0:00:00
2025-11-09,1:00:00,17.17,17.17,55.12,55.12,209.22,209.22,568.32,568.32,9.99,9.99,2.01,51.16,2025-11-09 1:00:00
2025-11-09,2:00:00,15.19,15.19,62.36,62.36,210.39,210.39,505.54,505.54,10,10,2.01,51.18,2025-11-09 2:00:00
2025-11-09,3:00:00,14.71,14.71,54.78,54.78,210.75,210.75,511.14,511.14,9.76,9.76,2,51.07,2025-11-09 3:00:00
2025-11-09,4:00:00,13.86,13.86,61.73,61.73,216.73,216.73,540.38,540.38,9.66,9.66,2.01,51.15,2025-11-09 4:00:00
2025-11-09,5:00:00,13.85,13.85,57.61,57.61,220.66,220.66,472.67,472.67,9.96,9.96,2.03,51.75,2025-11-09 5:00:00
2025-11-09,6:00:00,14.36,14.36,59.5,59.5,227.08,227.08,461.85,461.85,9.79,9.79,7.34,187.11,2025-11-09 6:00:00
2025-11-09,7:00:00,16.19,16.19,60.34,60.34,215.82,215.82,558.19,558.19,9.96,9.96,12.7,323.8,2025-11-09 7:00:00
2025-11-09,8:00:00,18.67,18.67,60.27,60.27,233.62,233.62,435.04,435.04,9.64,9.64,9.77,249.19,2025-11-09 8:00:00
2025-11-09,9:00:00,19.17,19.17,57.92,57.92,216.09,216.09,477.97,477.97,10,10,10.11,257.69,2025-11-09 9:00:00
2025-11-09,10:00:00,17.84,17.84,63.47,63.47,229.15,229.15,446.95,446.95,9.95,9.95,10.6,270.33,2025-11-09 10:00:00
2025-11-09,11:00:00,43.79,43.79,55.55,55.55,242.73,242.73,494.27,494.27,8.94,8.94,10.21,260.44,2025-11-09 11:00:00
2025-11-09,12:00:00,55.92,55.92,59.24,59.24,237.72,237.72,541.74,541.74,9.2,9.2,10.72,273.39,2025-11-09 12:00:00
2025-11-09,13:00:00,20.4,20.4,60.11,60.11,240.2,240.2,441.13,441.13,10,10,8.39,214.01,2025-11-09 13:00:00
2025-11-09,14:00:00,16.9,16.9,60.3,60.3,213.06,213.06,490.25,490.25,10,10,2.19,55.76,2025-11-09 14:00:00
2025-11-09,15:00:00,15.08,15.08,59.84,59.84,212.16,212.16,501.02,501.02,9.98,9.98,2.02,51.48,2025-11-09 15:00:00
2025-11-09,16:00:00,14.73,14.73,59.86,59.86,209.8,209.8,480.84,480.84,9.98,9.98,2.02,51.62,2025-11-09 16:00:00
2025-11-09,17:00:00,14.7,14.7,60.28,60.28,208.83,208.83,488.17,488.17,9.99,9.99,2.03,51.8,2025-11-09 17:00:00
2025-11-09,18:00:00,15.97,15.97,60.87,60.87,221.6,221.6,459.52,459.52,10.05,10.05,2.03,51.65,2025-11-09 18:00:00
2025-11-09,19:00:00,19.08,19.08,60.96,60.96,222.84,222.84,447.72,447.72,10,10,2.02,51.4,2025-11-09 19:00:00
2025-11-09,20:00:00,19.11,19.11,61.3,61.3,216.63,216.63,451.28,451.28,10,10,2.01,51.3,2025-11-09 20:00:00
2025-11-09,21:00:00,20.46,20.46,61.62,61.62,217.68,217.68,465.48,465.48,10,10,2.01,51.18,2025-11-09 21:00:00
2025-11-09,22:00:00,19.17,19.17,61.22,61.22,222.75,222.75,453.65,453.65,10,10,3.7,94.44,2025-11-09 22:00:00
2025-11-09,23:00:00,20.5,20.5,66.44,66.44,215.44,215.44,499.11,499.11,9.81,9.81,4.57,116.6,2025-11-09 23:00:00
2025-11-10,0:00:00,22.9,22.9,60.04,60.04,216.49,216.49,505.61,505.61,10,10,3.7,94.26,2025-11-10 0:00:00
2025-11-10,1:00:00,24.86,24.86,60.42,60.42,205.21,205.21,534.62,534.62,10,10,2.01,51.16,2025-11-10 1:00:00
2025-11-10,2:00:00,53.12,53.12,64.43,64.43,206.93,206.93,593.96,593.96,9.81,9.81,2.01,51.14,2025-11-10 2:00:00
2025-11-10,3:00:00,96.17,96.17,59.82,59.82,206.5,206.5,526.9,526.9,10,10,2,51.12,2025-11-10 3:00:00
2025-11-10,4:00:00,65.31,65.31,65.66,65.66,209.79,209.79,549.9,549.9,10,10,2.01,51.18,2025-11-10 4:00:00
2025-11-10,5:00:00,27.54,27.54,57.79,57.79,202.27,202.27,577.57,577.57,9.82,9.82,2.01,51.26,2025-11-10 5:00:00
2025-11-10,6:00:00,42.15,42.15,65.6,65.6,205.42,205.42,545.3,545.3,10,10,2.01,51.24,2025-11-10 6:00:00
2025-11-10,7:00:00,54.8,54.8,60.87,60.87,189.62,189.62,581.09,581.09,10,10,7.82,199.32,2025-11-10 7:00:00
2025-11-10,8:00:00,84.26,84.26,58.79,58.79,230.95,230.95,569.92,569.92,8.08,8.08,11.14,284.07,2025-11-10 8:00:00
2025-11-10,9:00:00,77.83,77.83,59.21,59.21,213.31,213.31,524.77,524.77,9.76,9.76,10.05,256.22,2025-11-10 9:00:00
2025-11-10,10:00:00,36.63,36.63,65.85,65.85,226.85,226.85,468.68,468.68,10,10,8.43,214.98,2025-11-10 10:00:00
2025-11-10,11:00:00,35.52,35.52,60.99,60.99,218.02,218.02,499.37,499.37,10,10,8.27,210.92,2025-11-10 11:00:00
2025-11-10,12:00:00,35.19,35.19,60.35,60.35,211.7,211.7,509.59,509.59,10,10,5.88,149.91,2025-11-10 12:00:00
2025-11-10,13:00:00,24.65,24.65,61.85,61.85,210.59,210.59,530.4,530.4,10,10,5.27,134.42,2025-11-10 13:00:00
2025-11-10,14:00:00,20.25,20.25,61.75,61.75,189.65,189.65,664.74,664.74,10,10,2.14,54.48,2025-11-10 14:00:00
2025-11-10,15:00:00,19.81,19.81,61.54,61.54,197.13,197.13,544.31,544.31,10,10,2.05,52.35,2025-11-10 15:00:00
2025-11-10,16:00:00,21.76,21.76,61.41,61.41,199.42,199.42,621.6,621.6,10,10,2.03,51.85,2025-11-10 16:00:00
2025-11-10,17:00:00,25.98,25.98,61.41,61.41,201.04,201.04,556.2,556.2,10,10,2.04,51.89,2025-11-10 17:00:00
2025-11-10,18:00:00,28.63,28.63,61.89,61.89,214.64,214.64,482.64,482.64,10.05,10.05,2.01,51.27,2025-11-10 18:00:00
2025-11-10,19:00:00,38.45,38.45,61.68,61.68,208.81,208.81,516.49,516.49,10,10,2.01,51.19,2025-11-10 19:00:00
2025-11-10,20:00:00,32.94,32.94,61.47,61.47,213.68,213.68,498.44,498.44,10,10,2.01,51.13,2025-11-10 20:00:00
2025-11-10,21:00:00,29.82,29.82,65.64,65.64,217.98,217.98,488.74,488.74,10,10,2.05,52.36,2025-11-10 21:00:00
2025-11-10,22:00:00,27.68,27.68,62.15,62.15,214.33,214.33,524.45,524.45,10,10,9.88,251.82,2025-11-10 22:00:00
2025-11-10,23:00:00,30.78,30.78,60.6,60.6,209.43,209.43,520.18,520.18,10,10,10.41,265.4,2025-11-10 23:00:00
2025-11-11,0:00:00,43.2,43.2,63.59,63.59,208.37,208.37,558.79,558.79,9.98,9.98,2.55,65.02,2025-11-11 0:00:00
2025-11-11,1:00:00,47.89,47.89,58.71,58.71,207.09,207.09,542.93,542.93,10,10,7.05,179.69,2025-11-11 1:00:00
2025-11-11,2:00:00,54.56,54.56,65.92,65.92,204.71,204.71,541.21,541.21,9.82,9.82,2,51,2025-11-11 2:00:00
2025-11-11,3:00:00,55.37,55.37,58.59,58.59,209.29,209.29,575.06,575.06,9.45,9.45,2,51,2025-11-11 3:00:00
2025-11-11,4:00:00,66.06,66.06,67.36,67.36,197.94,197.94,595.59,595.59,10.19,10.19,2.27,57.84,2025-11-11 4:00:00
2025-11-11,5:00:00,54.83,54.83,58.07,58.07,213.48,213.48,515.17,515.17,9.51,9.51,2.36,60.29,2025-11-11 5:00:00
2025-11-11,6:00:00,44.7,44.7,65.23,65.23,226.36,226.36,492.26,492.26,9.87,9.87,2,51,2025-11-11 6:00:00
2025-11-11,7:00:00,53.63,53.58,58.6,58.55,224.75,224.57,495.3,494.9,10,9.99,3.15,80.31,2025-11-11 7:00:00
2025-11-11,8:00:00,67.33,67.33,65.84,65.84,235.88,235.88,479.52,479.52,9.98,9.98,8.25,210.4,2025-11-11 8:00:00
2025-11-11,9:00:00,72.78,72.78,59.83,59.83,233.95,233.95,485.07,485.07,9.99,9.99,9.68,246.79,2025-11-11 9:00:00
2025-11-11,10:00:00,82,82,69,69,231,231,535,535,10,10,9,229.5,2025-11-11 10:00:00
2025-11-11,11:00:00,76.22,76.22,62,62,257.36,257.36,502.16,502.16,9.17,9.17,9.01,229.64,2025-11-11 11:00:00
2025-11-11,12:00:00,87.57,87.57,66.25,66.25,240.02,240.02,485.11,485.11,9.78,9.78,8.08,205.99,2025-11-11 12:00:00
2025-11-11,13:00:00,64.07,64.07,57.86,57.86,214.35,214.35,500.42,500.42,10,10,7.02,178.91,2025-11-11 13:00:00
2025-11-11,14:00:00,61.31,61.31,59.93,59.93,203.42,203.42,554.67,554.67,9.87,9.87,6.13,156.3,2025-11-11 14:00:00
2025-11-11,15:00:00,52.53,52.53,61.18,61.18,208.22,208.22,551.15,551.15,9.84,9.84,5.29,134.84,2025-11-11 15:00:00
2025-11-11,16:00:00,45.87,45.87,61.35,61.35,213.65,213.65,533.56,533.56,9.91,9.91,2.47,63.02,2025-11-11 16:00:00
2025-11-11,17:00:00,48.3,48.3,61.67,61.67,221.56,221.56,504.42,504.42,9.99,9.99,2.02,51.55,2025-11-11 17:00:00
2025-11-11,18:00:00,57.28,57.28,62.05,62.05,216.54,216.54,500.45,500.45,10.05,10.05,2.01,51.17,2025-11-11 18:00:00
2025-11-11,19:00:00,63.37,63.37,64.21,64.21,225.52,225.52,468.34,468.34,10,10,1.99,50.83,2025-11-11 19:00:00
2025-11-11,20:00:00,63.95,63.95,62.53,62.53,233.98,233.98,476.28,476.28,10,10,1.99,50.74,2025-11-11 20:00:00
2025-11-11,21:00:00,42.86,42.86,58.11,58.11,234.72,234.72,470.63,470.63,10,10,1.99,50.78,2025-11-11 21:00:00
2025-11-11,22:00:00,36.46,36.46,65.48,65.48,241.54,241.54,471.86,471.86,10,10,8.4,214.16,2025-11-11 22:00:00
2025-11-11,23:00:00,37.93,37.93,59.16,59.16,228.46,228.46,494.44,494.44,10,10,9.21,234.92,2025-11-11 23:00:00
2025-11-12,0:00:00,43.43,43.43,63.66,63.66,221.06,221.06,518.27,518.27,10,10,9.61,245.1,2025-11-12 0:00:00
2025-11-12,1:00:00,41.02,41.02,60.99,60.99,215.2,215.2,526.76,526.76,9.98,9.98,9.53,243.08,2025-11-12 1:00:00
2025-11-12,2:00:00,37.93,37.93,61.12,61.12,224,224,524.58,524.58,9.97,9.97,8.91,227.33,2025-11-12 2:00:00
2025-11-12,3:00:00,44.02,44.02,63.97,63.97,223.21,223.21,520.67,520.67,9.98,9.98,7.72,196.88,2025-11-12 3:00:00
2025-11-12,4:00:00,43.19,43.19,58.66,58.66,225.35,225.35,511.89,511.89,9.97,9.97,6.19,157.76,2025-11-12 4:00:00
2025-11-12,5:00:00,45.63,45.63,64.91,64.91,226.59,226.59,491.88,491.88,9.98,9.98,7.72,196.8,2025-11-12 5:00:00
2025-11-12,6:00:00,45.88,45.88,58.34,58.34,237.54,237.54,481.03,481.03,9.98,9.98,7.29,186,2025-11-12 6:00:00
2025-11-12,7:00:00,39.29,39.29,65.37,65.37,234.25,234.25,483.98,483.98,10,10,7.36,187.58,2025-11-12 7:00:00
2025-11-12,8:00:00,50.2,50.2,58.59,58.59,240.45,240.45,485.75,485.75,10,10,10.36,264.21,2025-11-12 8:00:00
2025-11-12,9:00:00,77.11,77.11,66.29,66.29,238.22,238.22,485.49,485.49,10,10,10.29,262.45,2025-11-12 9:00:00
2025-11-12,10:00:00,76.95,76.95,58.32,58.32,244.12,244.12,500.1,500.1,10,10,6.6,168.39,2025-11-12 10:00:00
2025-11-12,11:00:00,43.14,43.14,65.35,65.35,235.24,235.24,536.98,536.98,10,10,9.84,250.87,2025-11-12 11:00:00
2025-11-12,12:00:00,72.41,72.41,56.82,56.82,240.15,240.15,525.53,525.53,9.75,9.75,9.76,248.86,2025-11-12 12:00:00
2025-11-12,13:00:00,84.92,84.92,64.81,64.81,234.88,234.88,573.37,573.37,9.23,9.23,5.47,139.52,2025-11-12 13:00:00
2025-11-12,14:00:00,36.51,36.51,57.09,57.09,235.24,235.24,548.08,548.08,9.48,9.48,2,51,2025-11-12 14:00:00
2025-11-12,15:00:00,25.69,25.69,63.7,63.7,231.57,231.57,572.34,572.34,9.7,9.7,2,51,2025-11-12 15:00:00
2025-11-12,16:00:00,22.13,22.13,58.24,58.24,242.28,242.28,602.27,602.27,9.59,9.59,2,51,2025-11-12 16:00:00
2025-11-12,17:00:00,20.96,20.96,64.99,64.99,220.69,220.69,711.03,711.03,9.86,9.86,2,51.01,2025-11-12 17:00:00
2025-11-12,18:00:00,21.37,21.37,58.35,58.35,231.57,231.57,598.06,598.06,9.63,9.63,2,51.01,2025-11-12 18:00:00
2025-11-12,19:00:00,22.34,22.34,60.07,60.07,224.22,224.22,726.34,726.34,9.39,9.39,2.02,51.49,2025-11-12 19:00:00
2025-11-12,20:00:00,25.05,25.05,62.35,62.35,230.81,230.81,579.5,579.5,9.74,9.74,6.4,163.27,2025-11-12 20:00:00
2025-11-12,21:00:00,25.17,25.17,60.57,60.57,241.86,241.86,518.7,518.7,9.68,9.68,7.91,201.74,2025-11-12 21:00:00
2025-11-12,22:00:00,22.25,22.25,60.05,60.05,244.75,244.75,497.86,497.86,9.71,9.71,5.93,151.29,2025-11-12 22:00:00
2025-11-12,23:00:00,20.24,20.24,57.09,57.09,238.18,238.18,504.97,504.97,9.82,9.82,2,51,2025-11-12 23:00:00
2025-11-13,0:00:00,39.05,39.05,64.83,64.83,216.29,216.29,613.44,613.44,9.34,9.34,2,51,2025-11-13 0:00:00
2025-11-13,1:00:00,31.98,31.98,56.46,56.46,232.35,232.35,490.47,490.47,9.54,9.54,6.84,174.54,2025-11-13 1:00:00
2025-11-13,2:00:00,35.62,35.62,62.99,62.99,248.69,248.69,466.59,466.59,9.47,9.47,12.06,307.54,2025-11-13 2:00:00
2025-11-13,3:00:00,62.28,62.28,51.58,51.58,276.64,276.64,528.13,528.13,7.67,7.67,9.97,254.34,2025-11-13 3:00:00
2025-11-13,4:00:00,74.28,74.28,59.15,59.15,288.17,288.17,488.46,488.46,8,8,9.63,245.5,2025-11-13 4:00:00
2025-11-13,5:00:00,45.02,45.02,56.58,56.58,279.27,279.27,444.77,444.77,9.99,9.99,9.59,244.66,2025-11-13 5:00:00
2025-11-13,6:00:00,28.87,28.87,62.93,62.93,265.93,265.93,463.09,463.09,10,10,3.34,85.11,2025-11-13 6:00:00
2025-11-13,7:00:00,25.17,25.17,56.35,56.35,261.59,261.59,483.24,483.24,9.99,9.99,2,51.01,2025-11-13 7:00:00
2025-11-13,8:00:00,39.16,39.16,64.08,64.08,243.81,243.81,632,632,9.25,9.25,7.19,183.47,2025-11-13 8:00:00
2025-11-13,9:00:00,48.25,48.25,56.81,56.81,253.39,253.39,547.25,547.25,9.13,9.13,6.4,163.29,2025-11-13 9:00:00
2025-11-13,10:00:00,44.32,44.32,64.91,64.91,261.76,261.76,482.89,482.89,9.58,9.58,10.02,255.41,2025-11-13 10:00:00
2025-11-13,11:00:00,27.99,27.99,56.5,56.5,261.31,261.31,453.49,453.49,9.98,9.98,9.61,245.01,2025-11-13 11:00:00
2025-11-13,12:00:00,24.25,24.25,64.02,64.02,244.3,244.3,533.08,533.08,9.81,9.81,8.39,213.97,2025-11-13 12:00:00
2025-11-13,13:00:00,28.74,28.74,56.08,56.08,240.37,240.37,530.64,530.64,9.71,9.71,5.28,134.63,2025-11-13 13:00:00
2025-11-13,14:00:00,24.85,24.85,63.89,63.89,243.48,243.48,531.85,531.85,9.37,9.37,2,51.01,2025-11-13 14:00:00
2025-11-13,15:00:00,25.28,25.28,55.93,55.93,253.93,253.93,518.86,518.86,9.83,9.83,2.01,51.14,2025-11-13 15:00:00
2025-11-13,16:00:00,34.97,34.97,64.1,64.1,251.72,251.72,539.1,539.1,9.29,9.29,4.8,122.28,2025-11-13 16:00:00
2025-11-13,17:00:00,39.59,39.59,56.33,56.33,246.61,246.61,569.64,569.64,9.51,9.51,7.9,201.47,2025-11-13 17:00:00
2025-11-13,18:00:00,43.61,43.61,64.44,64.44,247.77,247.77,531.2,531.2,9.91,9.91,3.29,83.99,2025-11-13 18:00:00
2025-11-13,19:00:00,47.42,47.42,56.15,56.15,249.63,249.63,558.04,558.04,9.62,9.62,2,51.01,2025-11-13 19:00:00
2025-11-13,20:00:00,58.21,58.21,64.04,64.04,254.97,254.97,514.16,514.16,9.48,9.48,2,51,2025-11-13 20:00:00
2025-11-13,21:00:00,40.38,40.38,56.36,56.36,247.4,247.4,585.6,585.6,9.34,9.34,2,51.01,2025-11-13 21:00:00
2025-11-13,22:00:00,37.27,37.27,63.89,63.89,238.85,238.85,616.45,616.45,9.22,9.22,2,51,2025-11-13 22:00:00
2025-11-13,23:00:00,34.76,34.76,55.9,55.9,236.1,236.1,657.31,657.31,9.32,9.32,3.26,83.07,2025-11-13 23:00:00
2025-11-14,0:00:00,27.45,27.45,63.27,63.27,233.23,233.23,567.95,567.95,9.8,9.8,4.15,105.75,2025-11-14 0:00:00
2025-11-14,1:00:00,29.87,29.87,57.2,57.2,233.06,233.06,524.45,524.45,9.91,9.91,4.27,108.87,2025-11-14 1:00:00
2025-11-14,2:00:00,30.49,30.49,61.12,61.12,232.13,232.13,529.25,529.25,9.98,9.98,3.69,93.99,2025-11-14 2:00:00
2025-11-14,3:00:00,31.55,31.55,58.05,58.05,223.03,223.03,592.11,592.11,9.93,9.93,2.95,75.24,2025-11-14 3:00:00
2025-11-14,4:00:00,28.64,28.64,61.17,61.17,224.02,224.02,626.43,626.43,9.53,9.53,3.65,93.04,2025-11-14 4:00:00
2025-11-14,5:00:00,27.53,27.53,58,58,239.6,239.6,513.23,513.23,9.82,9.82,3.68,93.72,2025-11-14 5:00:00
2025-11-14,6:00:00,30.12,30.12,62.09,62.09,235.39,235.39,588.39,588.39,9.42,9.42,2.99,76.28,2025-11-14 6:00:00
2025-11-14,7:00:00,54.31,54.31,52.35,52.35,270.4,270.4,577.63,577.63,7.88,7.88,3.78,96.4,2025-11-14 7:00:00
2025-11-14,8:00:00,46.34,46.34,57.98,57.98,274.52,274.52,594.03,594.03,7.93,7.93,7.27,185.39,2025-11-14 8:00:00
2025-11-14,9:00:00,51.83,51.83,51.99,51.99,274.93,274.93,542.94,542.94,8,8,8.95,228.25,2025-11-14 9:00:00
2025-11-14,10:00:00,45.88,45.88,56.74,56.74,277,277,507.92,507.92,8,8,7.86,200.44,2025-11-14 10:00:00
2025-11-14,11:00:00,50.39,50.39,50.69,50.69,269.36,269.36,517.86,517.86,8,8,6.64,169.44,2025-11-14 11:00:00
2025-11-14,12:00:00,59.43,59.43,57.82,57.82,276.89,276.89,491.27,491.27,8,8,10.24,261.06,2025-11-14 12:00:00
2025-11-14,13:00:00,54.98,54.98,55.43,55.43,242.57,242.57,469.89,469.89,9.91,9.91,7.91,201.79,2025-11-14 13:00:00
2025-11-14,14:00:00,35.03,35.03,57.4,57.4,221.33,221.33,569.05,569.05,10,10,3.59,91.58,2025-11-14 14:00:00
2025-11-14,15:00:00,29.13,29.13,58.49,58.49,223.05,223.05,674.87,674.87,9.73,9.73,3.33,85.01,2025-11-14 15:00:00
2025-11-14,16:00:00,30.34,30.34,59.31,59.31,211.03,211.03,893.52,893.52,9.04,9.04,2.01,51.17,2025-11-14 16:00:00
2025-11-14,17:00:00,27.45,27.45,59.57,59.57,205.27,205.27,768.4,768.4,9.62,9.62,2.01,51.15,2025-11-14 17:00:00
2025-11-14,18:00:00,29.1,29.1,59.66,59.66,217.63,217.63,556.8,556.8,10.05,10.05,2,51.11,2025-11-14 18:00:00
2025-11-14,19:00:00,72.3,72.3,62.3,62.3,215.56,215.56,639.77,639.77,9.88,9.88,2.12,54.09,2025-11-14 19:00:00
2025-11-14,20:00:00,45.51,45.51,62.78,62.78,213,213,645.74,645.74,10,10,7.59,193.58,2025-11-14 20:00:00
2025-11-14,21:00:00,51.68,51.68,56.51,56.51,210.74,210.74,650.95,650.95,9.89,9.89,6.82,174.01,2025-11-14 21:00:00
2025-11-14,22:00:00,45.52,45.52,64.88,64.88,211.82,211.82,626.09,626.09,10,10,3.32,84.54,2025-11-14 22:00:00
2025-11-14,23:00:00,25.24,25.24,55.79,55.79,219.48,219.48,565.56,565.56,10,10,3.28,83.59,2025-11-14 23:00:00
2025-11-15,0:00:00,28.49,28.49,64.04,64.04,228.61,228.61,515.94,515.94,10,10,6.3,160.55,2025-11-15 0:00:00
2025-11-15,1:00:00,31.62,31.62,56.42,56.42,223.64,223.64,562.74,562.74,9.97,9.97,5.55,141.42,2025-11-15 1:00:00
2025-11-15,2:00:00,34.68,34.68,64.22,64.22,227.59,227.59,497.43,497.43,10,10,4.34,110.63,2025-11-15 2:00:00
2025-11-15,3:00:00,32.57,32.57,56.43,56.43,226.75,226.75,505.66,505.66,10,10,2.19,55.87,2025-11-15 3:00:00
2025-11-15,4:00:00,33.49,33.49,63.96,63.96,220.14,220.14,568.31,568.31,10,10,8.08,206.04,2025-11-15 4:00:00
2025-11-15,5:00:00,28.51,28.51,56.3,56.3,215.05,215.05,612.86,612.86,10,10,6.16,157.04,2025-11-15 5:00:00
2025-11-15,6:00:00,26.52,26.52,64.56,64.56,216.25,216.25,581.98,581.98,10,10,7.25,184.95,2025-11-15 6:00:00
2025-11-15,7:00:00,31.46,31.46,56.87,56.87,206.15,206.15,673.8,673.8,9.99,9.99,4.62,117.86,2025-11-15 7:00:00
2025-11-15,8:00:00,28.83,28.83,60.72,60.72,231.55,231.55,512.46,512.46,10,10,9.79,249.71,2025-11-15 8:00:00
2025-11-15,9:00:00,28.32,28.32,62.53,62.53,221.25,221.25,519.21,519.21,10,10,7,178.44,2025-11-15 9:00:00
2025-11-15,10:00:00,25,25,57.43,57.43,226.52,226.52,486.23,486.23,10,10,3.71,94.66,2025-11-15 10:00:00
2025-11-15,11:00:00,24.65,24.65,59.56,59.56,225.05,225.05,500.29,500.29,10,10,2.97,75.71,2025-11-15 11:00:00
2025-11-15,12:00:00,26.27,26.27,60.06,60.06,223.8,223.8,511.07,511.07,10,10,8.62,219.77,2025-11-15 12:00:00
2025-11-15,13:00:00,28.74,28.74,60.42,60.42,223.75,223.75,532.84,532.84,10,10,5.76,146.77,2025-11-15 13:00:00
2025-11-15,14:00:00,23.48,23.48,60.6,60.6,207.1,207.1,746.85,746.85,9.93,9.93,3.27,83.35,2025-11-15 14:00:00
2025-11-15,15:00:00,22.63,22.63,60.86,60.86,209.86,209.86,690.04,690.04,9.97,9.97,6.48,165.31,2025-11-15 15:00:00
2025-11-15,16:00:00,25.49,25.49,60.61,60.61,203.98,203.98,707.88,707.88,10,10,4.04,103.06,2025-11-15 16:00:00
2025-11-15,17:00:00,26.77,26.77,60.43,60.43,208.58,208.58,678.46,678.46,9.85,9.85,2,51.12,2025-11-15 17:00:00
2025-11-15,18:00:00,40.5,40.5,60.44,60.44,210.11,210.11,630.86,630.86,9.87,9.87,2,50.93,2025-11-15 18:00:00
2025-11-15,19:00:00,22.34,22.34,58.99,58.99,197.84,197.84,684.51,684.51,9.97,9.97,1.97,50.15,2025-11-15 19:00:00
2025-11-15,20:00:00,17.51,17.51,59.4,59.4,206.36,206.36,536.69,536.69,9.99,9.99,1.98,50.46,2025-11-15 20:00:00
2025-11-15,21:00:00,22.15,22.15,65.89,65.89,215.37,215.37,520.66,520.66,10,10,1.98,50.6,2025-11-15 21:00:00
2025-11-15,22:00:00,27.25,27.25,56.77,56.77,221.08,221.08,514.36,514.36,10,10,6.11,155.91,2025-11-15 22:00:00
2025-11-15,23:00:00,31.11,31.11,63.49,63.49,219.95,219.95,536.01,536.01,9.95,9.95,8.27,210.8,2025-11-15 23:00:00
2025-11-16,0:00:00,53.71,53.71,55.08,55.08,247.52,247.52,526.99,526.99,8.21,8.21,13.4,341.82,2025-11-16 0:00:00
2025-11-16,1:00:00,70.09,70.09,56.13,56.13,247.97,247.97,527.49,527.49,8.11,8.11,11.93,304.12,2025-11-16 1:00:00
2025-11-16,2:00:00,27.26,27.26,62.44,62.44,235.26,235.26,459.9,459.9,10,10,8.49,216.48,2025-11-16 2:00:00
2025-11-16,3:00:00,21.17,21.17,59.23,59.23,226.48,226.48,490.58,490.58,10,10,2.27,57.83,2025-11-16 3:00:00
2025-11-16,4:00:00,23.71,23.71,60.27,60.27,224.9,224.9,548.18,548.18,10,10,7.22,184.13,2025-11-16 4:00:00
2025-11-16,5:00:00,24.55,24.55,57.65,57.65,221.84,221.84,557.12,557.12,10,10,2.52,64.31,2025-11-16 5:00:00
2025-11-16,6:00:00,42.59,42.59,67.67,67.67,232.37,232.37,607.67,607.67,9.98,9.98,7.06,180.05,2025-11-16 6:00:00
2025-11-16,7:00:00,33.98,33.98,58.06,58.06,219.71,219.71,689.61,689.61,10.06,10.06,12.39,316,2025-11-16 7:00:00
2025-11-16,8:00:00,25.46,25.46,64.46,64.46,218.31,218.31,643.32,643.32,9.91,9.91,9.43,240.46,2025-11-16 8:00:00
2025-11-16,9:00:00,23.33,23.33,56.78,56.78,218.24,218.24,620.23,620.23,10,10,10.69,272.61,2025-11-16 9:00:00
2025-11-16,10:00:00,23,23,64.33,64.33,215.26,215.26,736.74,736.74,9.97,9.97,9.87,251.76,2025-11-16 10:00:00
2025-11-16,11:00:00,39.85,39.85,56.59,56.59,222.69,222.69,658.43,658.43,10,10,9.91,252.69,2025-11-16 11:00:00
2025-11-16,12:00:00,45.4,45.4,58.58,58.58,229.7,229.7,675.05,675.05,9.85,9.85,7.52,191.69,2025-11-16 12:00:00
2025-11-16,13:00:00,36.23,36.23,65.68,65.68,205.19,205.19,716.31,716.31,9.89,9.89,5.65,144.17,2025-11-16 13:00:00
2025-11-16,14:00:00,28.1,28.1,56.87,56.87,206.98,206.98,692.75,692.75,9.95,9.95,2,51.09,2025-11-16 14:00:00
2025-11-16,15:00:00,25.21,25.21,58.74,58.74,208.56,208.56,690.64,690.64,9.97,9.97,2,51.04,2025-11-16 15:00:00
2025-11-16,16:00:00,25.2,25.2,65.47,65.47,206.67,206.67,640.97,640.97,9.97,9.97,2.01,51.17,2025-11-16 16:00:00
2025-11-16,17:00:00,25.71,25.71,58.54,58.54,216.82,216.82,580.86,580.86,9.99,9.99,2,51.07,2025-11-16 17:00:00
2025-11-16,18:00:00,27.71,27.71,61.08,61.08,217.08,217.08,604.6,604.6,9.94,9.94,2.01,51.15,2025-11-16 18:00:00
2025-11-16,19:00:00,32.59,32.59,62.52,62.52,208.88,208.88,628.33,628.33,10,10,2,51.09,2025-11-16 19:00:00
2025-11-16,20:00:00,52,52,58.03,58.03,210.11,210.11,662.37,662.37,9.63,9.63,2,51.06,2025-11-16 20:00:00
2025-11-16,21:00:00,36.94,36.94,65.93,65.93,210.24,210.24,615.7,615.7,9.95,9.95,2,51.09,2025-11-16 21:00:00
2025-11-16,22:00:00,37.02,37.02,57.81,57.81,215.97,215.97,651.84,651.84,9.96,9.96,2,51.09,2025-11-16 22:00:00
2025-11-16,23:00:00,38.67,38.67,64.14,64.14,214.23,214.23,597.53,597.53,10,10,2,51.08,2025-11-16 23:00:00
2025-11-17,0:00:00,47.65,47.65,58.43,58.43,205.71,205.71,678.75,678.75,9.97,9.97,2.05,52.34,2025-11-17 0:00:00
2025-11-17,1:00:00,49.56,49.56,63.46,63.46,201.7,201.7,642.3,642.3,9.88,9.88,5.22,132.99,2025-11-17 1:00:00
2025-11-17,2:00:00,67.62,67.62,54.43,54.43,220.14,220.14,709.66,709.66,8.41,8.41,7.33,186.83,2025-11-17 2:00:00
2025-11-17,3:00:00,29.26,29.26,64.94,64.94,201.83,201.83,590.88,590.88,9.88,9.88,4.53,115.5,2025-11-17 3:00:00
2025-11-17,4:00:00,23.23,23.23,57.93,57.93,207.28,207.28,532.88,532.88,10,10,2,51.03,2025-11-17 4:00:00
2025-11-17,5:00:00,16.65,16.65,66.1,66.1,197.69,197.69,581.12,581.12,10,10,2.01,51.14,2025-11-17 5:00:00
2025-11-17,6:00:00,13.68,13.68,58.71,58.71,200.16,200.16,555.72,555.72,10,10,2.9,74.06,2025-11-17 6:00:00
2025-11-17,7:00:00,13.45,13.45,66.59,66.59,190.64,190.64,605.25,605.25,10,10,3.07,78.26,2025-11-17 7:00:00
2025-11-17,8:00:00,16.23,16.23,59.55,59.55,195.87,195.87,625.93,625.93,10,10,7.6,193.77,2025-11-17 8:00:00
2025-11-17,9:00:00,16.22,16.22,66.89,66.89,190.14,190.14,744.73,744.73,10,10,9.01,229.63,2025-11-17 9:00:00
2025-11-17,10:00:00,15.75,15.75,60.97,60.97,188.08,188.08,696.88,696.88,10,10,10.96,279.52,2025-11-17 10:00:00
2025-11-17,11:00:00,30.74,30.74,61.29,61.29,193.53,193.53,613.82,613.82,10,10,11.46,292.34,2025-11-17 11:00:00
2025-11-17,12:00:00,43.73,43.73,62.82,62.82,188.24,188.24,636.13,636.13,10,10,12.03,306.81,2025-11-17 12:00:00
2025-11-17,13:00:00,24.23,24.23,63.3,63.3,189.45,189.45,623.01,623.01,10,10,12.4,316.09,2025-11-17 13:00:00
2025-11-17,14:00:00,22.58,22.58,62.98,62.98,190.53,190.53,674.52,674.52,10,10,11.84,302.02,2025-11-17 14:00:00
2025-11-17,15:00:00,39.99,39.99,61.92,61.92,195.7,195.7,633.02,633.02,10,10,2.66,67.71,2025-11-17 15:00:00
2025-11-17,16:00:00,28.43,28.43,61.57,61.57,190.27,190.27,637.7,637.7,9.99,9.99,2,51.04,2025-11-17 16:00:00
2025-11-17,17:00:00,43.54,43.54,61.85,61.85,193.15,193.15,622.09,622.09,9.86,9.86,2,51.03,2025-11-17 17:00:00
2025-11-17,18:00:00,34.17,34.17,69.1,69.1,186.5,186.5,629.65,629.65,10.05,10.05,2,51.03,2025-11-17 18:00:00
2025-11-17,19:00:00,40.92,40.92,59.62,59.62,187.55,187.55,608.78,608.78,10,10,2,51.07,2025-11-17 19:00:00
2025-11-17,20:00:00,39.48,39.48,66.98,66.98,190,190,604.61,604.61,10,10,2,51.06,2025-11-17 20:00:00
2025-11-17,21:00:00,51.58,51.58,59.76,59.76,191.89,191.89,644.74,644.74,10,10,3.67,93.57,2025-11-17 21:00:00
2025-11-17,22:00:00,41.2,41.2,67.76,67.76,187.67,187.67,645.96,645.96,10,10,2,51.01,2025-11-17 22:00:00
2025-11-17,23:00:00,35.23,35.23,60.15,60.15,187.89,187.89,671.6,671.6,10,10,2,51.05,2025-11-17 23:00:00
2025-11-18,0:00:00,44.03,44.03,68.25,68.25,196.03,196.03,598.88,598.88,10,10,8.07,205.68,2025-11-18 0:00:00
2025-11-18,1:00:00,51.28,51.28,59.58,59.58,201.59,201.59,607.63,607.63,10,10,14.38,366.64,2025-11-18 1:00:00
2025-11-18,2:00:00,52.95,52.95,67.6,67.6,190,190,645.07,645.07,10,10,11.72,298.9,2025-11-18 2:00:00
2025-11-18,3:00:00,98.04,98.04,56.48,56.48,208.96,208.96,738.61,738.61,8.27,8.27,10.2,260.09,2025-11-18 3:00:00
2025-11-18,4:00:00,104.95,104.95,62.21,62.21,219.55,219.55,733.57,733.57,7.76,7.76,9.12,232.61,2025-11-18 4:00:00
2025-11-18,5:00:00,83.6,83.6,57.63,57.63,204.98,204.98,662.92,662.92,9.22,9.22,9.27,236.49,2025-11-18 5:00:00
2025-11-18,6:00:00,51.31,51.31,67.43,67.43,193.36,193.36,594.89,594.89,10,10,7.37,188,2025-11-18 6:00:00
2025-11-18,7:00:00,54.99,54.99,60.62,60.62,177.08,177.08,843.36,843.36,10,10,2.97,75.81,2025-11-18 7:00:00
2025-11-18,8:00:00,35.03,35.03,68.14,68.14,183.28,183.28,707.45,707.45,10,10,4.31,109.82,2025-11-18 8:00:00
2025-11-18,9:00:00,86.12,86.12,59.65,59.65,199.86,199.86,712.69,712.69,8.84,8.84,6.51,165.92,2025-11-18 9:00:00
2025-11-18,10:00:00,79.95,79.95,57.35,57.35,209.91,209.91,802.6,802.6,7.32,7.32,14.51,369.89,2025-11-18 10:00:00
2025-11-18,11:00:00,55.09,55.09,57.37,57.37,218.54,218.54,707.12,707.12,7.47,7.47,14.92,380.36,2025-11-18 11:00:00
2025-11-18,12:00:00,66.35,66.35,57.87,57.87,226.54,226.54,634.57,634.57,7.94,7.94,12.77,325.66,2025-11-18 12:00:00
2025-11-18,13:00:00,48.22,48.22,56.96,56.96,220.55,220.55,699.71,699.71,7.92,7.92,10.23,260.98,2025-11-18 13:00:00
2025-11-18,14:00:00,69.69,69.69,58.5,58.5,202.93,202.93,869.64,869.64,8.43,8.43,9.18,234.04,2025-11-18 14:00:00
2025-11-18,15:00:00,43.23,43.23,62.52,62.52,190.62,190.62,587.44,587.44,10,10,7.09,180.92,2025-11-18 15:00:00
2025-11-18,16:00:00,32.06,32.06,63.27,63.27,189.72,189.72,654,654,10,10,2.05,52.39,2025-11-18 16:00:00
2025-11-18,17:00:00,31.82,31.82,63.79,63.79,198.11,198.11,506.31,506.31,10,10,2.01,51.29,2025-11-18 17:00:00
2025-11-18,18:00:00,30.62,30.62,64.43,64.43,200.52,200.52,555.81,555.81,10.06,10.06,2.01,51.17,2025-11-18 18:00:00
2025-11-18,19:00:00,31.05,31.05,64.77,64.77,183.29,183.29,757.02,757.02,10,10,4.38,111.59,2025-11-18 19:00:00
2025-11-18,20:00:00,33.22,33.22,72.47,72.47,186.44,186.44,781.52,781.52,10,10,2,51.13,2025-11-18 20:00:00
2025-11-18,21:00:00,34.08,34.08,64.24,64.24,198.16,198.16,570.18,570.18,10,10,2,51,2025-11-18 21:00:00
2025-11-18,22:00:00,25.56,25.56,62.53,62.53,191.02,191.02,583.16,583.16,10.03,10.03,2,51,2025-11-18 22:00:00
2025-11-18,23:00:00,19.86,19.86,66.4,66.4,178.27,178.27,586.63,586.63,10,10,3.09,78.7,2025-11-18 23:00:00
2025-11-19,0:00:00,40.68,40.68,70.02,70.02,178.62,178.62,720.16,720.16,10.19,10.19,5.21,132.77,2025-11-19 0:00:00
2025-11-19,1:00:00,44,44,64.44,64.44,174.31,174.31,658.89,658.89,10.2,10.2,12.44,317.18,2025-11-19 1:00:00
2025-11-19,2:00:00,36.46,36.46,70.41,70.41,171.79,171.79,577.03,577.03,10,10,14.9,379.94,2025-11-19 2:00:00
2025-11-19,3:00:00,32.89,32.89,61.8,61.8,177.76,177.76,536.02,536.02,10,10,12.02,306.38,2025-11-19 3:00:00
2025-11-19,4:00:00,28.94,28.94,68.92,68.92,172.72,172.72,526.11,526.11,10,10,7.18,183.09,2025-11-19 4:00:00
2025-11-19,5:00:00,26.03,26.03,63.15,63.15,168.36,168.36,624.15,624.15,10,10,8.01,204.26,2025-11-19 5:00:00
2025-11-19,6:00:00,25.68,25.68,66.76,66.76,169.93,169.93,608.27,608.27,10,10,3.47,88.47,2025-11-19 6:00:00
2025-11-19,7:00:00,29.8,29.8,63.13,63.13,172.18,172.18,553.97,553.97,10,10,9.22,235.14,2025-11-19 7:00:00
2025-11-19,8:00:00,53.58,53.58,70.21,70.21,169.35,169.35,795.05,795.05,9.81,9.81,12.62,321.76,2025-11-19 8:00:00
2025-11-19,9:00:00,61.78,61.78,61.88,61.88,210.47,210.47,734.94,734.94,9,9,13.49,344.03,2025-11-19 9:00:00
2025-11-19,10:00:00,66.07,66.07,61.11,61.11,249.27,249.27,596.13,596.13,8.03,8.03,13.32,339.7,2025-11-19 10:00:00
2025-11-19,11:00:00,94.1,94.1,55.63,55.63,264.38,264.38,636.57,636.57,7.32,7.32,13.25,337.95,2025-11-19 11:00:00
2025-11-19,12:00:00,103.17,103.17,57.27,57.27,297.83,297.83,512.92,512.92,7.87,7.87,10.15,258.86,2025-11-19 12:00:00
2025-11-19,13:00:00,104.48,104.48,57.38,57.38,281.49,281.49,523.68,523.68,7.87,7.87,3.09,78.78,2025-11-19 13:00:00
2025-11-19,14:00:00,88.63,88.63,56.49,56.49,268.81,268.81,661.56,661.56,7.28,7.28,2,51,2025-11-19 14:00:00
2025-11-19,15:00:00,85.88,85.88,55.98,55.98,233.7,233.7,867.55,867.55,7.14,7.14,2,51,2025-11-19 15:00:00
2025-11-19,16:00:00,83.36,83.36,57.31,57.31,239.74,239.74,723.17,723.17,8.03,8.03,2.92,74.44,2025-11-19 16:00:00
2025-11-19,17:00:00,75.46,75.46,58.84,58.84,220.45,220.45,653.81,653.81,8.16,8.16,6.32,161.2,2025-11-19 17:00:00
2025-11-19,18:00:00,52.36,52.36,57.7,57.7,211.31,211.31,744.52,744.52,7.85,7.85,2,51,2025-11-19 18:00:00
2025-11-19,19:00:00,54.28,54.28,58.2,58.2,212.55,212.55,695.41,695.41,8.02,8.02,2,51,2025-11-19 19:00:00
2025-11-19,20:00:00,44.43,44.43,58.1,58.1,208.49,208.49,663.43,663.43,7.98,7.98,2,51,2025-11-19 20:00:00
2025-11-19,21:00:00,41.67,41.67,58.84,58.84,214.87,214.87,543.76,543.76,8,8,3.22,82.18,2025-11-19 21:00:00
2025-11-19,22:00:00,44.75,44.75,62.92,62.92,215.66,215.66,547.53,547.53,8,8,3.9,99.32,2025-11-19 22:00:00
2025-11-19,23:00:00,96.33,96.33,60.16,60.16,199.03,199.03,598.54,598.54,9.47,9.47,6.2,157.99,2025-11-19 23:00:00
2025-11-20,0:00:00,67.35,67.35,70.8,70.8,179.6,179.6,619.29,619.29,10,10,5.9,150.53,2025-11-20 0:00:00
2025-11-20,1:00:00,75.96,75.96,59.16,59.16,199.57,199.57,623.96,623.96,8.55,8.55,5.34,136.29,2025-11-20 1:00:00
2025-11-20,2:00:00,65.91,65.91,60.26,60.26,206.97,206.97,624.23,624.23,8,8,6.34,161.73,2025-11-20 2:00:00
2025-11-20,3:00:00,73.14,73.14,61.95,61.95,216.52,216.52,620.14,620.14,8,8,5.85,149.08,2025-11-20 3:00:00
2025-11-20,4:00:00,70.38,70.38,59.02,59.02,221.73,221.73,618.11,618.11,8,8,8.51,217.08,2025-11-20 4:00:00
2025-11-20,5:00:00,81.5,81.5,60.38,60.38,216.54,216.54,626.77,626.77,8.07,8.07,7,178.62,2025-11-20 5:00:00
2025-11-20,6:00:00,93.84,93.84,64.28,64.28,200.2,200.2,563.46,563.46,9.72,9.72,12.54,319.83,2025-11-20 6:00:00
2025-11-20,7:00:00,56.31,56.31,67.92,67.92,186.47,186.47,616.1,616.1,10,10,13.24,337.55,2025-11-20 7:00:00
2025-11-20,8:00:00,60.71,60.71,63.92,63.92,188.7,188.7,629.48,629.48,10,10,9.16,233.64,2025-11-20 8:00:00
2025-11-20,9:00:00,65.9,65.9,67.11,67.11,192.4,192.4,570.38,570.38,10,10,2.01,51.34,2025-11-20 9:00:00
2025-11-20,10:00:00,97.87,97.87,64.36,64.36,211,211,612.67,612.67,8.74,8.74,3.52,89.86,2025-11-20 10:00:00
2025-11-20,11:00:00,105,105,62.75,62.75,219.91,219.91,651.71,651.71,8,8,10.73,273.69,2025-11-20 11:00:00
2025-11-20,12:00:00,105,105,61.5,61.5,242.18,242.18,618.61,618.61,8,8,6.27,160,2025-11-20 12:00:00
2025-11-20,13:00:00,105,105,61.36,61.36,234.26,234.26,624.88,624.88,8.12,8.12,2.01,51.23,2025-11-20 13:00:00
2025-11-20,14:00:00,91.67,91.67,66.82,66.82,199.3,199.3,562.59,562.59,10,10,4.26,108.6,2025-11-20 14:00:00
2025-11-20,15:00:00,51.65,51.65,67.11,67.11,187.3,187.3,568.87,568.87,10,10,11.48,292.85,2025-11-20 15:00:00
2025-11-20,16:00:00,58.96,58.96,68.04,68.04,192.66,192.66,574.37,574.37,10,10,11.64,296.7,2025-11-20 16:00:00
2025-11-20,17:00:00,64.18,64.18,67.98,67.98,205.12,205.12,545.55,545.55,10,10,10.06,256.44,2025-11-20 17:00:00
2025-11-20,18:00:00,43.71,14.89,68.51,21.67,203.24,63.61,578.65,175,10.06,3.76,7.93,67.81,2025-11-20 18:00:00
2025-11-20,19:00:00,43.54,1,68.26,1,203.35,1,566.54,1,10,1,4.13,1,2025-11-20 19:00:00
2025-11-20,20:00:00,39.16,1,67.73,1,194.49,1,607.35,1,10,1,2,1,2025-11-20 20:00:00
2025-11-20,21:00:00,57.21,1,68.44,1,197.58,1,590.58,1,10,1,3.16,1,2025-11-20 21:00:00
2025-11-20,22:00:00,49.09,41.14,76.47,64.31,201.15,165.46,556.99,457.47,10,8.38,7.62,162.24,2025-11-20 22:00:00
2025-11-20,23:00:00,52.79,52.79,65.82,65.82,197.63,197.63,579.14,579.14,10,10,7.9,201.48,2025-11-20 23:00:00
2025-11-21,0:00:00,54.41,54.41,68.12,68.12,197.4,197.4,601.86,601.86,10,10,7.11,181.27,2025-11-21 0:00:00
2025-11-21,1:00:00,59.48,59.48,70.52,70.52,197.84,197.84,597.78,597.78,10,10,6.03,153.67,2025-11-21 1:00:00
2025-11-21,2:00:00,51.63,51.63,66.6,66.6,191.57,191.57,601.45,601.45,10,10,5.98,152.52,2025-11-21 2:00:00
2025-11-21,3:00:00,58.69,58.69,69.85,69.85,194.82,194.82,600.49,600.49,10,10,5.54,141.28,2025-11-21 3:00:00
2025-11-21,4:00:00,56.89,56.89,68.29,68.29,188.94,188.94,578.02,578.02,10,10,4.36,111.28,2025-11-21 4:00:00
2025-11-21,5:00:00,61.75,61.75,68.26,68.26,200.28,200.28,548.86,548.86,10,10,2,51.03,2025-11-21 5:00:00
2025-11-21,6:00:00,61.28,61.28,68.47,68.47,197.13,197.13,569.91,569.91,10,10,5.1,130.15,2025-11-21 6:00:00
2025-11-21,7:00:00,57,57,69.12,69.12,200.02,200.02,579.84,579.84,10,10,10.12,258.09,2025-11-21 7:00:00
2025-11-21,8:00:00,60.15,60.15,68.41,68.41,199.01,199.01,591.86,591.86,10,10,9.2,234.67,2025-11-21 8:00:00
2025-11-21,9:00:00,94.93,94.93,67.39,67.39,218.56,218.56,612.15,612.15,8.83,8.83,11,280.58,2025-11-21 9:00:00
2025-11-21,10:00:00,105,105,61.05,61.05,233.98,233.98,660.34,660.34,8,8,9.5,242.19,2025-11-21 10:00:00
2025-11-21,11:00:00,105,105,63.99,63.99,236.12,236.12,622.82,622.82,8.62,8.62,7.57,192.96,2025-11-21 11:00:00
2025-11-21,12:00:00,95.38,95.38,68.6,68.6,207.29,207.29,546.23,546.23,10,10,5.88,149.84,2025-11-21 12:00:00
2025-11-21,13:00:00,68.08,68.08,68.17,68.17,202.26,202.26,562.14,562.14,10.05,10.05,3.27,83.3,2025-11-21 13:00:00
2025-11-21,14:00:00,77.32,77.32,69.19,69.19,203.55,203.55,550.9,550.9,10.46,10.46,2.02,51.4,2025-11-21 14:00:00
2025-11-21,15:00:00,59,59,68.09,68.09,195.75,195.75,633.53,633.53,10,10,2.02,51.45,2025-11-21 15:00:00
2025-11-21,16:00:00,54.02,54.02,67.64,67.64,201.01,201.01,635.2,635.2,10,10,2.01,51.27,2025-11-21 16:00:00
2025-11-21,17:00:00,53.16,53.16,67.38,67.38,200.16,200.16,652.34,652.34,10,10,2,51.07,2025-11-21 17:00:00
2025-11-21,18:00:00,52.02,52.02,67.45,67.45,203.44,203.44,626.91,626.91,10.06,10.06,3.8,96.9,2025-11-21 18:00:00
2025-11-21,19:00:00,67.84,67.84,67.23,67.23,201.43,201.43,625.23,625.23,10,10,2.14,54.58,2025-11-21 19:00:00
2025-11-21,20:00:00,77.67,77.67,67.67,67.67,198.99,198.99,609.94,609.94,10,10,2,51,2025-11-21 20:00:00
2025-11-21,21:00:00,86.84,86.84,65.44,65.44,214.37,214.37,589.96,589.96,9.31,9.31,3.1,79.09,2025-11-21 21:00:00
2025-11-21,22:00:00,105,40.35,60.91,23.77,238.86,91.7,616.01,225.8,7.84,3.65,2.29,27.36,2025-11-21 22:00:00
2025-11-21,23:00:00,104.09,1,60.48,1,245.74,1,616.17,1,7.76,1,2,1,2025-11-21 23:00:00
2025-11-22,0:00:00,62.19,58.37,58.99,56.35,241.22,230.09,594.49,566.15,7.96,7.65,3.67,91.4,2025-11-22 0:00:00
2025-11-22,1:00:00,53.77,53.77,58.74,58.74,230.11,230.11,631.56,631.56,7.9,7.9,2.94,75.06,2025-11-22 1:00:00
2025-11-22,2:00:00,59.81,59.81,58.43,58.43,239.11,239.11,599.93,599.93,7.85,7.85,6.21,158.37,2025-11-22 2:00:00
2025-11-22,3:00:00,61.9,61.9,66.11,66.11,245.48,245.48,569.73,569.73,8,8,5.74,146.43,2025-11-22 3:00:00
2025-11-22,4:00:00,71.26,71.26,58.36,58.36,237.87,237.87,607.14,607.14,8.64,8.64,5.08,129.59,2025-11-22 4:00:00
2025-11-22,5:00:00,105,105,66.25,66.25,224.44,224.44,601.9,601.9,10.11,10.11,3.09,78.72,2025-11-22 5:00:00
2025-11-22,6:00:00,105,105,61.47,61.47,380.01,380.01,506.77,506.77,9.64,9.64,1.98,50.39,2025-11-22 6:00:00
2025-11-22,7:00:00,68.45,68.45,81.61,81.61,313.9,313.9,380.67,380.67,12.26,12.26,2.91,74.31,2025-11-22 7:00:00
2025-11-22,8:00:00,20.78,20.78,72.66,72.66,304.96,304.96,342.12,342.12,12.52,12.52,11.41,290.96,2025-11-22 8:00:00
2025-11-22,9:00:00,12.16,12.16,74.64,74.64,271.53,271.53,323.25,323.25,13,13,12.85,327.63,2025-11-22 9:00:00
2025-11-22,10:00:00,13.31,13.31,73.77,73.77,271.37,271.37,350.22,350.22,12.66,12.66,10.81,275.55,2025-11-22 10:00:00
2025-11-22,11:00:00,76.55,76.55,64.17,64.17,220.85,220.85,589.57,589.57,9.59,9.59,10.21,260.33,2025-11-22 11:00:00
2025-11-22,12:00:00,43.27,43.27,65.75,65.75,195.61,195.61,680.27,680.27,10,10,10.36,264.09,2025-11-22 12:00:00
2025-11-22,13:00:00,45.39,45.39,66.45,66.45,199.48,199.48,631.35,631.35,10,10,8.88,226.37,2025-11-22 13:00:00
2025-11-22,14:00:00,57.24,57.24,66.59,66.59,198.42,198.42,616.09,616.09,10,10,7.91,201.74,2025-11-22 14:00:00
2025-11-22,15:00:00,54.01,54.01,66.94,66.94,206.67,206.67,560.86,560.86,10,10,7.9,201.48,2025-11-22 15:00:00
2025-11-22,16:00:00,43.46,43.46,67.2,67.2,201.04,201.04,575.25,575.25,9.96,9.96,5.85,149.1,2025-11-22 16:00:00
2025-11-22,17:00:00,38.35,38.35,67.7,67.7,209.18,209.18,578.36,578.36,10,10,2.09,53.24,2025-11-22 17:00:00
2025-11-22,18:00:00,44.36,44.36,68.85,68.85,203.56,203.56,679.18,679.18,10.05,10.05,2.06,52.63,2025-11-22 18:00:00
2025-11-22,19:00:00,59.18,59.18,68.97,68.97,200.51,200.51,647.64,647.64,10,10,2.01,51.37,2025-11-22 19:00:00
2025-11-22,20:00:00,55.77,55.77,68.8,68.8,208.16,208.16,682.51,682.51,10,10,2.7,68.83,2025-11-22 20:00:00
2025-11-22,21:00:00,60.88,60.88,68.53,68.53,206.73,206.73,688.02,688.02,10,10,2.02,51.51,2025-11-22 21:00:00
2025-11-22,22:00:00,70.58,70.58,68.38,68.38,209.83,209.83,604.64,604.64,10,10,2.02,51.48,2025-11-22 22:00:00
2025-11-22,23:00:00,91.67,91.67,66.21,66.21,205.99,205.99,571.75,571.75,9.6,9.6,2.11,53.72,2025-11-22 23:00:00
2025-11-23,0:00:00,103.09,103.09,62.46,62.46,224.21,224.21,556.99,556.99,8.36,8.36,2.16,55.14,2025-11-23 0:00:00
2025-11-23,1:00:00,105,105,67.76,67.76,213.33,213.33,535.35,535.35,10,10,2.04,52.03,2025-11-23 1:00:00
2025-11-23,2:00:00,105,105,73.04,73.04,199.64,199.64,541.21,541.21,10,10,2.25,57.48,2025-11-23 2:00:00
2025-11-23,3:00:00,102.18,102.18,59.46,59.46,201.86,201.86,536.92,536.92,9.82,9.82,4.08,104.07,2025-11-23 3:00:00
2025-11-23,4:00:00,99.52,99.52,67.94,67.94,195.07,195.07,532.06,532.06,10,10,8.43,215,2025-11-23 4:00:00
2025-11-23,5:00:00,87.18,87.18,58.24,58.24,184.3,184.3,654.13,654.13,9.77,9.77,10.58,269.78,2025-11-23 5:00:00
2025-11-23,6:00:00,57.77,57.77,62.55,62.55,188.95,188.95,525.39,525.39,10,10,10.88,277.35,2025-11-23 6:00:00
2025-11-23,7:00:00,49.88,49.88,61.51,61.51,192.05,192.05,508.61,508.61,10,10,15.1,384.92,2025-11-23 7:00:00
2025-11-23,8:00:00,48.42,48.42,59.66,59.66,202.21,202.21,555.84,555.84,10,10,12.35,314.92,2025-11-23 8:00:00
2025-11-23,9:00:00,52.95,52.95,65.69,65.69,205.15,205.15,597.26,597.26,10,10,8.86,225.87,2025-11-23 9:00:00
2025-11-23,10:00:00,53.93,53.93,60.89,60.89,209.03,209.03,579.5,579.5,10,10,10.49,267.4,2025-11-23 10:00:00
2025-11-23,11:00:00,51.39,51.39,62.68,62.68,200.4,200.4,604.32,604.32,10,10,9.22,235.1,2025-11-23 11:00:00
2025-11-23,12:00:00,62.36,62.36,63,63,195.77,195.77,619.53,619.53,10,10,7.71,196.5,2025-11-23 12:00:00
2025-11-23,13:00:00,58.44,58.44,63.42,63.42,188.9,188.9,637.46,637.46,10,10,7.01,178.85,2025-11-23 13:00:00
2025-11-23,14:00:00,56.06,56.06,62.39,62.39,185.48,185.48,685.04,685.04,10,10,4.82,122.89,2025-11-23 14:00:00
2025-11-23,15:00:00,60.77,60.77,62.47,62.47,185.55,185.55,709.88,709.88,10,10,2.06,52.46,2025-11-23 15:00:00
2025-11-23,16:00:00,43.1,43.1,61.97,61.97,188.1,188.1,665.95,665.95,10,10,2.05,52.22,2025-11-23 16:00:00
2025-11-23,17:00:00,38.88,38.88,61.88,61.88,184.31,184.31,595.39,595.39,10,10,2.05,52.28,2025-11-23 17:00:00
2025-11-23,18:00:00,47.59,47.59,64.19,64.19,190.48,190.48,560.03,560.03,10.05,10.05,2.07,52.68,2025-11-23 18:00:00
2025-11-23,19:00:00,53.21,53.21,62.96,62.96,191.04,191.04,571.59,571.59,10,10,2.07,52.67,2025-11-23 19:00:00
2025-11-23,20:00:00,87.33,87.33,62.41,62.41,196.02,196.02,853.29,853.29,10,10,2.09,53.18,2025-11-23 20:00:00
2025-11-23,21:00:00,84.8,84.8,56.65,56.65,208.64,208.64,1065.41,1065.41,8.19,8.19,6.85,174.65,2025-11-23 21:00:00
2025-11-23,22:00:00,60.52,60.52,56.25,56.25,234.89,234.89,624.9,624.9,8,8,6.53,166.58,2025-11-23 22:00:00
2025-11-23,23:00:00,60.16,60.16,57.27,57.27,255.13,255.13,514.98,514.98,8.02,8.02,5.83,148.68,2025-11-23 23:00:00
2025-11-24,0:00:00,61.6,61.6,57.84,57.84,251.96,251.96,478.95,478.95,8.86,8.86,3.69,94.14,2025-11-24 0:00:00
2025-11-24,1:00:00,70.51,70.51,62.91,62.91,205.85,205.85,451.66,451.66,9.98,9.98,8.03,204.7,2025-11-24 1:00:00
2025-11-24,2:00:00,40.38,40.38,65.79,65.79,192.02,192.02,520.18,520.18,10,10,4.67,119.18,2025-11-24 2:00:00
2025-11-24,3:00:00,78.84,78.84,71.01,71.01,203.05,203.05,573.04,573.04,10,10,2.09,53.35,2025-11-24 3:00:00
2025-11-24,4:00:00,75.39,75.39,73,73,194.05,194.05,664.46,664.46,10,10,2.04,52.11,2025-11-24 4:00:00
2025-11-24,5:00:00,63.89,63.89,81.67,81.67,191.87,191.87,681.01,681.01,10,10,2.03,51.67,2025-11-24 5:00:00
2025-11-24,6:00:00,62.68,62.68,70.75,70.75,195.34,195.34,722.03,722.03,10,10,2.03,51.8,2025-11-24 6:00:00
2025-11-24,7:00:00,71.7,71.7,73.61,73.61,189.31,189.31,790.82,790.82,10,10,7.43,189.57,2025-11-24 7:00:00
2025-11-24,8:00:00,60.26,60.26,71.12,71.12,191.84,191.84,698.92,698.92,10,10,8.71,221.99,2025-11-24 8:00:00
2025-11-24,9:00:00,102.77,102.77,64.29,64.29,205.58,205.58,579.74,579.74,8.88,8.88,10.88,277.51,2025-11-24 9:00:00
2025-11-24,10:00:00,105,105,68.51,68.51,229.65,229.65,563.06,563.06,8.16,8.16,12.2,311.21,2025-11-24 10:00:00
2025-11-24,11:00:00,105,105,67.29,67.29,210.75,210.75,515.61,515.61,9.98,9.98,6.93,176.64,2025-11-24 11:00:00
2025-11-24,12:00:00,89.71,89.71,69.85,69.85,207.1,207.1,557.79,557.79,10,10,6.62,168.8,2025-11-24 12:00:00
2025-11-24,13:00:00,79.68,79.68,70.2,70.2,199.39,199.39,559.9,559.9,10,10,3.83,97.76,2025-11-24 13:00:00
2025-11-24,14:00:00,104.97,104.97,70.97,70.97,197.95,197.95,609.85,609.85,10,10,2,51,2025-11-24 14:00:00
2025-11-24,15:00:00,104.32,104.32,71.6,71.6,191.19,191.19,678.24,678.24,10,10,3.81,97.28,2025-11-24 15:00:00
2025-11-24,16:00:00,105,105,72.02,72.02,191.65,191.65,656.11,656.11,10,10,4.91,125.11,2025-11-24 16:00:00
2025-11-24,17:00:00,105,16.93,73.29,11.9,192.94,31.81,715.36,96.23,10,2.38,2,8.66,2025-11-24 17:00:00
2025-11-24,18:00:00,105,1,73.91,1,197.85,1,586.27,1,10.06,1,2.13,1,2025-11-24 18:00:00
2025-11-24,19:00:00,100.15,1,67.24,1,200.3,1,543.02,1,10,1,4.84,1,2025-11-24 19:00:00
2025-11-24,20:00:00,92.59,1,68.84,1,198.47,1,537.36,1,10,1,5.21,1,2025-11-24 20:00:00
2025-11-24,21:00:00,105,1,74.18,1,194.68,1,573.62,1,10,1,5.61,1,2025-11-24 21:00:00
2025-11-24,22:00:00,105,49.35,66.62,32.6,195.04,89.63,572.87,275.51,10,5.18,5.96,80.96,2025-11-24 22:00:00
2025-11-24,23:00:00,105,105,71.54,71.54,194.37,194.37,579.52,579.52,10,10,11.59,295.46,2025-11-24 23:00:00
2025-11-25,0:00:00,105,105,68.22,68.22,204.5,204.5,559.19,559.19,10,10,11.58,295.37,2025-11-25 0:00:00
2025-11-25,1:00:00,105,105,70.19,70.19,218.23,218.23,522.33,522.33,10,10,8.76,223.46,2025-11-25 1:00:00
2025-11-25,2:00:00,105,105,70.1,70.1,214.45,214.45,531.4,531.4,10,10,8.62,219.81,2025-11-25 2:00:00
2025-11-25,3:00:00,105,105,71.97,71.97,220.46,220.46,568.29,568.29,10,10,7.31,186.37,2025-11-25 3:00:00
2025-11-25,4:00:00,105,105,72.4,72.4,229.25,229.25,590.87,590.87,10,10,5.69,145.15,2025-11-25 4:00:00
2025-11-25,5:00:00,105,105,69.31,69.31,227.34,227.34,585.21,585.21,10,10,5.2,132.67,2025-11-25 5:00:00
2025-11-25,6:00:00,86.48,86.48,72.95,72.95,217.19,217.19,568.13,568.13,10,10,11.04,281.59,2025-11-25 6:00:00
2025-11-25,7:00:00,57.08,57.08,68.01,68.01,207.39,207.39,617.19,617.19,10.05,10.05,3.24,82.65,2025-11-25 7:00:00
2025-11-25,8:00:00,59.85,59.85,72.39,72.39,215.5,215.5,550.27,550.27,10,10,2,51.01,2025-11-25 8:00:00
2025-11-25,9:00:00,79.79,79.79,65.84,65.84,235.12,235.12,600.98,600.98,9.09,9.09,5.8,147.91,2025-11-25 9:00:00
2025-11-25,10:00:00,95.52,95.52,65.63,65.63,230.51,230.51,605.34,605.34,9.05,9.05,8.68,221.35,2025-11-25 10:00:00
2025-11-25,11:00:00,60.88,60.88,69.92,69.92,206.43,206.43,563.39,563.39,10,10,11.53,294.13,2025-11-25 11:00:00
2025-11-25,12:00:00,51.63,51.63,71.47,71.47,212.55,212.55,550.08,550.08,10.02,10.02,11.6,295.86,2025-11-25 12:00:00
2025-11-25,13:00:00,51.46,51.46,71.79,71.79,216.42,216.42,561.44,561.44,10,10,12.06,307.62,2025-11-25 13:00:00
2025-11-25,14:00:00,56.04,56.04,71.73,71.73,210.38,210.38,566.11,566.11,10.01,10.01,8.44,215.18,2025-11-25 14:00:00
2025-11-25,15:00:00,73.55,73.55,70.27,70.27,207.24,207.24,573.69,573.69,10,10,2.3,58.53,2025-11-25 15:00:00
2025-11-25,16:00:00,60.22,60.22,69.05,69.05,210.26,210.26,547.34,547.34,10,10,2.04,51.91,2025-11-25 16:00:00
2025-11-25,17:00:00,45.36,45.36,69.27,69.27,203.69,203.69,562.78,562.78,10,10,2.02,51.53,2025-11-25 17:00:00
2025-11-25,18:00:00,44.52,44.52,69,69,202.59,202.59,545.52,545.52,10.05,10.05,2.03,51.85,2025-11-25 18:00:00
2025-11-25,19:00:00,48.7,48.7,68.32,68.32,203.96,203.96,581.8,581.8,10,10,2.01,51.31,2025-11-25 19:00:00
2025-11-25,20:00:00,45.04,45.04,68.83,68.83,203.19,203.19,560.65,560.65,10,10,2,51.12,2025-11-25 20:00:00
2025-11-25,21:00:00,34.06,34.06,68.37,68.37,203.4,203.4,566.07,566.07,10,10,2.01,51.22,2025-11-25 21:00:00
2025-11-25,22:00:00,29.89,29.89,68.44,68.44,202.67,202.67,554.89,554.89,10,10,2.01,51.15,2025-11-25 22:00:00
2025-11-25,23:00:00,34.23,34.23,68.4,68.4,204.93,204.93,561.46,561.46,10,10,2.01,51.26,2025-11-25 23:00:00
2025-11-26,0:00:00,28.51,28.51,69.7,69.7,195.48,195.48,647.19,647.19,10,10,2.03,51.81,2025-11-26 0:00:00
2025-11-26,1:00:00,23.98,23.98,74.53,74.53,210.76,210.76,598.9,598.9,10,10,6.05,154.33,2025-11-26 1:00:00
2025-11-26,2:00:00,22.07,22.07,65.82,65.82,226.19,226.19,682.03,682.03,10,10,3.17,80.74,2025-11-26 2:00:00
2025-11-26,3:00:00,19.29,19.29,74.49,74.49,225.49,225.49,735.15,735.15,10,10,3.42,87.28,2025-11-26 3:00:00
2025-11-26,4:00:00,19.3,19.3,66.55,66.55,233.96,233.96,774.78,774.78,10,10,5.67,144.65,2025-11-26 4:00:00
2025-11-26,5:00:00,18.59,18.59,73.2,73.2,232.28,232.28,779.03,779.03,10,10,5.19,132.35,2025-11-26 5:00:00
2025-11-26,6:00:00,18.06,18.06,66.15,66.15,247.58,247.58,682.37,682.37,10,10,9.82,250.51,2025-11-26 6:00:00
2025-11-26,7:00:00,18.45,18.45,75.43,75.43,251.03,251.03,669.46,669.46,10,10,9.52,242.66,2025-11-26 7:00:00
2025-11-26,8:00:00,22,22,67.78,67.78,246.38,246.38,696.37,696.37,10,10,9.01,229.75,2025-11-26 8:00:00
2025-11-26,9:00:00,31.4,31.4,77.23,77.23,231.53,231.53,705.97,705.97,10,10,8.66,220.91,2025-11-26 9:00:00
2025-11-26,10:00:00,36.68,36.68,68.89,68.89,225.87,225.87,725.83,725.83,10,10,8.77,223.52,2025-11-26 10:00:00
2025-11-26,11:00:00,53.47,53.47,71.26,71.26,218.98,218.98,774.71,774.71,10,10,8.8,224.51,2025-11-26 11:00:00
2025-11-26,12:00:00,48.69,48.69,72.66,72.66,214.25,214.25,743.62,743.62,10,10,9.42,240.29,2025-11-26 12:00:00
2025-11-26,13:00:00,54.31,54.31,72.02,72.02,211.52,211.52,799.59,799.59,9.46,9.46,8.82,224.91,2025-11-26 13:00:00
2025-11-26,14:00:00,90.77,90.77,67.29,67.29,240.65,240.65,876.45,876.45,7.31,7.31,6.56,167.19,2025-11-26 14:00:00
2025-11-26,15:00:00,91.84,91.84,72.26,72.26,223.29,223.29,768.64,768.64,9.5,9.5,2.01,51.38,2025-11-26 15:00:00
2025-11-26,16:00:00,49.51,49.51,72.27,72.27,210.69,210.69,771.41,771.41,10,10,2.04,51.91,2025-11-26 16:00:00
2025-11-26,17:00:00,56.92,56.92,72.46,72.46,209.99,209.99,723.04,723.04,10,10,2.01,51.23,2025-11-26 17:00:00
2025-11-26,18:00:00,67.3,67.3,73.34,73.34,209.47,209.47,726.5,726.5,10.06,10.06,2,51,2025-11-26 18:00:00
2025-11-26,19:00:00,74.38,74.38,73.79,73.79,207.71,207.71,733.01,733.01,10.02,10.02,2,51.03,2025-11-26 19:00:00
2025-11-26,20:00:00,92.32,92.32,72.87,72.87,212.44,212.44,709.45,709.45,10,10,4.15,105.82,2025-11-26 20:00:00
2025-11-26,21:00:00,60.41,60.41,76.49,76.49,202.38,202.38,662.52,662.52,10,10,10.37,264.48,2025-11-26 21:00:00
2025-11-26,22:00:00,54.91,54.91,67.69,67.69,206.8,206.8,543.72,543.72,10,10,8.43,214.95,2025-11-26 22:00:00
2025-11-26,23:00:00,57.25,57.25,64.82,64.82,210.57,210.57,545.38,545.38,10,10,7.33,186.95,2025-11-26 23:00:00
2025-11-27,0:00:00,68.71,68.71,73.15,73.15,240.53,240.53,461.45,461.45,10,10,7.71,196.59,2025-11-27 0:00:00
2025-11-27,1:00:00,60,60,63.24,63.24,232.4,232.4,492.8,492.8,10.01,10.01,2.45,62.4,2025-11-27 1:00:00
2025-11-27,2:00:00,58.98,58.98,71.69,71.69,208.77,208.77,595.75,595.75,10.04,10.04,2.48,63.18,2025-11-27 2:00:00
2025-11-27,3:00:00,65.74,65.74,62.66,62.66,202.39,202.39,619.46,619.46,10,10,8.67,221.17,2025-11-27 3:00:00
2025-11-27,4:00:00,93.69,93.69,66.08,66.08,217.43,217.43,628.18,628.18,9.19,9.19,3.82,97.32,2025-11-27 4:00:00
2025-11-27,5:00:00,98.77,98.77,64.88,64.88,212.45,212.45,704.91,704.91,9.37,9.37,4.06,103.56,2025-11-27 5:00:00
2025-11-27,6:00:00,85.05,85.05,68.88,68.88,216.45,216.45,580.74,580.74,9.69,9.69,4.44,113.24,2025-11-27 6:00:00
2025-11-27,7:00:00,104.88,104.88,59.97,59.97,236.98,236.98,608.07,608.07,8.09,8.09,5.69,145.21,2025-11-27 7:00:00
2025-11-27,8:00:00,102.83,102.83,61.95,61.95,223.94,223.94,683.9,683.9,8.19,8.19,6.21,158.42,2025-11-27 8:00:00
2025-11-27,9:00:00,102.15,102.15,60.67,60.67,244.58,244.58,634.21,634.21,8.02,8.02,9.24,235.5,2025-11-27 9:00:00
2025-11-27,10:00:00,99.12,99.12,65.22,65.22,241.61,241.61,691.04,691.04,8.61,8.61,13.51,344.59,2025-11-27 10:00:00
2025-11-27,11:00:00,61.82,61.82,70.27,70.27,217.11,217.11,714.73,714.73,10.06,10.06,16.96,432.56,2025-11-27 11:00:00
2025-11-27,12:00:00,51.95,51.95,71.23,71.23,217.13,217.13,693.17,693.17,10,10,15.8,403,2025-11-27 12:00:00
2025-11-27,13:00:00,42.24,42.24,70.08,70.08,217.12,217.12,684.73,684.73,10,10,8.13,207.36,2025-11-27 13:00:00
2025-11-27,14:00:00,42.85,42.85,69.14,69.14,207.14,207.14,745.82,745.82,10,10,2.02,51.52,2025-11-27 14:00:00
2025-11-27,15:00:00,39.83,39.83,69.28,69.28,199.09,199.09,937.33,937.33,10,10,2.02,51.62,2025-11-27 15:00:00
2025-11-27,16:00:00,55.25,55.25,67.68,67.68,203.97,203.97,580.39,580.39,10,10,2.03,51.64,2025-11-27 16:00:00
2025-11-27,17:00:00,44.12,44.12,66.89,66.89,199.89,199.89,578.92,578.92,10,10,4.81,122.65,2025-11-27 17:00:00
2025-11-27,18:00:00,53.11,53.11,66.23,66.23,207.37,207.37,556.43,556.43,10.05,10.05,8.11,206.82,2025-11-27 18:00:00
2025-11-27,19:00:00,42.55,42.55,65.07,65.07,212.16,212.16,447.83,447.83,10.55,10.55,2.03,51.69,2025-11-27 19:00:00
2025-11-27,20:00:00,45.12,45.12,63.98,63.98,204.44,204.44,520.82,520.82,10,10,2.17,55.23,2025-11-27 20:00:00
2025-11-27,21:00:00,51.06,51.06,64.44,64.44,214.79,214.79,475.19,475.19,10,10,8.64,220.38,2025-11-27 21:00:00
2025-11-27,22:00:00,39.48,39.48,65.55,65.55,224.84,224.84,451.52,451.52,10.31,10.31,8.67,221.08,2025-11-27 22:00:00
2025-11-27,23:00:00,35.86,35.86,66.21,66.21,222.64,222.64,457.91,457.91,10.68,10.68,10.19,259.89,2025-11-27 23:00:00
2025-11-28,0:00:00,50.01,50.01,71.34,71.34,207.91,207.91,528.75,528.75,10,10,2.8,71.33,2025-11-28 0:00:00
2025-11-28,1:00:00,35.19,35.19,60.99,60.99,246.25,246.25,429.64,429.64,10,10,2.92,74.55,2025-11-28 1:00:00
2025-11-28,2:00:00,36.95,36.95,69.68,69.68,239.35,239.35,423.21,423.21,10,10,11.57,294.92,2025-11-28 2:00:00
2025-11-28,3:00:00,92.27,92.27,62.15,62.15,219.52,219.52,490.86,490.86,10,10,10.19,259.88,2025-11-28 3:00:00
2025-11-28,4:00:00,64.65,64.65,69.09,69.09,200.24,200.24,563.34,563.34,10,10,2,51,2025-11-28 4:00:00
2025-11-28,5:00:00,51.51,51.51,62.93,62.93,194.29,194.29,584.45,584.45,10,10,2,51,2025-11-28 5:00:00
2025-11-28,6:00:00,62.13,62.13,68.65,68.65,204.45,204.45,585.97,585.97,10,10,3.06,77.97,2025-11-28 6:00:00
2025-11-28,7:00:00,61.2,61.2,59.86,59.86,221.75,221.75,536.07,536.07,9.42,9.42,9.16,233.55,2025-11-28 7:00:00
2025-11-28,8:00:00,76.08,76.08,68.15,68.15,214.99,214.99,674.32,674.32,9.08,9.08,2.25,57.45,2025-11-28 8:00:00
2025-11-28,9:00:00,42.76,42.76,62.24,62.24,219.79,219.79,491.48,491.48,10,10,2,51.1,2025-11-28 9:00:00
2025-11-28,10:00:00,48.91,48.91,64.22,64.22,194.91,194.91,573.59,573.59,10,10,9.09,231.89,2025-11-28 10:00:00
2025-11-28,11:00:00,46,46,65.3,65.3,195.07,195.07,710.87,710.87,9.98,9.98,15.97,407.24,2025-11-28 11:00:00
2025-11-28,12:00:00,35.85,35.85,65.9,65.9,195.84,195.84,740.51,740.51,9.99,9.99,8.77,223.61,2025-11-28 12:00:00
2025-11-28,13:00:00,30.57,30.57,66.42,66.42,188.31,188.31,948.2,948.2,9.89,9.89,5.71,145.71,2025-11-28 13:00:00
2025-11-28,14:00:00,26.03,26.03,65.33,65.33,183.95,183.95,759.58,759.58,9.95,9.95,4.55,115.93,2025-11-28 14:00:00
2025-11-28,15:00:00,26.49,26.49,64.91,64.91,183.73,183.73,714.27,714.27,10,10,3.24,82.7,2025-11-28 15:00:00
2025-11-28,16:00:00,43.33,43.33,62.86,62.86,195.56,195.56,687.09,687.09,9.25,9.25,2,51.12,2025-11-28 16:00:00
2025-11-28,17:00:00,55.22,55.22,64.54,64.54,203.09,203.09,494.24,494.24,9.82,9.82,2.05,52.15,2025-11-28 17:00:00
2025-11-28,18:00:00,32.15,32.15,64.2,64.2,205.56,205.56,499.63,499.63,10.07,10.07,2.01,51.16,2025-11-28 18:00:00
2025-11-28,19:00:00,27.9,27.9,63.57,63.57,204.84,204.84,537.06,537.06,10,10,2,51,2025-11-28 19:00:00
2025-11-28,20:00:00,25.73,25.73,63.42,63.42,198.17,198.17,592.47,592.47,10,10,2.07,52.75,2025-11-28 20:00:00
2025-11-28,21:00:00,24.93,24.93,63.46,63.46,193.23,193.23,675.59,675.59,10,10,7.74,197.42,2025-11-28 21:00:00
2025-11-28,22:00:00,22.75,22.75,64.62,64.62,197.37,197.37,676.7,676.7,10,10,10.39,264.88,2025-11-28 22:00:00
2025-11-28,23:00:00,30.73,30.73,69.29,69.29,193.7,193.7,618.94,618.94,10,10,7.15,182.21,2025-11-28 23:00:00
2025-11-29,0:00:00,50.99,50.99,59.55,59.55,208.49,208.49,490.91,490.91,10,10,4.23,107.92,2025-11-29 0:00:00
2025-11-29,1:00:00,48.33,48.33,68.28,68.28,203.07,203.07,468.68,468.68,10,10,3.69,94.2,2025-11-29 1:00:00
2025-11-29,2:00:00,67.35,67.35,58.76,58.76,203.43,203.43,493.49,493.49,9.99,9.99,8.13,207.2,2025-11-29 2:00:00
2025-11-29,3:00:00,54.07,54.07,68.64,68.64,201.72,201.72,480.48,480.48,10,10,7.1,180.97,2025-11-29 3:00:00
2025-11-29,4:00:00,37.43,37.43,57.78,57.78,207.62,207.62,482.21,482.21,10,10,5.8,147.86,2025-11-29 4:00:00
2025-11-29,5:00:00,48.35,48.35,66.67,66.67,213.85,213.85,453.63,453.63,10,10,5.24,133.65,2025-11-29 5:00:00
2025-11-29,6:00:00,68.58,68.58,56.36,56.36,221.14,221.14,494.11,494.11,9.08,9.08,2,51,2025-11-29 6:00:00
2025-11-29,7:00:00,70.68,70.68,61.88,61.88,216.65,216.65,539.32,539.32,8.79,8.79,6.02,153.6,2025-11-29 7:00:00
2025-11-29,8:00:00,89.91,89.91,54.64,54.64,235.74,235.74,518.45,518.45,8,8,6.52,166.2,2025-11-29 8:00:00
2025-11-29,9:00:00,79.74,79.74,54.09,54.09,241.39,241.39,473.08,473.08,7.8,7.8,5.23,133.39,2025-11-29 9:00:00
2025-11-29,10:00:00,48.23,48.23,55.28,55.28,242.71,242.71,470.72,470.72,7.91,7.91,5.12,130.55,2025-11-29 10:00:00
2025-11-29,11:00:00,33.38,33.38,62.88,62.88,205.76,205.76,467.22,467.22,10,10,8.57,218.52,2025-11-29 11:00:00
2025-11-29,12:00:00,26.04,26.04,63.13,63.13,193.44,193.44,540.3,540.3,10,10,8.26,210.71,2025-11-29 12:00:00
2025-11-29,13:00:00,29.17,29.17,63.24,63.24,189.38,189.38,602.39,602.39,10,10,8.51,216.94,2025-11-29 13:00:00
2025-11-29,14:00:00,36.49,36.49,61.86,61.86,184.41,184.41,754.49,754.49,9.99,9.99,10.67,271.97,2025-11-29 14:00:00
2025-11-29,15:00:00,35.81,35.81,60.47,60.47,176.26,176.26,810.42,810.42,9.97,9.97,8.98,229.12,2025-11-29 15:00:00
2025-11-29,16:00:00,22.79,22.79,60.53,60.53,170.14,170.14,962.56,962.56,9.81,9.81,4.78,121.81,2025-11-29 16:00:00
2025-11-29,17:00:00,23.44,23.44,59.42,59.42,175.58,175.58,738.97,738.97,10,10,4.34,110.7,2025-11-29 17:00:00
2025-11-29,18:00:00,30.52,30.52,61.38,61.38,176.84,176.84,591.05,591.05,10.06,10.06,2.03,51.82,2025-11-29 18:00:00
2025-11-29,19:00:00,52.39,52.39,61.5,61.5,187.16,187.16,449.43,449.43,10,10,2.02,51.43,2025-11-29 19:00:00
2025-11-29,20:00:00,40.88,40.88,58.4,58.4,197.65,197.65,448.89,448.89,9.08,9.08,4.91,125.18,2025-11-29 20:00:00
2025-11-29,21:00:00,54.43,54.43,56.53,56.53,208.07,208.07,509,509,8.59,8.59,3.42,87.23,2025-11-29 21:00:00
2025-11-29,22:00:00,23.28,23.28,62.03,62.03,196.81,196.81,377.37,377.37,10.25,10.25,3.78,96.39,2025-11-29 22:00:00
2025-11-29,23:00:00,17.93,17.93,61.64,61.64,189.73,189.73,428.91,428.91,10.05,10.05,6.47,165.09,2025-11-29 23:00:00
2025-11-30,0:00:00,16.52,16.52,61.24,61.24,198.42,198.42,390.25,390.25,10,10,5.31,135.35,2025-11-30 0:00:00
2025-11-30,1:00:00,14.65,14.65,64.54,64.54,196.43,196.43,438.96,438.96,10.04,10.04,5.85,149.28,2025-11-30 1:00:00
2025-11-30,2:00:00,13.93,13.93,64.28,64.28,190.58,190.58,458.26,458.26,10,10,6.84,174.48,2025-11-30 2:00:00
2025-11-30,3:00:00,13.88,13.88,59.37,59.37,187.54,187.54,505.53,505.53,10.03,10.03,5.95,151.82,2025-11-30 3:00:00
2025-11-30,4:00:00,15.44,15.44,60.86,60.86,189.02,189.02,485.21,485.21,10,10,6.54,166.87,2025-11-30 4:00:00
2025-11-30,5:00:00,13.21,13.21,62.04,62.04,186.29,186.29,514.56,514.56,10,10,6,153,2025-11-30 5:00:00
2025-11-30,6:00:00,12.53,12.53,56.87,56.87,192.87,192.87,440.87,440.87,10.02,10.02,7.16,182.7,2025-11-30 6:00:00
2025-11-30,7:00:00,12.43,12.43,59.4,59.4,192.35,192.35,398.57,398.57,10.01,10.01,11.9,303.34,2025-11-30 7:00:00
2025-11-30,8:00:00,13.65,13.65,63.24,63.24,193.66,193.66,391.64,391.64,10,10,6.87,175.21,2025-11-30 8:00:00
2025-11-30,9:00:00,10.92,10.92,55.74,55.74,189.65,189.65,477.63,477.63,10,10,5.73,146.05,2025-11-30 9:00:00
2025-11-30,10:00:00,10.72,10.72,58.71,58.71,182.99,182.99,517.88,517.88,10.05,10.05,7.52,191.69,2025-11-30 10:00:00
2025-11-30,11:00:00,11.83,11.83,60.39,60.39,175.41,175.41,561.52,561.52,10,10,7.85,200.14,2025-11-30 11:00:00
2025-11-30,12:00:00,14.65,14.65,60.97,60.97,182.48,182.48,564.88,564.88,10,10,6.88,175.53,2025-11-30 12:00:00
2025-11-30,13:00:00,14.84,14.84,61.6,61.6,188.32,188.32,599.83,599.83,10,10,6.44,164.34,2025-11-30 13:00:00
2025-11-30,14:00:00,15.02,15.02,61.01,61.01,180.46,180.46,667.64,667.64,10,10,5.18,132.22,2025-11-30 14:00:00
2025-11-30,15:00:00,19.01,19.01,60.16,60.16,175.21,175.21,637.84,637.84,10,10,4.53,115.52,2025-11-30 15:00:00
2025-11-30,16:00:00,25.54,25.54,60.33,60.33,174.59,174.59,676.1,676.1,10,10,7.01,178.83,2025-11-30 16:00:00
2025-11-30,17:00:00,17.36,17.36,60.5,60.5,170.54,170.54,700.36,700.36,10,10,3.54,90.38,2025-11-30 17:00:00
2025-11-30,18:00:00,16.09,16.09,59.81,59.81,166.01,166.01,859.76,859.76,10.02,10.02,3.42,87.22,2025-11-30 18:00:00
2025-11-30,19:00:00,21.06,21.06,58.13,58.13,171.47,171.47,877.79,877.79,10,10,2,51.05,2025-11-30 19:00:00
2025-11-30,20:00:00,32.48,32.48,58.37,58.37,178.69,178.69,773.88,773.88,10,10,2.01,51.33,2025-11-30 20:00:00
2025-11-30,21:00:00,45.51,45.51,58.72,58.72,168.01,168.01,1043.61,1043.61,9.57,9.57,2.02,51.64,2025-11-30 21:00:00
2025-11-30,22:00:00,23.78,23.78,57.51,57.51,188.48,188.48,498.52,498.52,10,10,2.02,51.6,2025-11-30 22:00:00
2025-11-30,23:00:00,35.82,35.82,58.5,58.5,183.55,183.55,472.58,472.58,10,10,2.03,51.86,2025-11-30 23:00:00
2025-12-01,0:00:00,32.42,32.42,57.87,57.87,183.42,183.42,447,447,10,10,9.21,234.87,2025-12-01 0:00:00
2025-12-01,1:00:00,20.86,20.86,57.2,57.2,187.74,187.74,479.61,479.61,10,10,11,280.39,2025-12-01 1:00:00
2025-12-01,2:00:00,20.68,20.68,57.33,57.33,192.81,192.81,426.27,426.27,10,10,6.9,175.95,2025-12-01 2:00:00
2025-12-01,3:00:00,21.55,21.55,57.28,57.28,187.38,187.38,559.75,559.75,10,10,2,51,2025-12-01 3:00:00
2025-12-01,4:00:00,22.59,22.59,57.49,57.49,185.13,185.13,521.44,521.44,10,10,2.05,52.21,2025-12-01 4:00:00
2025-12-01,5:00:00,22.45,22.45,63.16,63.16,182.83,182.83,495.9,495.9,10,10,2.39,61.02,2025-12-01 5:00:00
2025-12-01,6:00:00,19.07,19.07,60.59,60.59,175.09,175.09,598.16,598.16,10,10,10.05,256.15,2025-12-01 6:00:00
2025-12-01,7:00:00,15.82,15.82,59.08,59.08,175.89,175.89,503.3,503.3,10,10,13.72,349.91,2025-12-01 7:00:00
2025-12-01,8:00:00,17.08,17.08,56.47,56.47,180.5,180.5,537.79,537.79,10,10,12.5,318.86,2025-12-01 8:00:00
2025-12-01,9:00:00,19.96,19.96,53.63,53.63,172.08,172.08,543.26,543.26,10,10,13.09,333.77,2025-12-01 9:00:00
2025-12-01,10:00:00,17.89,17.89,62.5,62.5,178.9,178.9,617.56,617.56,10,10,8.99,229.27,2025-12-01 10:00:00
2025-12-01,11:00:00,39.69,39.69,55.92,55.92,173.95,173.95,667.67,667.67,9.8,9.8,12.95,330.33,2025-12-01 11:00:00
2025-12-01,12:00:00,39.35,39.35,54.19,54.19,190.95,190.95,505.23,505.23,9.73,9.73,14.86,378.88,2025-12-01 12:00:00
2025-12-01,13:00:00,48.88,48.88,56.48,56.48,197.47,197.47,537.46,537.46,9.75,9.75,13.86,353.43,2025-12-01 13:00:00
2025-12-01,14:00:00,49.87,49.87,57.43,57.43,183.28,183.28,779.61,779.61,9.48,9.48,11.72,298.81,2025-12-01 14:00:00
2025-12-01,15:00:00,61.74,61.74,58.65,58.65,184.87,184.87,586.42,586.42,9.72,9.72,10.38,264.66,2025-12-01 15:00:00
2025-12-01,16:00:00,39.24,39.24,59.45,59.45,176.46,176.46,900.1,900.1,9.43,9.43,4.02,102.6,2025-12-01 16:00:00
2025-12-01,17:00:00,56.94,56.94,59.08,59.08,180.29,180.29,677.62,677.62,9.37,9.37,2.01,51.33,2025-12-01 17:00:00
2025-12-01,18:00:00,46.42,46.42,61.3,61.3,184.58,184.58,516.43,516.43,10.05,10.05,2.02,51.51,2025-12-01 18:00:00
2025-12-01,19:00:00,33.92,33.92,61.78,61.78,177.81,177.81,512.79,512.79,10,10,2.01,51.29,2025-12-01 19:00:00
2025-12-01,20:00:00,26.28,26.28,61.27,61.27,176.17,176.17,590.86,590.86,10,10,2.01,51.29,2025-12-01 20:00:00
2025-12-01,21:00:00,21.15,21.15,61.44,61.44,187.79,187.79,369.14,369.14,10,10,2.01,51.37,2025-12-01 21:00:00
2025-12-01,22:00:00,18.45,18.45,61.26,61.26,177.19,177.19,426.29,426.29,10,10,3.07,78.41,2025-12-01 22:00:00
2025-12-01,23:00:00,14.84,14.84,61.16,61.16,168.56,168.56,513.6,513.6,10,10,5.3,135.15,2025-12-01 23:00:00
2025-12-02,0:00:00,13.2,13.2,61.06,61.06,155.59,155.59,588.7,588.7,10,10,6.05,154.19,2025-12-02 0:00:00
2025-12-02,1:00:00,12.23,12.23,60.59,60.59,151.84,151.84,588.16,588.16,10,10,6.28,160.2,2025-12-02 1:00:00
2025-12-02,2:00:00,11.83,11.83,60.28,60.28,148.72,148.72,676.37,676.37,10,10,5.97,152.18,2025-12-02 2:00:00
2025-12-02,3:00:00,11.61,11.61,67.59,67.59,150.07,150.07,646.04,646.04,10,10,4.9,125.01,2025-12-02 3:00:00
2025-12-02,4:00:00,11.53,11.53,62.87,62.87,155.06,155.06,646.35,646.35,10,10,4.9,125.05,2025-12-02 4:00:00
2025-12-02,5:00:00,14.12,14.12,56.81,56.81,160.48,160.48,605.22,605.22,10,10,5.64,143.71,2025-12-02 5:00:00
2025-12-02,6:00:00,16.34,16.34,67.98,67.98,162.86,162.86,618.41,618.41,10,10,8.89,226.74,2025-12-02 6:00:00
2025-12-02,7:00:00,23.16,23.16,57.83,57.83,169.3,169.3,503.16,503.16,10,10,9.37,239.02,2025-12-02 7:00:00
2025-12-02,8:00:00,31.37,31.37,58.27,58.27,175.11,175.11,436.98,436.98,10,10,8.69,221.54,2025-12-02 8:00:00
2025-12-02,9:00:00,24.92,24.92,60.42,60.42,187.18,187.18,365.67,365.67,10,10,12.9,328.98,2025-12-02 9:00:00
2025-12-02,10:00:00,22.48,22.48,60.88,60.88,191.35,191.35,358.43,358.43,10,10,15.79,402.61,2025-12-02 10:00:00
2025-12-02,11:00:00,19.22,19.22,61.9,61.9,193.78,193.78,337.92,337.92,10,10,17,433.5,2025-12-02 11:00:00
2025-12-02,12:00:00,22.84,22.84,62.9,62.9,191.75,191.75,326.98,326.98,10,10,14.94,380.98,2025-12-02 12:00:00
2025-12-02,13:00:00,36.73,36.73,57.89,57.89,212.35,212.35,365.6,365.6,8.43,8.43,10.21,260.48,2025-12-02 13:00:00
2025-12-02,14:00:00,34.55,34.55,55.98,55.98,206.63,206.63,407.56,407.56,8.02,8.02,8.4,214.32,2025-12-02 14:00:00
2025-12-02,15:00:00,34.56,34.56,55.62,55.62,221.03,221.03,354.72,354.72,8.06,8.06,6.88,175.53,2025-12-02 15:00:00
2025-12-02,16:00:00,41.02,41.02,55.76,55.76,220.74,220.74,369.34,369.34,8,8,2.44,62.29,2025-12-02 16:00:00
2025-12-02,17:00:00,41.72,41.72,56.2,56.2,226.98,226.98,347.15,347.15,8.85,8.85,2.98,75.89,2025-12-02 17:00:00
2025-12-02,18:00:00,33.83,33.83,55.42,55.42,222.53,222.53,350.52,350.52,8.49,8.49,6.14,156.65,2025-12-02 18:00:00
2025-12-02,19:00:00,40.64,40.64,54.83,54.83,226.48,226.48,339.67,339.67,8.15,8.15,3.1,78.94,2025-12-02 19:00:00
2025-12-02,20:00:00,40.7,40.7,59.5,59.5,192.09,192.09,472.26,472.26,9.76,9.76,2.06,52.45,2025-12-02 20:00:00
2025-12-02,21:00:00,11.17,11.17,59.27,59.27,168.29,168.29,800.72,800.72,10,10,2.05,52.28,2025-12-02 21:00:00
2025-12-02,22:00:00,10.19,10.19,59.24,59.24,184.9,184.9,384.86,384.86,10,10,2.04,52.02,2025-12-02 22:00:00
2025-12-02,23:00:00,10.8,10.8,58.32,58.32,183.59,183.59,451.11,451.11,10,10,4.58,116.77,2025-12-02 23:00:00
2025-12-03,0:00:00,21.76,21.76,54.05,54.05,210.64,210.64,468.22,468.22,8.34,8.34,11.11,283.4,2025-12-03 0:00:00
2025-12-03,1:00:00,43.74,43.74,52.41,52.41,218.69,218.69,504.72,504.72,7.26,7.26,13.36,340.58,2025-12-03 1:00:00
2025-12-03,2:00:00,34.01,34.01,59.06,59.06,203.61,203.61,386.23,386.23,9.94,9.94,10.8,275.3,2025-12-03 2:00:00
2025-12-03,3:00:00,39.84,39.84,54.16,54.16,214.2,214.2,445.01,445.01,8.41,8.41,10.39,264.92,2025-12-03 3:00:00
2025-12-03,4:00:00,43.56,43.56,52.72,52.72,225.43,225.43,447.72,447.72,7.89,7.89,11.09,282.84,2025-12-03 4:00:00
2025-12-03,5:00:00,45.46,45.46,58.95,58.95,218.55,218.55,344.26,344.26,9.46,9.46,9.27,236.31,2025-12-03 5:00:00
2025-12-03,6:00:00,16.54,16.54,59.59,59.59,194.4,194.4,404.11,404.11,10,10,5.29,135,2025-12-03 6:00:00
2025-12-03,7:00:00,15.3,15.3,59.77,59.77,194,194,423.64,423.64,10,10,7.53,192.02,2025-12-03 7:00:00
2025-12-03,8:00:00,27.13,27.13,59.93,59.93,193.42,193.42,430.37,430.37,9.91,9.91,6.94,176.9,2025-12-03 8:00:00
2025-12-03,9:00:00,26.83,26.83,59.49,59.49,196.78,196.78,416.58,416.58,9.93,9.93,9.15,233.35,2025-12-03 9:00:00
2025-12-03,10:00:00,34.21,34.21,53.5,53.5,214.52,214.52,605.34,605.34,7.94,7.94,9.75,248.62,2025-12-03 10:00:00
2025-12-03,11:00:00,39.21,39.21,55.54,55.54,232.45,232.45,377.15,377.15,8.14,8.14,9.26,236.17,2025-12-03 11:00:00
2025-12-03,12:00:00,40.53,40.53,56.35,56.35,249.07,249.07,317.34,317.34,8.68,8.68,8.07,205.75,2025-12-03 12:00:00
2025-12-03,13:00:00,52.09,52.09,56.23,56.23,239.04,239.04,336.46,336.46,8.69,8.69,7.69,196.01,2025-12-03 13:00:00
2025-12-03,14:00:00,65.28,65.28,59.21,59.21,232.91,232.91,306.72,306.72,9.25,9.25,3.4,86.66,2025-12-03 14:00:00
2025-12-03,15:00:00,37.29,37.29,62.83,62.83,188.32,188.32,369.56,369.56,10.01,10.01,2.01,51.2,2025-12-03 15:00:00
2025-12-03,16:00:00,11.86,11.86,61.09,61.09,180.44,180.44,428.81,428.81,10,10,7.33,186.85,2025-12-03 16:00:00
2025-12-03,17:00:00,13.1,13.1,61.6,61.6,180.84,180.84,459.98,459.98,10,10,6.85,174.73,2025-12-03 17:00:00
2025-12-03,18:00:00,15.35,15.35,62.71,62.71,183.72,183.72,514.71,514.71,10.06,10.06,5.7,145.36,2025-12-03 18:00:00
2025-12-03,19:00:00,37.68,37.68,63.05,63.05,182.72,182.72,511.7,511.7,10,10,2,51.06,2025-12-03 19:00:00
2025-12-03,20:00:00,49.12,49.12,63.37,63.37,186.3,186.3,468.71,468.71,10,10,2,51.01,2025-12-03 20:00:00
2025-12-03,21:00:00,75.64,75.64,59.78,59.78,211.31,211.31,445.07,445.07,9.18,9.18,2.79,71.12,2025-12-03 21:00:00
2025-12-03,22:00:00,27.56,27.56,63.48,63.48,194.82,194.82,516.93,516.93,10,10,7.57,193.01,2025-12-03 22:00:00
2025-12-03,23:00:00,29.17,29.17,63.43,63.43,205.01,205.01,429.2,429.2,10,10,4.03,102.71,2025-12-03 23:00:00
2025-12-04,0:00:00,33.77,33.77,62.25,62.25,211.8,211.8,378.49,378.49,9.75,9.75,5.47,139.53,2025-12-04 0:00:00
2025-12-04,1:00:00,41.9,41.9,62.44,62.44,212.86,212.86,371.01,371.01,9.86,9.86,8.61,219.58,2025-12-04 1:00:00
2025-12-04,2:00:00,18.45,18.45,62.85,62.85,201.66,201.66,349.62,349.62,10.07,10.07,2.01,51.23,2025-12-04 2:00:00
2025-12-04,3:00:00,19.49,19.49,62.71,62.71,204.43,204.43,339.71,339.71,10,10,2.86,72.9,2025-12-04 3:00:00
2025-12-04,4:00:00,25.59,25.59,63.1,63.1,202.28,202.28,333.04,333.04,10,10,8.54,217.89,2025-12-04 4:00:00
2025-12-04,5:00:00,43.38,43.38,63.59,63.59,209.07,209.07,324.71,324.71,10,10,10.93,278.74,2025-12-04 5:00:00
2025-12-04,6:00:00,47.27,47.27,64.38,64.38,204.54,204.54,332.59,332.59,10,10,13.47,343.51,2025-12-04 6:00:00
2025-12-04,7:00:00,33.88,33.88,64.39,64.39,202.17,202.17,321.45,321.45,10,10,13.01,331.8,2025-12-04 7:00:00
2025-12-04,8:00:00,32.3,32.3,66.12,66.12,204.43,204.43,331.46,331.46,10,10,14.24,363.08,2025-12-04 8:00:00
2025-12-04,9:00:00,37.81,37.81,66.95,66.95,201.21,201.21,345.88,345.88,10,10,11.95,304.6,2025-12-04 9:00:00
2025-12-04,10:00:00,39.88,39.88,64.54,64.54,196.55,196.55,354.63,354.63,10,10,4.64,118.2,2025-12-04 10:00:00
2025-12-04,11:00:00,29.81,29.81,65.91,65.91,196.02,196.02,339.02,339.02,10,10,2,51.07,2025-12-04 11:00:00
2025-12-04,12:00:00,26.16,26.16,63.32,63.32,187.26,187.26,378.11,378.11,10,10,2,51.01,2025-12-04 12:00:00
2025-12-04,13:00:00,24.15,24.15,62.43,62.43,191.04,191.04,362.58,362.58,10,10,2.08,53.13,2025-12-04 13:00:00
2025-12-04,14:00:00,17.51,17.51,62.47,62.47,178.44,178.44,430.64,430.64,10,10,2.19,55.88,2025-12-04 14:00:00
2025-12-04,15:00:00,10.72,10.72,62.3,62.3,176.23,176.23,444.01,444.01,10,10,2,51.04,2025-12-04 15:00:00
2025-12-04,16:00:00,8.75,8.75,62.48,62.48,186.59,186.59,366.89,366.89,10,10,2.53,64.55,2025-12-04 16:00:00
2025-12-04,17:00:00,8.49,8.49,62.93,62.93,190.87,190.87,378.75,378.75,10,10,2.01,51.18,2025-12-04 17:00:00
2025-12-04,18:00:00,7.73,7.73,64.41,64.41,199.6,199.6,343.95,343.95,10.08,10.08,2.01,51.23,2025-12-04 18:00:00
2025-12-04,19:00:00,7.42,7.42,69.66,69.66,197.6,197.6,377.91,377.91,10,10,2.01,51.18,2025-12-04 19:00:00
2025-12-04,20:00:00,7.52,7.52,68.4,68.4,190.8,190.8,448.04,448.04,10,10,4.75,121.25,2025-12-04 20:00:00
2025-12-04,21:00:00,10.21,10.21,64.41,64.41,199.8,199.8,439.73,439.73,10,10,10.46,266.8,2025-12-04 21:00:00
2025-12-04,22:00:00,12.35,12.35,66.13,66.13,196.27,196.27,467.26,467.26,10.06,10.06,6.35,161.87,2025-12-04 22:00:00
2025-12-04,23:00:00,9.16,9.16,61.48,61.48,188.92,188.92,559.01,559.01,10,10,7.23,184.36,2025-12-04 23:00:00
2025-12-05,0:00:00,8.27,8.27,67.77,67.77,198.63,198.63,414.96,414.96,10.01,10.01,8.89,226.6,2025-12-05 0:00:00
2025-12-05,1:00:00,8.45,8.45,62.97,62.97,193.45,193.45,489.1,489.1,10,10,7.76,197.94,2025-12-05 1:00:00
2025-12-05,2:00:00,8.05,8.05,65.63,65.63,184.7,184.7,331.89,331.89,10.23,10.23,4.6,117.34,2025-12-05 2:00:00
2025-12-05,3:00:00,9.39,9.39,63.3,63.3,184.13,184.13,328.51,328.51,10,10,2,51,2025-12-05 3:00:00
2025-12-05,4:00:00,11.08,11.08,64.03,64.03,182.56,182.56,425.87,425.87,10.07,10.07,2.47,63.02,2025-12-05 4:00:00
2025-12-05,5:00:00,10.22,10.22,64.94,64.94,189.79,189.79,379.65,379.65,10,10,3.34,85.07,2025-12-05 5:00:00
2025-12-05,6:00:00,15.6,15.6,60.82,60.82,198.88,198.88,397.19,397.19,9.78,9.78,10.4,265.29,2025-12-05 6:00:00
2025-12-05,7:00:00,10.3,10.3,65.21,65.21,190.1,190.1,470.15,470.15,9.97,9.97,11.58,295.3,2025-12-05 7:00:00
2025-12-05,8:00:00,9.78,9.78,62.29,62.29,196.24,196.24,509.19,509.19,10.02,10.02,12.52,319.31,2025-12-05 8:00:00
2025-12-05,9:00:00,9.81,9.81,66.43,66.43,200.22,200.22,602.79,602.79,10,10,13.61,347.08,2025-12-05 9:00:00
2025-12-05,10:00:00,16.97,16.97,65.57,65.57,214.21,214.21,535.49,535.49,10.02,10.02,12.34,314.61,2025-12-05 10:00:00
2025-12-05,11:00:00,21.23,21.23,62.7,62.7,212,212,498.44,498.44,10.04,10.04,12.14,309.59,2025-12-05 11:00:00
2025-12-05,12:00:00,31.37,31.37,61.92,61.92,205.14,205.14,638.2,638.2,10,10,13.06,333.14,2025-12-05 12:00:00
2025-12-05,13:00:00,61.17,61.17,60.54,60.54,211.02,211.02,783.63,783.63,9.09,9.09,10.53,268.46,2025-12-05 13:00:00
2025-12-05,14:00:00,76.95,76.95,64.16,64.16,224.67,224.67,683.52,683.52,8.74,8.74,4.71,120.12,2025-12-05 14:00:00
2025-12-05,15:00:00,62.36,62.36,59.59,59.59,247.59,247.59,449.39,449.39,8.82,8.82,2.09,53.17,2025-12-05 15:00:00
2025-12-05,16:00:00,51.8,51.8,61.12,61.12,225.05,225.05,514.32,514.32,9.38,9.38,2.01,51.22,2025-12-05 16:00:00
2025-12-05,17:00:00,53.33,53.33,63.93,63.93,209.72,209.72,533.77,533.77,10,10,2.01,51.18,2025-12-05 17:00:00
2025-12-05,18:00:00,28.21,28.21,63.1,63.1,194.18,194.18,580.67,580.67,10.14,10.14,3.4,86.74,2025-12-05 18:00:00
2025-12-05,19:00:00,39.95,39.95,61.48,61.48,185.27,185.27,542.48,542.48,10,10,7.5,191.29,2025-12-05 19:00:00
2025-12-05,20:00:00,28.71,28.71,55.62,55.62,201.54,201.54,598.1,598.1,8.21,8.21,9.76,248.98,2025-12-05 20:00:00
2025-12-05,21:00:00,23.17,23.17,62.47,62.47,195.28,195.28,420.21,420.21,9.94,9.94,10.2,260.07,2025-12-05 21:00:00
2025-12-05,22:00:00,13.69,13.69,62.66,62.66,199.49,199.49,508.62,508.62,10,10,10.06,256.41,2025-12-05 22:00:00
2025-12-05,23:00:00,12.7,12.7,71.36,71.36,195.04,195.04,512.11,512.11,10,10,2.57,65.53,2025-12-05 23:00:00
2025-12-06,0:00:00,12.49,12.49,64.26,64.26,200.62,200.62,503.94,503.94,10,10,6.37,162.46,2025-12-06 0:00:00
2025-12-06,1:00:00,12.64,12.64,63.36,63.36,205.38,205.38,486.96,486.96,10,10,11.16,284.52,2025-12-06 1:00:00
2025-12-06,2:00:00,13.68,13.68,66.99,66.99,211.27,211.27,444.73,444.73,10,10,10.57,269.59,2025-12-06 2:00:00
2025-12-06,3:00:00,15.71,15.71,63.93,63.93,218.04,218.04,460.92,460.92,10,10,10.34,263.56,2025-12-06 3:00:00
2025-12-06,4:00:00,17.05,17.05,64.44,64.44,217.77,217.77,423.72,423.72,10,10,8.31,211.95,2025-12-06 4:00:00
2025-12-06,5:00:00,10.84,10.84,65,65,220.24,220.24,349.18,349.18,10,10,6.48,165.36,2025-12-06 5:00:00
2025-12-06,6:00:00,8.69,8.69,64.58,64.58,202.62,202.62,381.63,381.63,10.1,10.1,12.27,312.85,2025-12-06 6:00:00
2025-12-06,7:00:00,8.79,8.79,61.2,61.2,204.49,204.49,334.51,334.51,10,10,13.2,336.72,2025-12-06 7:00:00
2025-12-06,8:00:00,9.17,9.17,68.94,68.94,190.79,190.79,364.49,364.49,10.01,10.01,8.97,228.66,2025-12-06 8:00:00
2025-12-06,9:00:00,9.4,9.4,59.37,59.37,180.82,180.82,375.21,375.21,10.03,10.03,2.09,53.36,2025-12-06 9:00:00
2025-12-06,10:00:00,9.87,9.87,61.3,61.3,183.1,183.1,327.1,327.1,10,10,3.98,101.53,2025-12-06 10:00:00
2025-12-06,11:00:00,18.31,18.31,63.34,63.34,193.98,193.98,323.53,323.53,10,10,11.29,287.95,2025-12-06 11:00:00
2025-12-06,12:00:00,18.06,18.06,64.46,64.46,195.55,195.55,321.02,321.02,10,10,11.31,288.43,2025-12-06 12:00:00
2025-12-06,13:00:00,15.7,15.7,64.34,64.34,192.92,192.92,317.32,317.32,10,10,9,229.61,2025-12-06 13:00:00
2025-12-06,14:00:00,9.71,9.71,63.89,63.89,189.1,189.1,305.56,305.56,10,10,4.58,116.8,2025-12-06 14:00:00
2025-12-06,15:00:00,8.58,8.58,63.54,63.54,185.49,185.49,308.85,308.85,10,10,2,51.1,2025-12-06 15:00:00
2025-12-06,16:00:00,11.1,11.1,63.67,63.67,187.56,187.56,308.14,308.14,10,10,2.01,51.2,2025-12-06 16:00:00
2025-12-06,17:00:00,34.01,34.01,63.55,63.55,185.4,185.4,321.88,321.88,10,10,2.01,51.14,2025-12-06 17:00:00
2025-12-06,18:00:00,24.27,24.27,64.47,64.47,186.07,186.07,294.82,294.82,10.09,10.09,2,51.04,2025-12-06 18:00:00
2025-12-06,19:00:00,29.1,29.1,64.87,64.87,192.08,192.08,291.26,291.26,10.01,10.01,5.78,147.28,2025-12-06 19:00:00
2025-12-06,20:00:00,31.91,31.91,64.75,64.75,194.17,194.17,281.58,281.58,10,10,7.6,193.84,2025-12-06 20:00:00
2025-12-06,21:00:00,29.58,29.58,65.89,65.89,188.86,188.86,277.23,277.23,10,10,3.56,90.73,2025-12-06 21:00:00
2025-12-06,22:00:00,29,29,74.08,74.08,181.3,181.3,302.11,302.11,10,10,2,51.02,2025-12-06 22:00:00
2025-12-06,23:00:00,37.68,37.68,61.04,61.04,181.18,181.18,420.23,420.23,10,10,6.12,156.08,2025-12-06 23:00:00
2025-12-07,0:00:00,43.7,43.7,69.54,69.54,178.54,178.54,378.95,378.95,10,10,7.99,203.71,2025-12-07 0:00:00
2025-12-07,1:00:00,20.92,20.92,59.64,59.64,170.37,170.37,512.07,512.07,10.08,10.08,6.78,173.01,2025-12-07 1:00:00
2025-12-07,2:00:00,18.1,18.1,68.31,68.31,165.12,165.12,562.75,562.75,10,10,2.14,54.66,2025-12-07 2:00:00
2025-12-07,3:00:00,17.05,17.05,60.02,60.02,169.61,169.61,588.54,588.54,10.08,10.08,2,51.01,2025-12-07 3:00:00
2025-12-07,4:00:00,23.47,23.47,68.7,68.7,167.81,167.81,477.99,477.99,10.01,10.01,2,51.04,2025-12-07 4:00:00
2025-12-07,5:00:00,20.04,20.04,59.69,59.69,167.66,167.66,442.23,442.23,10,10,4.19,106.86,2025-12-07 5:00:00
2025-12-07,6:00:00,23.47,23.47,66.27,66.27,177.98,177.98,361.77,361.77,10.06,10.06,7.6,193.83,2025-12-07 6:00:00
2025-12-07,7:00:00,38.78,38.78,62.34,62.34,174.78,174.78,399.95,399.95,9.8,9.8,15.14,386.12,2025-12-07 7:00:00
2025-12-07,8:00:00,65.6,65.6,54.13,54.13,204.59,204.59,354.84,354.84,8.54,8.54,8.43,215,2025-12-07 8:00:00
2025-12-07,9:00:00,44.53,44.53,55.92,55.92,202.07,202.07,394.37,394.37,8.62,8.62,3.95,100.61,2025-12-07 9:00:00
2025-12-07,10:00:00,20.53,20.53,62.75,62.75,168.17,168.17,478.82,478.82,10.02,10.02,11.19,285.34,2025-12-07 10:00:00
2025-12-07,11:00:00,8.64,8.64,63.44,63.44,162.15,162.15,493.67,493.67,10,10,12.79,326.23,2025-12-07 11:00:00
2025-12-07,12:00:00,8.08,8.08,63.8,63.8,165.94,165.94,521.52,521.52,10,10,13.24,337.62,2025-12-07 12:00:00
2025-12-07,13:00:00,8.43,8.43,63.61,63.61,171.41,171.41,492.12,492.12,10,10,11.17,284.71,2025-12-07 13:00:00
2025-12-07,14:00:00,8.64,8.64,63.99,63.99,169.89,169.89,581.04,581.04,10,10,8.7,221.93,2025-12-07 14:00:00
2025-12-07,15:00:00,8.24,8.24,63.83,63.83,175.51,175.51,501.06,501.06,10,10,6.48,165.14,2025-12-07 15:00:00
2025-12-07,16:00:00,8.94,8.94,63.07,63.07,181.31,181.31,432.51,432.51,10,10,4.61,117.54,2025-12-07 16:00:00
2025-12-07,17:00:00,9.35,9.35,63.51,63.51,176.57,176.57,458.95,458.95,10,10,2,51.12,2025-12-07 17:00:00
2025-12-07,18:00:00,8.98,8.98,64.36,64.36,176.53,176.53,457.66,457.66,10.28,10.28,2,51.1,2025-12-07 18:00:00
2025-12-07,19:00:00,15.69,15.69,63.49,63.49,178.05,178.05,380.8,380.8,10.43,10.43,2,51.07,2025-12-07 19:00:00
2025-12-07,20:00:00,9.35,9.35,62.29,62.29,176.58,176.58,528.24,528.24,10.05,10.05,2,50.96,2025-12-07 20:00:00
2025-12-07,21:00:00,9.59,9.59,62.2,62.2,180.91,180.91,455.09,455.09,10.57,10.57,6.49,165.48,2025-12-07 21:00:00
2025-12-07,22:00:00,8.74,8.74,62.63,62.63,175.65,175.65,517.15,517.15,10.68,10.68,2.35,59.85,2025-12-07 22:00:00
2025-12-07,23:00:00,10.84,10.84,63.01,63.01,174.36,174.36,580.36,580.36,10.57,10.57,7.48,190.66,2025-12-07 23:00:00
2025-12-08,0:00:00,14.13,14.13,63.01,63.01,194.34,194.34,440.6,440.6,10.22,10.22,11.81,301.08,2025-12-08 0:00:00
2025-12-08,1:00:00,10.59,10.59,63.03,63.03,193.03,193.03,425.2,425.2,10.37,10.37,10.16,258.98,2025-12-08 1:00:00
2025-12-08,2:00:00,8.95,8.95,61.97,61.97,192.1,192.1,499.55,499.55,10.02,10.02,8.94,228.03,2025-12-08 2:00:00
2025-12-08,3:00:00,18.05,18.05,62.7,62.7,198.43,198.43,396.79,396.79,10.04,10.04,8.04,205.07,2025-12-08 3:00:00
2025-12-08,4:00:00,12.37,12.37,71.11,71.11,201.21,201.21,338.09,338.09,10,10,7,178.55,2025-12-08 4:00:00
2025-12-08,5:00:00,12.14,12.14,68.04,68.04,192.83,192.83,349.42,349.42,10.15,10.15,6.62,168.93,2025-12-08 5:00:00
2025-12-08,6:00:00,11.24,11.24,67.59,67.59,192.6,192.6,356.17,356.17,10,10,12.37,315.49,2025-12-08 6:00:00
2025-12-08,7:00:00,11.75,11.75,60.13,60.13,186.72,186.72,449.59,449.59,10,10,12.44,317.14,2025-12-08 7:00:00
2025-12-08,8:00:00,12.54,12.54,58.16,58.16,185.43,185.43,419,419,10,10,5.11,130.41,2025-12-08 8:00:00
2025-12-08,9:00:00,11.97,11.97,60.6,60.6,187.97,187.97,414.55,414.55,10,10,5.28,134.77,2025-12-08 9:00:00
2025-12-08,10:00:00,35.03,35.03,56.97,56.97,214.41,214.41,452.42,452.42,8.48,8.48,11.36,289.77,2025-12-08 10:00:00
2025-12-08,11:00:00,52.26,52.26,58.83,58.83,225.53,225.53,455.99,455.99,8.02,8.02,9.57,244.15,2025-12-08 11:00:00
2025-12-08,12:00:00,37.47,37.47,58.36,58.36,228.61,228.61,455.66,455.66,8.03,8.03,11.88,303.06,2025-12-08 12:00:00
2025-12-08,13:00:00,27.72,27.72,58.29,58.29,240.07,240.07,378.27,378.27,8.79,8.79,11.05,281.87,2025-12-08 13:00:00
2025-12-08,14:00:00,25.06,25.06,59.15,59.15,239.86,239.86,365.85,365.85,9,9,3.52,89.81,2025-12-08 14:00:00
2025-12-08,15:00:00,40,40,59.63,59.63,242.36,242.36,377.77,377.77,9,9,2,51.06,2025-12-08 15:00:00
2025-12-08,16:00:00,42.31,42.31,56.1,56.1,233.45,233.45,387.68,387.68,9,9,1.99,50.69,2025-12-08 16:00:00
2025-12-08,17:00:00,35.44,35.44,54.86,54.86,230.84,230.84,435.74,435.74,9,9,3.05,77.72,2025-12-08 17:00:00
2025-12-08,18:00:00,37.19,37.19,55.11,55.11,236,236,405.9,405.9,8.9,8.9,7.46,190.21,2025-12-08 18:00:00
2025-12-08,19:00:00,39.04,39.04,60,60,218.15,218.15,393.83,393.83,9.93,9.93,6.51,165.95,2025-12-08 19:00:00
2025-12-08,20:00:00,11.6,11.6,72.91,72.91,196.04,196.04,380.84,380.84,10.95,10.95,6.38,162.67,2025-12-08 20:00:00
2025-12-08,21:00:00,8.47,8.47,59.38,59.38,192.67,192.67,454.99,454.99,10.33,10.33,9.79,249.6,2025-12-08 21:00:00
2025-12-08,22:00:00,8.44,8.44,68.02,68.02,188.68,188.68,481.52,481.52,10.09,10.09,9.29,236.84,2025-12-08 22:00:00
2025-12-08,23:00:00,23.02,23.02,61.93,61.93,247.58,247.58,224,224,11.41,11.41,7.66,195.31,2025-12-08 23:00:00
2025-12-09,0:00:00,48.83,48.83,59.73,59.73,403.74,403.74,255.53,255.53,8.33,8.33,7.23,184.47,2025-12-09 0:00:00
2025-12-09,1:00:00,51.82,51.82,54.18,54.18,402.41,402.41,288.55,288.55,8.85,8.85,8.13,207.26,2025-12-09 1:00:00
2025-12-09,2:00:00,41.21,41.21,62.34,62.34,341.15,341.15,384.43,384.43,8.84,8.84,8.32,212.16,2025-12-09 2:00:00
2025-12-09,3:00:00,30.91,30.91,56.35,56.35,355.23,355.23,337.17,337.17,9.73,9.73,7.27,185.29,2025-12-09 3:00:00
2025-12-09,4:00:00,29.2,29.2,64.41,64.41,297.48,297.48,497.23,497.23,9.2,9.2,6.56,167.32,2025-12-09 4:00:00
2025-12-09,5:00:00,31.69,31.69,50.74,50.74,340.26,340.26,542.48,542.48,8.12,8.12,3.99,101.84,2025-12-09 5:00:00
2025-12-09,6:00:00,30.37,30.37,57.64,57.64,331.89,331.89,633.08,633.08,8.04,8.04,4.8,122.44,2025-12-09 6:00:00
2025-12-09,7:00:00,47.68,47.68,56.77,56.77,298.37,298.37,612.2,612.2,9.11,9.11,12.23,311.88,2025-12-09 7:00:00
2025-12-09,8:00:00,62.97,62.97,59.73,59.73,274.63,274.63,806.16,806.16,9,9,12.09,308.23,2025-12-09 8:00:00
2025-12-09,9:00:00,78.38,78.38,60.15,60.15,238.67,238.67,1173.2,1173.2,8.64,8.64,11.69,298.21,2025-12-09 9:00:00
2025-12-09,10:00:00,39.1,39.1,54.21,54.21,236.97,236.97,892.18,892.18,8.86,8.86,8.78,223.93,2025-12-09 10:00:00
2025-12-09,11:00:00,32.66,32.66,54.9,54.9,251.35,251.35,847.63,847.63,8.41,8.41,9.54,243.19,2025-12-09 11:00:00
2025-12-09,12:00:00,53.93,53.93,61.11,61.11,346.73,346.73,358.1,358.1,9.45,9.45,7.99,203.73,2025-12-09 12:00:00
2025-12-09,13:00:00,64.64,64.64,61.86,61.86,365.14,365.14,413.93,413.93,9.1,9.1,7.9,201.43,2025-12-09 13:00:00
2025-12-09,14:00:00,27.55,27.55,61.7,61.7,337.98,337.98,437.37,437.37,9.05,9.05,5.46,139.22,2025-12-09 14:00:00
2025-12-09,15:00:00,79.41,79.41,59.01,59.01,222.35,222.35,869.96,869.96,8.41,8.41,2,51,2025-12-09 15:00:00
2025-12-09,16:00:00,91.71,91.71,60.47,60.47,225.66,225.66,573.64,573.64,8.66,8.66,2,51,2025-12-09 16:00:00
2025-12-09,17:00:00,35.84,35.84,58.02,58.02,237.27,237.27,475.29,475.29,8.3,8.3,2,51,2025-12-09 17:00:00
2025-12-09,18:00:00,41.64,41.64,60.13,60.13,224.8,224.8,436.59,436.59,9.07,9.07,2,51,2025-12-09 18:00:00
2025-12-09,19:00:00,44.49,44.49,63.62,63.62,193.11,193.11,477.4,477.4,9.62,9.62,2,51,2025-12-09 19:00:00
2025-12-09,20:00:00,26.12,26.12,77.58,77.58,113.15,113.15,559.03,559.03,10.34,10.34,2,51,2025-12-09 20:00:00
2025-12-09,21:00:00,23.74,23.74,83.19,83.19,62.29,62.29,584.77,584.77,11,11,3.96,101.02,2025-12-09 21:00:00
2025-12-09,22:00:00,20.44,20.44,88.31,88.31,40.1,40.1,606.87,606.87,11.05,11.05,6.91,176.1,2025-12-09 22:00:00
2025-12-09,23:00:00,22.08,22.08,92.63,92.63,26.93,26.93,625.95,625.95,12,12,5.59,142.57,2025-12-09 23:00:00
2025-12-10,0:00:00,19.58,19.58,96.69,96.69,18.57,18.57,642.09,642.09,12,12,5.71,145.72,2025-12-10 0:00:00
2025-12-10,1:00:00,19.48,19.48,100.71,100.71,12.4,12.4,657.09,657.09,12,12,5.08,129.53,2025-12-10 1:00:00
2025-12-10,2:00:00,37.86,37.84,105.46,105.4,7.8,7.8,679.82,679.42,12.71,12.71,5.02,128.05,2025-12-10 2:00:00
2025-12-10,3:00:00,40.76,40.76,109.64,109.64,5.29,5.29,696.57,696.57,13,13,6.04,153.92,2025-12-10 3:00:00
2025-12-10,4:00:00,39.96,39.96,113.18,113.18,3.91,3.91,708.27,708.27,13,13,5.37,136.91,2025-12-10 4:00:00
2025-12-10,5:00:00,41.17,41.17,117.53,117.53,3.82,3.82,722.97,722.97,13,13,5.36,136.59,2025-12-10 5:00:00
2025-12-10,6:00:00,29.69,29.69,121.35,121.35,3.78,3.78,734.1,734.1,13,13,14.53,370.59,2025-12-10 6:00:00
2025-12-10,7:00:00,29.33,29.33,125.4,125.4,4.16,4.16,749.83,749.83,13.96,13.96,11.4,290.75,2025-12-10 7:00:00
2025-12-10,8:00:00,35.33,35.33,129.35,129.35,3.47,3.47,761.9,761.9,14,14,10.34,263.65,2025-12-10 8:00:00
2025-12-10,9:00:00,25.91,25.91,132.94,132.94,2.56,2.56,771.77,771.77,14,14,9.67,246.58,2025-12-10 9:00:00
2025-12-10,10:00:00,17.47,17.47,134.67,134.67,2.29,2.29,771.35,771.35,14,14,9.72,247.97,2025-12-10 10:00:00
2025-12-10,11:00:00,14.49,14.49,138.27,138.27,2.53,2.53,781.69,781.69,14,14,8.96,228.48,2025-12-10 11:00:00
2025-12-10,12:00:00,14.13,14.13,140.85,140.85,2.15,2.15,784.88,784.88,14,14,9.32,237.63,2025-12-10 12:00:00
2025-12-10,13:00:00,14.11,14.11,144.59,144.59,2.41,2.41,800.17,800.17,14.22,14.22,7.77,198.24,2025-12-10 13:00:00
2025-12-10,14:00:00,15.09,15.09,148.62,148.62,2.33,2.33,807.89,807.89,15,15,3.21,81.85,2025-12-10 14:00:00
2025-12-10,15:00:00,13.52,13.52,128.39,128.39,68,68,689.73,689.73,13.49,13.49,2,51.1,2025-12-10 15:00:00
2025-12-10,16:00:00,10.25,10.25,65.42,65.42,219.69,219.69,450.07,450.07,10.02,10.02,2,51.08,2025-12-10 16:00:00
2025-12-10,17:00:00,13.07,13.07,65.47,65.47,219.33,219.33,440.46,440.46,10.49,10.49,2,51.01,2025-12-10 17:00:00
2025-12-10,18:00:00,25.9,25.9,66.49,66.49,224.71,224.71,552.96,552.96,10.53,10.53,2,50.98,2025-12-10 18:00:00
2025-12-10,19:00:00,17.62,17.62,66.01,66.01,230.55,230.55,485.7,485.7,10.05,10.05,6.03,153.87,2025-12-10 19:00:00
2025-12-10,20:00:00,8.82,8.82,68.27,68.27,217.04,217.04,568.32,568.32,10.03,10.03,9.53,242.97,2025-12-10 20:00:00
2025-12-10,21:00:00,10.61,10.61,62.27,62.27,213.16,213.16,569.74,569.74,9.86,9.86,8.31,211.99,2025-12-10 21:00:00
2025-12-10,22:00:00,13.98,13.98,59.31,59.31,224.14,224.14,557.09,557.09,8.87,8.87,7.53,191.94,2025-12-10 22:00:00
2025-12-10,23:00:00,26.38,26.38,60.41,60.41,248.89,248.89,340.65,340.65,8.82,8.82,8.89,226.57,2025-12-10 23:00:00
2025-12-11,0:00:00,18.35,18.35,65.17,65.17,235.29,235.29,420.14,420.14,9.02,9.02,7.47,190.52,2025-12-11 0:00:00
2025-12-11,1:00:00,10.75,10.75,56.71,56.71,240.4,240.4,411.13,411.13,8.68,8.68,6.6,168.26,2025-12-11 1:00:00
2025-12-11,2:00:00,11.62,11.62,63.73,63.73,224.47,224.47,523.14,523.14,9.42,9.42,10.94,279.06,2025-12-11 2:00:00
2025-12-11,3:00:00,8.69,8.69,63.24,63.24,201.61,201.61,556.19,556.19,10.7,10.7,9.67,246.7,2025-12-11 3:00:00
2025-12-11,4:00:00,8.5,8.5,68.78,68.78,213.38,213.38,458.89,458.89,10.51,10.51,2.55,64.91,2025-12-11 4:00:00
2025-12-11,5:00:00,8.42,8.42,63.61,63.61,226.11,226.11,333.58,333.58,10.99,10.99,2,51,2025-12-11 5:00:00
2025-12-11,6:00:00,7.92,7.92,69,69,225.99,225.99,316.97,316.97,10.79,10.79,5.27,134.43,2025-12-11 6:00:00
2025-12-11,7:00:00,7.63,7.63,63.26,63.26,228.82,228.82,290.28,290.28,10.81,10.81,9.18,234,2025-12-11 7:00:00
2025-12-11,8:00:00,7.53,7.53,68.86,68.86,223.23,223.23,291.71,291.71,10.97,10.97,9.82,250.46,2025-12-11 8:00:00
2025-12-11,9:00:00,7.65,7.65,62.62,62.62,219.47,219.47,337.32,337.32,10.3,10.3,8.39,214.03,2025-12-11 9:00:00
2025-12-11,10:00:00,8.42,8.42,65.51,65.51,230.85,230.85,384.09,384.09,10.07,10.07,8.36,213.05,2025-12-11 10:00:00
2025-12-11,11:00:00,24.2,24.2,61.43,61.43,259.11,259.11,303.42,303.42,9.43,9.43,9.78,249.4,2025-12-11 11:00:00
2025-12-11,12:00:00,46.52,46.52,59.12,59.12,263.63,263.63,472.06,472.06,8.16,8.16,10.22,260.55,2025-12-11 12:00:00
2025-12-11,13:00:00,41.9,41.9,58.96,58.96,280.45,280.45,406.08,406.08,8.01,8.01,11.23,286.45,2025-12-11 13:00:00
2025-12-11,14:00:00,44.34,44.34,60.25,60.25,272.02,272.02,369.25,369.25,8.57,8.57,9.64,245.71,2025-12-11 14:00:00
2025-12-11,15:00:00,30.05,30.05,65.37,65.37,243.95,243.95,355.25,355.25,10.12,10.12,7.03,179.15,2025-12-11 15:00:00
2025-12-11,16:00:00,8.44,8.44,66.26,66.26,212.14,212.14,378.29,378.29,10.11,10.11,4.15,105.87,2025-12-11 16:00:00
2025-12-11,17:00:00,7.51,7.51,65.73,65.73,201.88,201.88,441.33,441.33,10.02,10.02,2,51.06,2025-12-11 17:00:00
2025-12-11,18:00:00,7.9,7.9,66.08,66.08,208.31,208.31,395.59,395.59,10.05,10.05,2,51.04,2025-12-11 18:00:00
2025-12-11,19:00:00,7.97,7.97,66.52,66.52,201.41,201.41,578.25,578.25,10.13,10.13,2,51.01,2025-12-11 19:00:00
2025-12-11,20:00:00,6.89,6.89,66.22,66.22,202.24,202.24,485.98,485.98,10.09,10.09,2,51.01,2025-12-11 20:00:00
2025-12-11,21:00:00,6.91,6.91,66.54,66.54,201.92,201.92,437.37,437.37,10.18,10.18,2,51.09,2025-12-11 21:00:00
2025-12-11,22:00:00,7.02,7.02,65.73,65.73,198.94,198.94,402.18,402.18,10.09,10.09,8.69,221.51,2025-12-11 22:00:00
2025-12-11,23:00:00,7.07,7.07,69.48,69.48,193.74,193.74,418.29,418.29,10,10,10.81,275.56,2025-12-11 23:00:00
2025-12-12,0:00:00,7.56,7.56,63.13,63.13,201.02,201.02,399.78,399.78,10.02,10.02,9.74,248.43,2025-12-12 0:00:00
2025-12-12,1:00:00,8.11,8.11,66.29,66.29,199.8,199.8,425.42,425.42,10,10,8.15,207.89,2025-12-12 1:00:00
2025-12-12,2:00:00,8.52,8.52,64.21,64.21,208.99,208.99,417.51,417.51,10,10,5.45,139.08,2025-12-12 2:00:00
2025-12-12,3:00:00,10.69,10.69,65.14,65.14,222.34,222.34,385.1,385.1,10,10,5.1,130.14,2025-12-12 3:00:00
2025-12-12,4:00:00,9.96,9.96,67.87,67.87,213.85,213.85,387.42,387.42,10,10,4.91,125.28,2025-12-12 4:00:00
2025-12-12,5:00:00,9.08,9.08,63.92,63.92,204.7,204.7,398.07,398.07,10,10,4.93,125.75,2025-12-12 5:00:00
2025-12-12,6:00:00,9.58,9.58,68.65,68.65,201.32,201.32,421.58,421.58,10,10,10.25,261.42,2025-12-12 6:00:00
2025-12-12,7:00:00,11.58,11.58,66.76,66.76,197.02,197.02,487.65,487.65,10,10,11.64,296.72,2025-12-12 7:00:00
2025-12-12,8:00:00,13.65,13.65,65.92,65.92,201.99,201.99,495.66,495.66,10,10,10.18,259.48,2025-12-12 8:00:00
2025-12-12,9:00:00,14.74,14.74,67.18,67.18,218.55,218.55,497.89,497.89,10,10,11.5,293.13,2025-12-12 9:00:00
2025-12-12,10:00:00,14.79,14.79,68.34,68.34,233.64,233.64,344.7,344.7,10,10,10.19,259.95,2025-12-12 10:00:00
2025-12-12,11:00:00,17.36,17.36,67.04,67.04,242.68,242.68,356.24,356.24,10,10,9.65,246.12,2025-12-12 11:00:00
2025-12-12,12:00:00,29.74,29.74,66.87,66.87,248.1,248.1,338.4,338.4,10.01,10.01,8.08,205.95,2025-12-12 12:00:00
2025-12-12,13:00:00,55.66,55.66,62.36,62.36,245.25,245.25,381.12,381.12,9.18,9.18,7.73,197.11,2025-12-12 13:00:00
2025-12-12,14:00:00,55.45,55.45,61.68,61.68,262.97,262.97,300.36,300.36,9,9,6.99,178.14,2025-12-12 14:00:00
2025-12-12,15:00:00,59.15,59.15,62.01,62.01,257.34,257.34,307.3,307.3,9.15,9.15,3.85,98.15,2025-12-12 15:00:00
2025-12-12,16:00:00,61.67,61.67,63.32,63.32,251.86,251.86,350.44,350.44,9.38,9.38,2.01,51.33,2025-12-12 16:00:00
2025-12-12,17:00:00,17.08,17.08,65.71,65.71,212.75,212.75,442.56,442.56,10,10,2.01,51.22,2025-12-12 17:00:00
2025-12-12,18:00:00,14.08,14.08,66.35,66.35,208.07,208.07,473.28,473.28,10.07,10.07,2.01,51.14,2025-12-12 18:00:00
2025-12-12,19:00:00,11.37,11.37,65.98,65.98,195.06,195.06,480.91,480.91,10,10,2,51.11,2025-12-12 19:00:00
2025-12-12,20:00:00,18.1,18.1,66.09,66.09,193.29,193.29,457.55,457.55,10,10,2,51.04,2025-12-12 20:00:00
2025-12-12,21:00:00,32.44,32.44,67.11,67.11,203.79,203.79,377.18,377.18,10,10,2,51.05,2025-12-12 21:00:00
2025-12-12,22:00:00,33.83,33.83,66.29,66.29,210.8,210.8,392.88,392.88,10,10,2,51.07,2025-12-12 22:00:00
2025-12-12,23:00:00,13.68,13.68,65.93,65.93,206.74,206.74,363.07,363.07,10.05,10.05,2,51.04,2025-12-12 23:00:00
2025-12-13,0:00:00,11.33,11.33,65.14,65.14,195.04,195.04,365.28,365.28,10.03,10.03,2.05,52.19,2025-12-13 0:00:00
2025-12-13,1:00:00,10.93,10.93,67.93,67.93,193.76,193.76,371.87,371.87,10.01,10.01,7.21,183.77,2025-12-13 1:00:00
2025-12-13,2:00:00,13.07,13.07,67.15,67.15,188.87,188.87,393.4,393.4,10,10,6.76,172.39,2025-12-13 2:00:00
2025-12-13,3:00:00,35.1,35.1,65.51,65.51,196.81,196.81,403.73,403.73,10,10,4.99,127.12,2025-12-13 3:00:00
2025-12-13,4:00:00,29.97,29.97,65.58,65.58,190.24,190.24,417.68,417.68,10,10,2.74,69.87,2025-12-13 4:00:00
2025-12-13,5:00:00,27.26,27.26,62.81,62.81,198.41,198.41,526.74,526.74,10,10,2.25,57.41,2025-12-13 5:00:00
2025-12-13,6:00:00,28.86,28.86,64.6,64.6,209.87,209.87,456.26,456.26,10,10,6.61,168.48,2025-12-13 6:00:00
2025-12-13,7:00:00,20.94,20.94,70.85,70.85,213.11,213.11,449.58,449.58,10,10,10.15,258.71,2025-12-13 7:00:00
2025-12-13,8:00:00,20.55,20.55,63.09,63.09,209.03,209.03,529.36,529.36,10,10,10.54,268.75,2025-12-13 8:00:00
2025-12-13,9:00:00,30.2,30.2,63,63,205.5,205.5,827.98,827.98,8.42,8.42,10.02,255.6,2025-12-13 9:00:00
2025-12-13,10:00:00,50.05,50.05,57.57,57.57,232.4,232.4,538.36,538.36,8,8,5.81,148.14,2025-12-13 10:00:00
2025-12-13,11:00:00,48.38,48.38,62.81,62.81,234.85,234.85,534.82,534.82,8.03,8.03,9.7,247.43,2025-12-13 11:00:00
2025-12-13,12:00:00,47.57,47.57,61.97,61.97,213.64,213.64,532.64,532.64,9.39,9.39,12.09,308.31,2025-12-13 12:00:00
2025-12-13,13:00:00,27.06,27.06,64.87,64.87,197.46,197.46,497.24,497.24,10,10,10.84,276.47,2025-12-13 13:00:00
2025-12-13,14:00:00,24.03,24.03,64.64,64.64,182.01,182.01,802.36,802.36,10,10,9.48,241.77,2025-12-13 14:00:00
2025-12-13,15:00:00,22.64,22.64,64.31,64.31,183.14,183.14,732.26,732.26,9.99,9.99,4.72,120.39,2025-12-13 15:00:00
2025-12-13,16:00:00,25.44,25.44,65.11,65.11,197.6,197.6,454.91,454.91,10,10,2.12,54.04,2025-12-13 16:00:00
2025-12-13,17:00:00,33.63,33.63,67.29,67.29,201.92,201.92,476.22,476.22,10,10,2.13,54.21,2025-12-13 17:00:00
2025-12-13,18:00:00,29.19,29.19,66.54,66.54,193.4,193.4,478.72,478.72,10.06,10.06,2,51,2025-12-13 18:00:00
2025-12-13,19:00:00,25.87,25.87,65.3,65.3,193.47,193.47,446.97,446.97,10,10,2,51,2025-12-13 19:00:00
2025-12-13,20:00:00,27.09,27.09,64.74,64.74,193.16,193.16,473.22,473.22,10,10,2,51,2025-12-13 20:00:00
2025-12-13,21:00:00,34.98,34.98,65.31,65.31,191.99,191.99,427.31,427.31,10,10,2,51,2025-12-13 21:00:00
2025-12-13,22:00:00,36.73,36.73,65.04,65.04,190.19,190.19,449.47,449.47,10,10,3.99,101.78,2025-12-13 22:00:00
2025-12-13,23:00:00,41.95,41.95,65.25,65.25,193.31,193.31,439.76,439.76,10,10,5.82,148.33,2025-12-13 23:00:00
2025-12-14,0:00:00,51.09,51.09,64.64,64.64,197.87,197.87,424.03,424.03,9.76,9.76,5.64,143.78,2025-12-14 0:00:00
2025-12-14,1:00:00,43.68,43.68,64.95,64.95,199.17,199.17,405.22,405.22,10,10,3.92,99.9,2025-12-14 1:00:00
2025-12-14,2:00:00,32,32,67.35,67.35,189.52,189.52,483.49,483.49,10,10,3.11,79.29,2025-12-14 2:00:00
2025-12-14,3:00:00,27.48,27.48,66.3,66.3,190.73,190.73,498.22,498.22,10,10,2.9,73.91,2025-12-14 3:00:00
2025-12-14,4:00:00,26.27,26.27,61.83,61.83,186.79,186.79,532.32,532.32,10,10,3.24,82.54,2025-12-14 4:00:00
2025-12-14,5:00:00,24.66,24.66,69.13,69.13,190.22,190.22,467.78,467.78,10,10,3.71,94.55,2025-12-14 5:00:00
2025-12-14,6:00:00,22.99,22.99,62.43,62.43,192.47,192.47,478.86,478.86,10,10,4.41,112.45,2025-12-14 6:00:00
2025-12-14,7:00:00,25.09,25.09,68.24,68.24,194.66,194.66,463.08,463.08,10,10,5.19,132.33,2025-12-14 7:00:00
2025-12-14,8:00:00,33.25,33.25,63.48,63.48,204.82,204.82,433.65,433.65,10,10,11.41,291.03,2025-12-14 8:00:00
2025-12-14,9:00:00,36.96,36.96,67.51,67.51,201.19,201.19,494.28,494.28,10,10,10.4,265.15,2025-12-14 9:00:00
2025-12-14,10:00:00,36.73,36.73,63.67,63.67,194.09,194.09,523.76,523.76,10,10,3.28,83.58,2025-12-14 10:00:00
2025-12-14,11:00:00,30.61,30.61,65.63,65.63,190.26,190.26,626.57,626.57,10,10,4.7,119.95,2025-12-14 11:00:00
2025-12-14,12:00:00,28,28,62.26,62.26,195.47,195.47,614.97,614.97,10,10,8.44,215.25,2025-12-14 12:00:00
2025-12-14,13:00:00,33.08,33.08,67.74,67.74,192.67,192.67,592.48,592.48,10,10,7.66,195.28,2025-12-14 13:00:00
2025-12-14,14:00:00,32.89,32.89,61.88,61.88,182.62,182.62,706.8,706.8,10,10,4.22,107.58,2025-12-14 14:00:00
2025-12-14,15:00:00,34.66,34.66,69,69,176.76,176.76,639.97,639.97,10,10,5.64,143.82,2025-12-14 15:00:00
2025-12-14,16:00:00,35.46,35.46,61.93,61.93,167.77,167.77,652.51,652.51,10,10,1.97,50.26,2025-12-14 16:00:00
2025-12-14,17:00:00,38.07,38.07,66.78,66.78,171.14,171.14,482.01,482.01,10,10,2.03,51.68,2025-12-14 17:00:00
2025-12-14,18:00:00,35.77,35.77,64.9,64.9,180.73,180.73,460,460,10.06,10.06,6.27,159.84,2025-12-14 18:00:00
2025-12-14,19:00:00,46.85,46.85,62.27,62.27,178.1,178.1,670.16,670.16,10,10,4.19,106.76,2025-12-14 19:00:00
2025-12-14,20:00:00,45.83,45.83,66.14,66.14,176.37,176.37,682.28,682.28,10,10,2,50.99,2025-12-14 20:00:00
2025-12-14,21:00:00,48.91,48.91,61.44,61.44,183.76,183.76,588.11,588.11,10,10,2,51,2025-12-14 21:00:00
2025-12-14,22:00:00,48.07,48.07,63.6,63.6,187.05,187.05,500.43,500.43,10,10,4.67,119,2025-12-14 22:00:00
2025-12-14,23:00:00,54.76,54.76,70.62,70.62,191.29,191.29,352.52,352.52,10.45,10.45,5.24,133.6,2025-12-14 23:00:00
2025-12-15,0:00:00,29.5,29.5,64.85,64.85,201.67,201.67,239.43,239.43,10.78,10.78,5.13,130.92,2025-12-15 0:00:00
2025-12-15,1:00:00,34.53,34.53,68.26,68.26,198.79,198.79,280.03,280.03,10.53,10.53,5.01,127.79,2025-12-15 1:00:00
2025-12-15,2:00:00,46.28,46.28,68.12,68.12,209.09,209.09,283.01,283.01,10.04,10.04,4.61,117.49,2025-12-15 2:00:00
2025-12-15,3:00:00,43.42,43.42,67.19,67.19,211.5,211.5,289.64,289.64,10.76,10.76,4.39,111.86,2025-12-15 3:00:00
2025-12-15,4:00:00,37.72,37.72,70.69,70.69,214.84,214.84,285.8,285.8,10.38,10.38,4.77,121.68,2025-12-15 4:00:00
2025-12-15,5:00:00,34.9,34.9,65.6,65.6,217.01,217.01,295.1,295.1,10.3,10.3,8.44,215.31,2025-12-15 5:00:00
2025-12-15,6:00:00,24.14,24.14,70.01,70.01,207.18,207.18,318.78,318.78,10.27,10.27,5.82,148.45,2025-12-15 6:00:00
2025-12-15,7:00:00,17.94,17.94,65.42,65.42,200.49,200.49,374.58,374.58,10,10,9.6,244.68,2025-12-15 7:00:00
2025-12-15,8:00:00,16.64,16.64,67.11,67.11,196.25,196.25,375.51,375.51,10,10,13.19,336.22,2025-12-15 8:00:00
2025-12-15,9:00:00,24.37,24.37,63.16,63.16,204.8,204.8,450.57,450.57,9.13,9.13,11.36,289.64,2025-12-15 9:00:00
2025-12-15,10:00:00,58.1,58.1,57.12,57.12,239.38,239.38,386.16,386.16,8,8,9.55,243.4,2025-12-15 10:00:00
2025-12-15,11:00:00,52.02,52.02,62.75,62.75,216.92,216.92,360.36,360.36,9.03,9.03,9.94,253.52,2025-12-15 11:00:00
2025-12-15,12:00:00,22.47,22.47,66.72,66.72,184.33,184.33,470.62,470.62,10,10,10.02,255.42,2025-12-15 12:00:00
2025-12-15,13:00:00,16.08,16.08,66.31,66.31,169.31,169.31,755.51,755.51,10,10,8.39,214.07,2025-12-15 13:00:00
2025-12-15,14:00:00,16.8,16.8,66.66,66.66,170.24,170.24,572.29,572.29,10.02,10.02,6.09,155.24,2025-12-15 14:00:00
2025-12-15,15:00:00,15.5,15.5,66.99,66.99,167.61,167.61,529.52,529.52,10,10,3.01,76.82,2025-12-15 15:00:00
2025-12-15,16:00:00,14.63,14.63,66.29,66.29,178.9,178.9,423,423,10.01,10.01,2,51.07,2025-12-15 16:00:00
2025-12-15,17:00:00,15.81,15.81,66.64,66.64,171.96,171.96,479.29,479.29,10,10,2,51.1,2025-12-15 17:00:00
2025-12-15,18:00:00,18.38,18.38,66.74,66.74,166.98,166.98,502.87,502.87,10.06,10.06,2.01,51.18,2025-12-15 18:00:00
2025-12-15,19:00:00,24.49,24.49,66.97,66.97,169.31,169.31,519.8,519.8,10.07,10.07,2.73,69.65,2025-12-15 19:00:00
2025-12-15,20:00:00,33.93,33.93,67.08,67.08,173.33,173.33,432.31,432.31,10.12,10.12,2.01,51.15,2025-12-15 20:00:00
2025-12-15,21:00:00,35.6,35.6,67.91,67.91,190.67,190.67,294.21,294.21,10.76,10.76,6.44,164.25,2025-12-15 21:00:00
2025-12-15,22:00:00,23.84,23.84,67.63,67.63,196.12,196.12,283.04,283.04,10.61,10.61,2.74,69.88,2025-12-15 22:00:00
2025-12-15,23:00:00,21.03,21.03,68.53,68.53,194.87,194.87,292.49,292.49,10.75,10.75,2.74,69.93,2025-12-15 23:00:00
2025-12-16,0:00:00,22.41,22.41,73.86,73.86,191.78,191.78,335.82,335.82,10.18,10.18,6,152.94,2025-12-16 0:00:00
2025-12-16,1:00:00,33.65,33.65,64.54,64.54,195.13,195.13,368.84,368.84,10,10,7,178.43,2025-12-16 1:00:00
2025-12-16,2:00:00,23.91,23.91,68.84,68.84,193.55,193.55,338.33,338.33,10,10,6.01,153.37,2025-12-16 2:00:00
2025-12-16,3:00:00,20.8,20.8,67.23,67.23,187.14,187.14,399.1,399.1,10,10,3.11,79.38,2025-12-16 3:00:00
2025-12-16,4:00:00,20.92,20.92,64.35,64.35,189.83,189.83,365.33,365.33,10,10,2,51,2025-12-16 4:00:00
2025-12-16,5:00:00,24.78,24.78,69.52,69.52,184.31,184.31,377.88,377.88,10,10,2.23,56.89,2025-12-16 5:00:00
2025-12-16,6:00:00,22.13,22.13,62.61,62.61,188.64,188.64,347.65,347.65,10,10,2.76,70.5,2025-12-16 6:00:00
2025-12-16,7:00:00,24.7,24.7,70.02,70.02,190.89,190.89,332.64,332.64,10,10,6.38,162.75,2025-12-16 7:00:00
2025-12-16,8:00:00,26.74,26.74,62.26,62.26,181.5,181.5,385.83,385.83,10,10,10.61,270.52,2025-12-16 8:00:00
2025-12-16,9:00:00,25.41,25.41,70.6,70.6,184.63,184.63,360.75,360.75,10,10,13.08,333.58,2025-12-16 9:00:00
2025-12-16,10:00:00,26.21,26.21,63.67,63.67,189.57,189.57,332.36,332.36,10,10,13.13,334.89,2025-12-16 10:00:00
2025-12-16,11:00:00,42.11,42.11,59.91,59.91,210.47,210.47,375.13,375.13,8.8,8.8,11.46,292.33,2025-12-16 11:00:00
2025-12-16,12:00:00,54.92,54.92,67.38,67.38,195.31,195.31,398.06,398.06,10.24,10.24,9.83,250.57,2025-12-16 12:00:00
2025-12-16,13:00:00,35.23,35.23,67.2,67.2,188.93,188.93,420.01,420.01,10.02,10.02,7.99,203.83,2025-12-16 13:00:00
2025-12-16,14:00:00,25.39,25.39,66.96,66.96,187.78,187.78,342.46,342.46,10,10,2.7,68.81,2025-12-16 14:00:00
2025-12-16,15:00:00,20.96,20.96,67.68,67.68,184.14,184.14,339.37,339.37,10.11,10.11,2,51,2025-12-16 15:00:00
2025-12-16,16:00:00,43.54,43.54,68.46,68.46,186.69,186.69,368.13,368.13,10.01,10.01,2,51.08,2025-12-16 16:00:00
2025-12-16,17:00:00,66.44,66.44,68.53,68.53,180.59,180.59,445,445,10,10,2.01,51.37,2025-12-16 17:00:00
2025-12-16,18:00:00,65.33,65.33,67.42,67.42,180.37,180.37,516.49,516.49,10.06,10.06,2.01,51.24,2025-12-16 18:00:00
2025-12-16,19:00:00,58,58,65.84,65.84,176.5,176.5,476.94,476.94,10,10,2.01,51.3,2025-12-16 19:00:00
2025-12-16,20:00:00,50.29,50.29,65.96,65.96,177.36,177.36,442.55,442.55,10,10,2.01,51.26,2025-12-16 20:00:00
2025-12-16,21:00:00,46.51,46.51,66.7,66.7,192.2,192.2,371.13,371.13,10.02,10.02,2.01,51.17,2025-12-16 21:00:00
2025-12-16,22:00:00,25.84,25.84,66.88,66.88,192.21,192.21,321.22,321.22,10,10,2.01,51.14,2025-12-16 22:00:00
2025-12-16,23:00:00,36.3,36.3,64.81,64.81,213.2,213.2,377.49,377.49,9.32,9.32,2.17,55.43,2025-12-16 23:00:00
2025-12-17,0:00:00,50.91,50.91,62.65,62.65,242.43,242.43,364.76,364.76,8.83,8.83,2,51.04,2025-12-17 0:00:00
2025-12-17,1:00:00,48.42,48.42,70.94,70.94,216.14,216.14,420.85,420.85,9.69,9.69,4.51,114.9,2025-12-17 1:00:00
2025-12-17,2:00:00,15.85,15.85,64.85,64.85,195.39,195.39,438.07,438.07,10,10,3.72,94.93,2025-12-17 2:00:00
2025-12-17,3:00:00,18.11,18.11,68.84,68.84,197.74,197.74,377.76,377.76,10,10,3.86,98.32,2025-12-17 3:00:00
2025-12-17,4:00:00,40.09,40.09,62.59,62.59,210.29,210.29,365.34,365.34,9.55,9.55,3.88,99.02,2025-12-17 4:00:00
2025-12-17,5:00:00,58.53,58.53,69.26,69.26,227.03,227.03,334.2,334.2,9.64,9.64,4.08,104,2025-12-17 5:00:00
2025-12-17,6:00:00,25.12,25.12,64.03,64.03,202.41,202.41,390.3,390.3,10,10,9.19,234.35,2025-12-17 6:00:00
2025-12-17,7:00:00,23.63,23.63,65.49,65.49,193.82,193.82,383.95,383.95,10.12,10.12,3.52,89.78,2025-12-17 7:00:00
2025-12-17,8:00:00,40.13,40.13,63.07,63.07,224.16,224.16,342.07,342.07,9.32,9.32,6.18,157.58,2025-12-17 8:00:00
2025-12-17,9:00:00,18.43,18.43,62.47,62.47,259.95,259.95,457.65,457.65,8.83,8.83,10.66,271.91,2025-12-17 9:00:00
2025-12-17,10:00:00,49,49,61.95,61.95,321.91,321.91,481.15,481.15,8.27,8.27,15.08,384.67,2025-12-17 10:00:00
2025-12-17,11:00:00,66.36,66.36,61.98,61.98,253.31,253.31,383.96,383.96,8.61,8.61,14.99,382.32,2025-12-17 11:00:00
2025-12-17,12:00:00,50.22,50.22,60.8,60.8,227.73,227.73,526.87,526.87,8.13,8.13,14.71,375.09,2025-12-17 12:00:00
2025-12-17,13:00:00,41.7,41.7,60.21,60.21,231.12,231.12,516.07,516.07,8.02,8.02,11.91,303.76,2025-12-17 13:00:00
2025-12-17,14:00:00,48.26,48.26,64.05,64.05,278.63,278.63,322.13,322.13,9.24,9.24,9.13,232.94,2025-12-17 14:00:00
2025-12-17,15:00:00,83.38,83.38,63.98,63.98,224.8,224.8,533.18,533.18,9.04,9.04,4.01,102.17,2025-12-17 15:00:00
2025-12-17,16:00:00,78.28,78.28,61.18,61.18,310.25,310.25,300.52,300.52,8.6,8.6,2,50.89,2025-12-17 16:00:00
2025-12-17,17:00:00,56.82,56.82,61.1,61.1,400.21,400.21,287.88,287.88,8.6,8.6,2,51.01,2025-12-17 17:00:00
2025-12-17,18:00:00,59.11,59.11,62.59,62.59,338.07,338.07,305.47,305.47,9.07,9.07,2,50.99,2025-12-17 18:00:00
2025-12-17,19:00:00,60.76,60.76,62.75,62.75,322.23,322.23,300.77,300.77,9.13,9.13,2,50.9,2025-12-17 19:00:00
2025-12-17,20:00:00,42.23,42.23,66.74,66.74,325.35,325.35,272.31,272.31,10,10,2,51.02,2025-12-17 20:00:00
2025-12-17,21:00:00,35.65,35.65,65.7,65.7,391.39,391.39,251.54,251.54,10,10,2.15,54.71,2025-12-17 21:00:00
2025-12-17,22:00:00,49.35,49.35,65.09,65.09,445.4,445.4,245.16,245.16,9.84,9.84,4.31,110.02,2025-12-17 22:00:00
2025-12-17,23:00:00,53.64,53.64,59.88,59.88,500.91,500.91,261.51,261.51,8.37,8.37,2.16,55.18,2025-12-17 23:00:00
2025-12-18,0:00:00,45.04,45.04,58.82,58.82,511.28,511.28,256.6,256.6,8,8,2,51.01,2025-12-18 0:00:00
2025-12-18,1:00:00,55.02,55.02,62.03,62.03,533.91,533.91,249.66,249.66,8.78,8.78,2.01,51.14,2025-12-18 1:00:00
2025-12-18,2:00:00,76.08,76.08,68.85,68.85,411.74,411.74,262.14,262.14,10.17,10.17,2.01,51.23,2025-12-18 2:00:00
2025-12-18,3:00:00,48.89,48.83,73.52,73.46,341.1,340.77,273.89,273.66,11.13,11.13,2.31,58.82,2025-12-18 3:00:00
2025-12-18,4:00:00,16.7,16.7,72.52,72.52,280.86,280.86,319.21,319.21,11.47,11.47,2.01,51.17,2025-12-18 4:00:00
2025-12-18,5:00:00,44.47,44.47,65.1,65.1,294.34,294.34,520.95,520.95,9.79,9.79,2.01,51.16,2025-12-18 5:00:00
2025-12-18,6:00:00,80.84,80.84,66.88,66.88,248.13,248.13,374.84,374.84,9.99,9.99,4.4,112.33,2025-12-18 6:00:00
2025-12-18,7:00:00,48.03,48.03,70.15,70.15,181.28,181.28,623.89,623.89,10.43,10.43,8.42,214.67,2025-12-18 7:00:00
2025-12-18,8:00:00,55.58,55.58,69.11,69.11,196.88,196.88,620.2,620.2,10,10,10.81,275.54,2025-12-18 8:00:00
2025-12-18,9:00:00,73.84,73.84,69.85,69.85,214.35,214.35,418.45,418.45,10,10,12.65,322.52,2025-12-18 9:00:00
2025-12-18,10:00:00,104.2,104.2,69.48,69.48,217.76,217.76,526.59,526.59,10,10,12.87,328.25,2025-12-18 10:00:00
2025-12-18,11:00:00,95.33,95.33,68.06,68.06,209.36,209.36,565.41,565.41,9.7,9.7,14.42,367.66,2025-12-18 11:00:00
2025-12-18,12:00:00,76.5,76.5,61.52,61.52,244.94,244.94,510.52,510.52,8.13,8.13,5.27,134.5,2025-12-18 12:00:00
2025-12-18,13:00:00,104.89,104.89,62.35,62.35,243.37,243.37,456.71,456.71,8.47,8.47,4.73,120.74,2025-12-18 13:00:00
2025-12-18,14:00:00,105,43.97,92.07,28.84,221.26,95.87,254.84,177.96,12.38,4.59,4.08,63.81,2025-12-18 14:00:00
2025-12-18,15:00:00,105,1,115.84,1,165.17,1,32.9,1,14.85,1,2.07,1,2025-12-18 15:00:00
2025-12-18,16:00:00,105,1,158.43,1,3.14,1,40.52,1,17,1,2.07,1,2025-12-18 16:00:00
2025-12-18,17:00:00,105,1,156.15,1,3.73,1,40.11,1,17,1,2.09,1,2025-12-18 17:00:00
2025-12-18,18:00:00,105,1,152.11,1,5.6,1,41.27,1,17,1,2.07,1,2025-12-18 18:00:00
2025-12-18,19:00:00,105,1,149.5,1,6.2,1,40.85,1,17,1,2.06,1,2025-12-18 19:00:00
2025-12-18,20:00:00,105,1,148.4,1,6.57,1,33.48,1,17,1,2.03,1,2025-12-18 20:00:00
2025-12-18,21:00:00,104.49,1,149.92,1,6.29,1,29.34,1,17,1,2.02,1,2025-12-18 21:00:00
2025-12-18,22:00:00,88.57,1,165.54,1,4.81,1,32.33,1,17,1,3.28,1,2025-12-18 22:00:00
2025-12-18,23:00:00,74.84,1,137.04,1,5.18,1,31.23,1,17,1,3.06,1,2025-12-18 23:00:00
2025-12-19,0:00:00,65.78,1,157.36,1,5.92,1,33.34,1,17,1,4.48,1,2025-12-19 0:00:00
2025-12-19,1:00:00,61.09,1,133.81,1,4.82,1,30.55,1,17,1,3.54,1,2025-12-19 1:00:00
2025-12-19,2:00:00,76.75,1,155.97,1,4.98,1,27.45,1,17,1,4.12,1,2025-12-19 2:00:00
2025-12-19,3:00:00,96.83,1,132.4,1,4.26,1,25.73,1,17,1,3.35,1,2025-12-19 3:00:00
2025-12-19,4:00:00,88.76,1,154.47,1,5.35,1,25.62,1,17,1,4.46,1,2025-12-19 4:00:00
2025-12-19,5:00:00,104.98,1,132.31,1,3.83,1,25.28,1,17,1,4.88,1,2025-12-19 5:00:00
2025-12-19,6:00:00,104.08,1,154.73,1,4.24,1,25.39,1,17,1,4.98,1,2025-12-19 6:00:00
2025-12-19,7:00:00,104.11,1,135.61,1,3,1,25.07,1,17,1,4.77,1,2025-12-19 7:00:00
2025-12-19,8:00:00,105,1,149.34,1,3,1,20.65,1,17,1,3.92,1,2025-12-19 8:00:00
2025-12-19,9:00:00,63.07,1,85.09,1,2.65,1,13.65,1,10.96,1,2.47,1,2025-12-19 9:00:00
2025-12-19,10:00:00,1,1,1,1,2,1,4,1,0.36,1,0.41,1,2025-12-19 10:00:00
2025-12-19,11:00:00,1,1,1,1,2,1,4,1,0.28,1,1.52,1,2025-12-19 11:00:00
2025-12-19,12:00:00,1,1,1,1,2,1,4,1,0.81,1,0.96,1,2025-12-19 12:00:00
2025-12-19,13:00:00,1,1,1,1,2,1,4,1,0,1,1.23,1,2025-12-19 13:00:00
2025-12-19,14:00:00,1,1,1,1,2,1,4,1,1.62,1,0.41,1,2025-12-19 14:00:00
2025-12-19,15:00:00,1,1,1,1,2,1,4,1,0,1,1.23,1,2025-12-19 15:00:00
2025-12-19,16:00:00,1,1,1,1,2,1,4,1,0.09,1,0.97,1,2025-12-19 16:00:00
2025-12-19,17:00:00,1,1,1,1,2,1,4,1,0.72,1,0.41,1,2025-12-19 17:00:00
2025-12-19,18:00:00,1,1,1,1,2,1,4,1,0,1,1.64,1,2025-12-19 18:00:00
2025-12-19,19:00:00,1,1,1,1,2,1,4,1,0.63,1,0.14,1,2025-12-19 19:00:00
2025-12-19,20:00:00,1,1,1,1,2,1,4,1,0.27,1,1.38,1,2025-12-19 20:00:00
2025-12-19,21:00:00,1,1,1,1,2,1,4,1,0,1,0.14,1,2025-12-19 21:00:00
2025-12-19,22:00:00,1,1,1,1,2,1,4,1,0.73,1,0.41,1,2025-12-19 22:00:00
2025-12-19,23:00:00,1,1,1,1,2,1,4,1,1.26,1,0.55,1,2025-12-19 23:00:00
2025-12-20,0:00:00,1,1,1,1,2,1,4,1,0.64,1,0.14,1,2025-12-20 0:00:00
2025-12-20,1:00:00,1,1,1,1,2,1,4,1,1.17,1,0.27,1,2025-12-20 1:00:00
2025-12-20,2:00:00,1,1,1,1,2,1,4,1,0.09,1,0.42,1,2025-12-20 2:00:00
2025-12-20,3:00:00,1,1,1,1,2,1,4,1,1,1,0.69,1,2025-12-20 3:00:00
2025-12-20,4:00:00,1,1,1,1,2,1,4,1,0.72,1,0.82,1,2025-12-20 4:00:00
2025-12-20,5:00:00,1,1,1,1,2,1,4,1,0.44,1,0.97,1,2025-12-20 5:00:00
2025-12-20,6:00:00,1,1,1,1,2,1,4,1,0.36,1,0.96,1,2025-12-20 6:00:00
2025-12-20,7:00:00,1,1,1,1,2,1,4,1,0.82,1,0,1,2025-12-20 7:00:00
2025-12-20,8:00:00,1,1,1,1,2,1,4,1,0.82,1,0.41,1,2025-12-20 8:00:00
2025-12-20,9:00:00,1,1,1,1,2,1,4,1,0.27,1,1.63,1,2025-12-20 9:00:00
2025-12-20,10:00:00,1,1,1,1,2,1,4,1,0.98,1,0.41,1,2025-12-20 10:00:00
2025-12-20,11:00:00,1,1,1,1,2,1,4,1,1.17,1,1.1,1,2025-12-20 11:00:00
2025-12-20,12:00:00,1,1,1,1,2,1,4,1,0.82,1,0.14,1,2025-12-20 12:00:00
2025-12-20,13:00:00,1,1,1,1,2,1,4,1,1.64,1,1.66,1,2025-12-20 13:00:00
2025-12-20,14:00:00,1,1,1,1,2,1,4,1,0.27,1,0.68,1,2025-12-20 14:00:00
2025-12-20,15:00:00,1,1,1,1,2,1,4,1,0.18,1,0.7,1,2025-12-20 15:00:00
2025-12-20,16:00:00,1,1,1,1,2,1,4,1,0.63,1,1.1,1,2025-12-20 16:00:00
2025-12-20,17:00:00,1,1,1,1,2,1,4,1,0.36,1,0,1,2025-12-20 17:00:00
2025-12-20,18:00:00,1,1,1,1,2,1,4,1,0,1,0,1,2025-12-20 18:00:00
2025-12-20,19:00:00,1,1,1,1,2,1,4,1,0.74,1,0.41,1,2025-12-20 19:00:00
2025-12-20,20:00:00,1,1,1,1,2,1,4,1,0.37,1,0,1,2025-12-20 20:00:00
2025-12-20,21:00:00,1,1,1,1,2,1,4,1,0.91,1,1.51,1,2025-12-20 21:00:00
2025-12-20,22:00:00,1,1,1,1,2,1,4,1,0.64,1,0.41,1,2025-12-20 22:00:00
2025-12-20,23:00:00,1,1,1,1,2,1,4,1,0.27,1,0.28,1,2025-12-20 23:00:00
2025-12-21,0:00:00,1,1,1,1,2,1,4,1,0.18,1,1.79,1,2025-12-21 0:00:00
2025-12-21,1:00:00,1,1,1,1,2,1,4,1,0,1,0.54,1,2025-12-21 1:00:00
2025-12-21,2:00:00,1,1,1,1,2,1,4,1,0.27,1,1.51,1,2025-12-21 2:00:00
2025-12-21,3:00:00,1,1,1,1,2,1,4,1,0.64,1,1.24,1,2025-12-21 3:00:00
2025-12-21,4:00:00,1,1,1,1,2,1,4,1,0,1,0.14,1,2025-12-21 4:00:00
2025-12-21,5:00:00,1,1,1,1,2,1,4,1,0.63,1,0.55,1,2025-12-21 5:00:00
2025-12-21,6:00:00,1,1,1,1,2,1,4,1,0.36,1,1.5,1,2025-12-21 6:00:00
2025-12-21,7:00:00,1,1,1,1,2,1,4,1,0.37,1,2.63,1,2025-12-21 7:00:00
2025-12-21,8:00:00,1,1,1,1,2,1,4,1,0.81,1,0.97,1,2025-12-21 8:00:00
2025-12-21,9:00:00,1,1,1,1,2,1,4,1,0.73,1,1.1,1,2025-12-21 9:00:00
2025-12-21,10:00:00,1,1,1,1,2,1,4,1,0.54,1,1.11,1,2025-12-21 10:00:00
2025-12-21,11:00:00,1,1,1,1,2,1,4,1,0.82,1,0.27,1,2025-12-21 11:00:00
2025-12-21,12:00:00,1,1,1,1,2,1,4,1,0.62,1,0,1,2025-12-21 12:00:00
2025-12-21,13:00:00,1,1,1,1,2,1,4,1,0.45,1,1.36,1,2025-12-21 13:00:00
2025-12-21,14:00:00,1,1,1,1,2,1,4,1,0.45,1,0.14,1,2025-12-21 14:00:00
2025-12-21,15:00:00,1,1,1,1,2,1,4,1,0.37,1,0.41,1,2025-12-21 15:00:00
2025-12-21,16:00:00,1,1,1,1,2,1,4,1,0.36,1,0.55,1,2025-12-21 16:00:00
2025-12-21,17:00:00,1,1,1,1,2,1,4,1,0.54,1,1.64,1,2025-12-21 17:00:00
2025-12-21,18:00:00,1,1,1,1,2,1,4,1,0.45,1,0.28,1,2025-12-21 18:00:00
2025-12-21,19:00:00,1,1,1,1,2,1,4,1,0.9,1,0.96,1,2025-12-21 19:00:00
2025-12-21,20:00:00,1,1,1,1,2,1,4,1,0.45,1,0.41,1,2025-12-21 20:00:00
2025-12-21,21:00:00,1,1,1,1,2,1,4,1,1.18,1,0.96,1,2025-12-21 21:00:00
2025-12-21,22:00:00,1,1,1,1,2,1,4,1,0.9,1,1.11,1,2025-12-21 22:00:00
2025-12-21,23:00:00,1,1,1,1,2,1,4,1,0.45,1,1.11,1,2025-12-21 23:00:00
2025-12-22,0:00:00,1,1,1,1,2,1,4,1,0.18,1,1.1,1,2025-12-22 0:00:00
2025-12-22,1:00:00,1,1,1,1,2,1,4,1,0.46,1,1.51,1,2025-12-22 1:00:00
2025-12-22,2:00:00,1,1,1,1,2,1,4,1,0.54,1,0.7,1,2025-12-22 2:00:00
2025-12-22,3:00:00,1,1,1,1,2,1,4,1,0.45,1,1.11,1,2025-12-22 3:00:00
2025-12-22,4:00:00,1,1,1,1,2,1,4,1,0.45,1,0.69,1,2025-12-22 4:00:00
2025-12-22,5:00:00,1,1,1,1,2,1,4,1,0,1,0.14,1,2025-12-22 5:00:00
2025-12-22,6:00:00,1,1,1,1,2,1,4,1,0,1,0.68,1,2025-12-22 6:00:00
2025-12-22,7:00:00,1,1,1,1,2,1,4,1,0,1,0.27,1,2025-12-22 7:00:00
2025-12-22,8:00:00,1,1,1,1,2,1,4,1,0,1,0.96,1,2025-12-22 8:00:00
2025-12-22,9:00:00,1,1,1,1,2,1,4,1,2.62,1,0.82,1,2025-12-22 9:00:00
2025-12-22,10:00:00,1,1,1,1,2,1,4,1,0.45,1,0.96,1,2025-12-22 10:00:00
2025-12-22,11:00:00,1,1,1,1,2,1,4,1,0.27,1,2.06,1,2025-12-22 11:00:00
2025-12-22,12:00:00,1,1,1,1,2,1,4,1,0.91,1,0.56,1,2025-12-22 12:00:00
2025-12-22,13:00:00,1,1,1,1,2,1,4,1,0,1,0.27,1,2025-12-22 13:00:00
2025-12-22,14:00:00,1,1,1,1,2,1,4,1,1.08,1,0.55,1,2025-12-22 14:00:00
2025-12-22,15:00:00,1,1,1,1,2,1,4,1,0.18,1,1.63,1,2025-12-22 15:00:00
2025-12-22,16:00:00,1,1,1,1,2,1,4,1,0.36,1,0.82,1,2025-12-22 16:00:00
2025-12-22,17:00:00,1,1,1,1,2,1,4,1,0.72,1,0.69,1,2025-12-22 17:00:00
2025-12-22,18:00:00,1,1,1,1,2,1,4,1,1.27,1,0.41,1,2025-12-22 18:00:00
2025-12-22,19:00:00,1,1,1,1,2,1,4,1,0.27,1,0.69,1,2025-12-22 19:00:00
2025-12-22,20:00:00,1,1,1,1,2,1,4,1,0.46,1,0.96,1,2025-12-22 20:00:00
2025-12-22,21:00:00,1,1,1,1,2,1,4,1,0,1,0.7,1,2025-12-22 21:00:00
2025-12-22,22:00:00,1,1,1,1,2,1,4,1,0.63,1,0.55,1,2025-12-22 22:00:00
2025-12-22,23:00:00,1,1,1,1,2,1,4,1,0.27,1,1.36,1,2025-12-22 23:00:00
2025-12-23,0:00:00,1,1,1,1,2,1,4,1,0.09,1,1.11,1,2025-12-23 0:00:00
2025-12-23,1:00:00,1,1,1,1,2,1,4,1,1.18,1,0.54,1,2025-12-23 1:00:00
2025-12-23,2:00:00,1,1,1,1,2,1,4,1,1.09,1,1.79,1,2025-12-23 2:00:00
2025-12-23,3:00:00,1,1,1,1,2,1,4,1,0.63,1,0.95,1,2025-12-23 3:00:00
2025-12-23,4:00:00,1,1,1,1,2,1,4,1,1.08,1,1.91,1,2025-12-23 4:00:00
2025-12-23,5:00:00,1,1,1,1,2,1,4,1,0.45,1,0.55,1,2025-12-23 5:00:00
2025-12-23,6:00:00,1,1,1,1,2,1,4,1,0.27,1,0.14,1,2025-12-23 6:00:00
2025-12-23,7:00:00,1,1,1,1,2,1,4,1,0.72,1,0.96,1,2025-12-23 7:00:00
2025-12-23,8:00:00,1,1,1,1,2,1,4,1,0.45,1,0.68,1,2025-12-23 8:00:00
2025-12-23,9:00:00,1,1,1,1,2,1,4,1,0.37,1,1.51,1,2025-12-23 9:00:00
2025-12-23,10:00:00,1,1,1,1,2,1,4,1,0.55,1,0.27,1,2025-12-23 10:00:00
2025-12-23,11:00:00,1,1,1,1,2,1,4,1,0.8,1,0.96,1,2025-12-23 11:00:00
2025-12-23,12:00:00,1,1,1,1,2,1,4,1,0.36,1,0.55,1,2025-12-23 12:00:00
2025-12-23,13:00:00,1,1,1,1,2,1,4,1,0.18,1,0.41,1,2025-12-23 13:00:00
2025-12-23,14:00:00,1,1,1,1,2,1,4,1,0.18,1,0.54,1,2025-12-23 14:00:00
2025-12-23,15:00:00,1,1,1,1,2,1,4,1,0.36,1,1.52,1,2025-12-23 15:00:00
2025-12-23,16:00:00,1,1,1,1,2,1,4,1,0.72,1,0.27,1,2025-12-23 16:00:00
2025-12-23,17:00:00,1,1,1,1,2,1,4,1,0.27,1,0.55,1,2025-12-23 17:00:00
2025-12-23,18:00:00,1,1,1,1,2,1,4,1,0.36,1,0.96,1,2025-12-23 18:00:00
2025-12-23,19:00:00,1,1,1,1,2,1,4,1,0.72,1,1.64,1,2025-12-23 19:00:00
2025-12-23,20:00:00,1,1,1,1,2,1,4,1,0.81,1,0.82,1,2025-12-23 20:00:00
2025-12-23,21:00:00,1,1,1,1,2,1,4,1,0.27,1,0.41,1,2025-12-23 21:00:00
2025-12-23,22:00:00,1,1,1,1,2,1,4,1,0.27,1,0.96,1,2025-12-23 22:00:00
2025-12-23,23:00:00,1,1,1,1,2,1,4,1,1,1,2.08,1,2025-12-23 23:00:00
2025-12-24,0:00:00,1,1,1,1,2,1,4,1,0.45,1,0.28,1,2025-12-24 0:00:00
2025-12-24,1:00:00,1,1,1,1,2,1,4,1,0.55,1,1.37,1,2025-12-24 1:00:00
2025-12-24,2:00:00,1,1,1,1,2,1,4,1,0.45,1,0,1,2025-12-24 2:00:00
2025-12-24,3:00:00,1,1,1,1,2,1,4,1,0.63,1,0.68,1,2025-12-24 3:00:00
2025-12-24,4:00:00,1,1,1,1,2,1,4,1,0.36,1,0.96,1,2025-12-24 4:00:00
2025-12-24,5:00:00,1,1,1,1,2,1,4,1,0.82,1,0.69,1,2025-12-24 5:00:00
2025-12-24,6:00:00,1,1,1,1,2,1,4,1,0.72,1,0.69,1,2025-12-24 6:00:00
2025-12-24,7:00:00,1,1,1,1,2,1,4,1,0.45,1,0.96,1,2025-12-24 7:00:00
2025-12-24,8:00:00,1,1,1,1,2,1,4,1,0.36,1,0.27,1,2025-12-24 8:00:00
2025-12-24,9:00:00,1,1,1,1,2,1,4,1,0.9,1,0.68,1,2025-12-24 9:00:00
2025-12-24,10:00:00,1,1,1,1,2,1,4,1,0.36,1,0.69,1,2025-12-24 10:00:00
2025-12-24,11:00:00,1,1,1,1,2,1,4,1,0.63,1,0.27,1,2025-12-24 11:00:00
2025-12-24,12:00:00,1,1,1,1,2,1,4,1,0.81,1,0,1,2025-12-24 12:00:00
2025-12-24,13:00:00,1,1,1,1,2,1,4,1,0.36,1,0.68,1,2025-12-24 13:00:00
2025-12-24,14:00:00,1,1,1,1,2,1,4,1,0.9,1,1.51,1,2025-12-24 14:00:00
2025-12-24,15:00:00,1,1,1,1,2,1,4,1,0.09,1,1.37,1,2025-12-24 15:00:00
2025-12-24,16:00:00,1,1,1,1,2,1,4,1,0.09,1,1.36,1,2025-12-24 16:00:00
2025-12-24,17:00:00,1,1,1,1,2,1,4,1,0.36,1,0.69,1,2025-12-24 17:00:00
2025-12-24,18:00:00,1,1,1,1,2,1,4,1,0.54,1,0.28,1,2025-12-24 18:00:00
2025-12-24,19:00:00,1,1,1,1,2,1,4,1,0.63,1,0.14,1,2025-12-24 19:00:00
2025-12-24,20:00:00,1,1,1,1,2,1,4,1,0.45,1,0.96,1,2025-12-24 20:00:00
2025-12-24,21:00:00,1,1,1,1,2,1,4,1,0.54,1,1.37,1,2025-12-24 21:00:00
2025-12-24,22:00:00,1,1,1,1,2,1,4,1,0.45,1,0.69,1,2025-12-24 22:00:00
2025-12-24,23:00:00,1,1,1,1,2,1,4,1,0.55,1,2.21,1,2025-12-24 23:00:00
2025-12-25,0:00:00,1,1,1,1,2,1,4,1,0.45,1,1.37,1,2025-12-25 0:00:00
2025-12-25,1:00:00,1,1,1,1,2,1,4,1,0.46,1,0.28,1,2025-12-25 1:00:00
2025-12-25,2:00:00,1,1,1,1,2,1,4,1,0.36,1,1.65,1,2025-12-25 2:00:00
2025-12-25,3:00:00,1,1,1,1,2,1,4,1,0.54,1,0.82,1,2025-12-25 3:00:00
2025-12-25,4:00:00,1,1,1,1,2,1,4,1,0.54,1,1.24,1,2025-12-25 4:00:00
2025-12-25,5:00:00,1,1,1,1,2,1,4,1,0.82,1,0.69,1,2025-12-25 5:00:00
2025-12-25,6:00:00,1,1,1,1,2,1,4,1,0.18,1,1.37,1,2025-12-25 6:00:00
2025-12-25,7:00:00,1,1,1,1,2,1,4,1,0.8,1,0.14,1,2025-12-25 7:00:00
2025-12-25,8:00:00,1,1,1,1,2,1,4,1,0.72,1,1.24,1,2025-12-25 8:00:00
2025-12-25,9:00:00,1,1,1,1,2,1,4,1,0.36,1,0.13,1,2025-12-25 9:00:00
2025-12-25,10:00:00,1,1,1,1,2,1,4,1,0.63,1,0.41,1,2025-12-25 10:00:00
2025-12-25,11:00:00,1,1,1,1,2,1,4,1,0.63,1,1.36,1,2025-12-25 11:00:00
2025-12-25,12:00:00,1,1,1,1,2,1,4,1,0.36,1,0.55,1,2025-12-25 12:00:00
2025-12-25,13:00:00,1,1,1,1,2,1,4,1,0.73,1,1.37,1,2025-12-25 13:00:00
2025-12-25,14:00:00,1,1,1,1,2,1,4,1,0.99,1,0.55,1,2025-12-25 14:00:00
2025-12-25,15:00:00,1,1,1,1,2,1,4,1,0.46,1,0.82,1,2025-12-25 15:00:00
2025-12-25,16:00:00,1,1,1,1,2,1,4,1,0.45,1,0.96,1,2025-12-25 16:00:00
2025-12-25,17:00:00,1,1,1,1,2,1,4,1,0.36,1,0.69,1,2025-12-25 17:00:00
2025-12-25,18:00:00,1,1,1,1,2,1,4,1,0.64,1,0.55,1,2025-12-25 18:00:00
2025-12-25,19:00:00,1,1,1,1,2,1,4,1,0.54,1,0.41,1,2025-12-25 19:00:00
2025-12-25,20:00:00,1,1,1,1,2,1,4,1,0.27,1,0.68,1,2025-12-25 20:00:00
2025-12-25,21:00:00,1,1,1,1,2,1,4,1,0.18,1,0.82,1,2025-12-25 21:00:00
2025-12-25,22:00:00,1,1,1,1,2,1,4,1,0.37,1,0.55,1,2025-12-25 22:00:00
2025-12-25,23:00:00,1,1,1,1,2,1,4,1,0.09,1,0.83,1,2025-12-25 23:00:00
2025-12-26,0:00:00,1,1,1,1,2,1,4,1,0.36,1,0.82,1,2025-12-26 0:00:00
2025-12-26,1:00:00,1,1,1,1,2,1,4,1,0.27,1,0.95,1,2025-12-26 1:00:00
2025-12-26,2:00:00,1,1,1,1,2,1,4,1,0.73,1,0.97,1,2025-12-26 2:00:00
2025-12-26,3:00:00,1,1,1,1,2,1,4,1,0.72,1,0.82,1,2025-12-26 3:00:00
2025-12-26,4:00:00,1,1,1,1,2,1,4,1,1,1,1.09,1,2025-12-26 4:00:00
2025-12-26,5:00:00,1,1,1,1,2,1,4,1,0.09,1,0.82,1,2025-12-26 5:00:00
2025-12-26,6:00:00,1,1,1,1,2,1,4,1,0.82,1,0.82,1,2025-12-26 6:00:00
2025-12-26,7:00:00,1,1,1,1,2,1,4,1,0.63,1,0.14,1,2025-12-26 7:00:00
2025-12-26,8:00:00,1,1,1,1,2,1,4,1,0.81,1,0.97,1,2025-12-26 8:00:00
2025-12-26,9:00:00,1,1,1,1,2,1,4,1,0.45,1,0.54,1,2025-12-26 9:00:00
2025-12-26,10:00:00,1,1,1,1,2,1,4,1,0.36,1,1.1,1,2025-12-26 10:00:00
2025-12-26,11:00:00,1,1,1,1,2,1,4,1,0.18,1,0.96,1,2025-12-26 11:00:00
2025-12-26,12:00:00,1,1,1,1,2,1,4,1,0.55,1,1.24,1,2025-12-26 12:00:00
2025-12-26,13:00:00,1,1,1,1,2,1,4,1,0.45,1,1.23,1,2025-12-26 13:00:00
2025-12-26,14:00:00,1,1,1,1,2,1,4,1,0.64,1,0.55,1,2025-12-26 14:00:00
2025-12-26,15:00:00,1,1,1,1,2,1,4,1,0.54,1,0.96,1,2025-12-26 15:00:00
2025-12-26,16:00:00,1,1,1,1,2,1,4,1,0.55,1,0.69,1,2025-12-26 16:00:00
2025-12-26,17:00:00,1,1,1,1,2,1,4,1,0.27,1,0.27,1,2025-12-26 17:00:00
2025-12-26,18:00:00,1,1,1,1,2,1,4,1,0.81,1,1.92,1,2025-12-26 18:00:00
2025-12-26,19:00:00,1,1,1,1,2,1,4,1,0.9,1,0.69,1,2025-12-26 19:00:00
2025-12-26,20:00:00,1,1,1,1,2,1,4,1,0.73,1,1.64,1,2025-12-26 20:00:00
2025-12-26,21:00:00,1,1,1,1,2,1,4,1,0.64,1,0.83,1,2025-12-26 21:00:00
2025-12-26,22:00:00,1,1,1,1,2,1,4,1,0.72,1,0.69,1,2025-12-26 22:00:00
2025-12-26,23:00:00,1,1,1,1,2,1,4,1,0.36,1,0.41,1,2025-12-26 23:00:00
2025-12-27,0:00:00,1,1,1,1,2,1,4,1,0.81,1,1.65,1,2025-12-27 0:00:00
2025-12-27,1:00:00,1,1,1,1,2,1,4,1,0.36,1,0.56,1,2025-12-27 1:00:00
2025-12-27,2:00:00,1,1,1,1,2,1,4,1,0.55,1,1.09,1,2025-12-27 2:00:00
2025-12-27,3:00:00,1,1,1,1,2,1,4,1,0.91,1,1.37,1,2025-12-27 3:00:00
2025-12-27,4:00:00,1,1,1,1,2,1,4,1,0.46,1,0.82,1,2025-12-27 4:00:00
2025-12-27,5:00:00,1,1,1,1,2,1,4,1,0.9,1,0.83,1,2025-12-27 5:00:00
2025-12-27,6:00:00,1,1,1,1,2,1,4,1,0.55,1,0.69,1,2025-12-27 6:00:00
2025-12-27,7:00:00,1,1,1,1,2,1,4,1,0.64,1,0.41,1,2025-12-27 7:00:00
2025-12-27,8:00:00,1,1,1,1,2,1,4,1,0.36,1,0.82,1,2025-12-27 8:00:00
2025-12-27,9:00:00,1,1,1,1,2,1,4,1,0.54,1,1.09,1,2025-12-27 9:00:00
2025-12-27,10:00:00,1,1,1,1,2,1,4,1,1.28,1,0.82,1,2025-12-27 10:00:00
2025-12-27,11:00:00,1,1,1,1,2,1,4,1,0.36,1,0.96,1,2025-12-27 11:00:00
2025-12-27,12:00:00,1,1,1,1,2,1,4,1,0.27,1,0.96,1,2025-12-27 12:00:00
2025-12-27,13:00:00,1,1,1,1,2,1,4,1,0.18,1,1.37,1,2025-12-27 13:00:00
2025-12-27,14:00:00,1,1,1,1,2,1,4,1,0.81,1,1.09,1,2025-12-27 14:00:00
2025-12-27,15:00:00,1,1,1,1,2,1,4,1,0.91,1,0.69,1,2025-12-27 15:00:00
2025-12-27,16:00:00,1,1,1,1,2,1,4,1,0.27,1,0.83,1,2025-12-27 16:00:00
2025-12-27,17:00:00,1,1,1,1,2,1,4,1,0.36,1,0.82,1,2025-12-27 17:00:00
2025-12-27,18:00:00,1,1,1,1,2,1,4,1,0.63,1,1.24,1,2025-12-27 18:00:00
2025-12-27,19:00:00,1,1,1,1,2,1,4,1,0.72,1,1.11,1,2025-12-27 19:00:00
2025-12-27,20:00:00,1,1,1,1,2,1,4,1,0.27,1,0.27,1,2025-12-27 20:00:00
2025-12-27,21:00:00,1,1,1,1,2,1,4,1,0.45,1,1.09,1,2025-12-27 21:00:00
2025-12-27,22:00:00,1,1,1,1,2,1,4,1,0.09,1,0.81,1,2025-12-27 22:00:00
2025-12-27,23:00:00,1,1,1,1,2,1,4,1,0.45,1,0.27,1,2025-12-27 23:00:00
2025-12-28,0:00:00,1,1,1,1,2,1,4,1,0.18,1,0.41,1,2025-12-28 0:00:00
2025-12-28,1:00:00,1,1,1,1,2,1,4,1,0.64,1,0.56,1,2025-12-28 1:00:00
2025-12-28,2:00:00,1,1,1,1,2,1,4,1,0.45,1,0.82,1,2025-12-28 2:00:00
2025-12-28,3:00:00,1,1,1,1,2,1,4,1,0.27,1,0.84,1,2025-12-28 3:00:00
2025-12-28,4:00:00,1,1,1,1,2,1,4,1,0.82,1,0.96,1,2025-12-28 4:00:00
2025-12-28,5:00:00,1,1,1,1,2,1,4,1,0.91,1,0.97,1,2025-12-28 5:00:00
2025-12-28,6:00:00,1,1,1,1,2,1,4,1,0.72,1,0.69,1,2025-12-28 6:00:00
2025-12-28,7:00:00,1,1,1,1,2,1,4,1,0.54,1,1.24,1,2025-12-28 7:00:00
2025-12-28,8:00:00,1,1,1,1,2,1,4,1,0.09,1,2.03,1,2025-12-28 8:00:00
2025-12-28,9:00:00,1,1,1,1,2,1,4,1,1.09,1,0.82,1,2025-12-28 9:00:00
2025-12-28,10:00:00,1,1,1,1,2,1,4,1,0,1,0,1,2025-12-28 10:00:00
2025-12-28,11:00:00,1,1,1,1,2,1,4,1,2.44,1,0,1,2025-12-28 11:00:00
2025-12-28,12:00:00,1,1,1,1,2,1,4,1,0.36,1,0,1,2025-12-28 12:00:00
2025-12-28,13:00:00,1,1,1,1,2,1,4,1,0.91,1,0.82,1,2025-12-28 13:00:00
2025-12-28,14:00:00,1,1,1,1,2,1,4,1,0.27,1,1.5,1,2025-12-28 14:00:00
2025-12-28,15:00:00,1,1,1,1,2,1,4,1,0.27,1,1.89,1,2025-12-28 15:00:00
2025-12-28,16:00:00,1,1,1,1,2,1,4,1,0.27,1,0.41,1,2025-12-28 16:00:00
2025-12-28,17:00:00,1,1,1,1,2,1,4,1,0.36,1,0.97,1,2025-12-28 17:00:00
2025-12-28,18:00:00,1,1,1,1,2,1,4,1,0,1,1.24,1,2025-12-28 18:00:00
2025-12-28,19:00:00,1,1,1,1,2,1,4,1,0.81,1,1.36,1,2025-12-28 19:00:00
2025-12-28,20:00:00,1,1,1,1,2,1,4,1,0.27,1,0.41,1,2025-12-28 20:00:00
2025-12-28,21:00:00,1,1,1,1,2,1,4,1,0,1,0,1,2025-12-28 21:00:00
2025-12-28,22:00:00,1,1,1,1,2,1,4,1,0,1,0.53,1,2025-12-28 22:00:00
2025-12-28,23:00:00,1,1,1,1,2,1,4,1,0.89,1,1.51,1,2025-12-28 23:00:00
2025-12-29,0:00:00,1,1,1,1,2,1,4,1,2.35,1,1.35,1,2025-12-29 0:00:00
2025-12-29,1:00:00,1,1,1,1,2,1,4,1,0.54,1,1.62,1,2025-12-29 1:00:00
2025-12-29,2:00:00,1,1,1,1,2,1,4,1,0,1,0.41,1,2025-12-29 2:00:00
2025-12-29,3:00:00,1,1,1,1,2,1,4,1,0.36,1,0,1,2025-12-29 3:00:00
2025-12-29,4:00:00,1,1,1,1,2,1,4,1,0.72,1,0.53,1,2025-12-29 4:00:00
2025-12-29,5:00:00,1,1,1,1,2,1,4,1,0,1,0,1,2025-12-29 5:00:00
2025-12-29,6:00:00,1,1,1,1,2,1,4,1,0,1,0.41,1,2025-12-29 6:00:00
2025-12-29,7:00:00,1,1,1,1,2,1,4,1,0.54,1,1.79,1,2025-12-29 7:00:00
2025-12-29,8:00:00,1,1,1,1,2,1,4,1,1.29,1,0,1,2025-12-29 8:00:00
2025-12-29,9:00:00,1,1,1,1,2,1,4,1,0,1,0,1,2025-12-29 9:00:00
2025-12-29,10:00:00,1,1,1,1,2,1,4,1,0.81,1,0,1,2025-12-29 10:00:00
2025-12-29,11:00:00,1,1,1,1,2,1,4,1,1.18,1,0,1,2025-12-29 11:00:00
2025-12-29,12:00:00,1,1,1,1,2,1,4,1,0,1,2.19,1,2025-12-29 12:00:00
2025-12-29,13:00:00,1,1,1,1,2,1,4,1,0,1,0.53,1,2025-12-29 13:00:00
2025-12-29,14:00:00,1,1,1,1,2,1,4,1,0,1,2.04,1,2025-12-29 14:00:00
2025-12-29,15:00:00,1,1,1,1,2,1,4,1,0.36,1,0,1,2025-12-29 15:00:00
2025-12-29,16:00:00,1,1,1,1,2,1,4,1,0,1,0,1,2025-12-29 16:00:00
2025-12-29,17:00:00,1,1,1,1,2,1,4,1,0,1,0.82,1,2025-12-29 17:00:00
2025-12-29,18:00:00,1,1,1,1,2,1,4,1,0,1,0,1,2025-12-29 18:00:00
2025-12-29,19:00:00,1,1,1,1,2,1,4,1,0.53,1,0,1,2025-12-29 19:00:00
2025-12-29,20:00:00,1,1,1,1,2,1,4,1,0,1,0,1,2025-12-29 20:00:00
2025-12-29,21:00:00,1,1,1,1,2,1,4,1,0,1,0,1,2025-12-29 21:00:00
2025-12-29,22:00:00,1,1,1,1,2,1,4,1,0,1,0.82,1,2025-12-29 22:00:00
2025-12-29,23:00:00,1,1,1,1,2,1,4,1,0.27,1,0,1,2025-12-29 23:00:00
2025-12-30,0:00:00,1,1,1,1,2,1,4,1,0,1,0.41,1,2025-12-30 0:00:00
2025-12-30,1:00:00,1,1,1,1,2,1,4,1,0.27,1,0,1,2025-12-30 1:00:00
2025-12-30,2:00:00,1,1,1,1,2,1,4,1,0.09,1,0,1,2025-12-30 2:00:00
2025-12-30,3:00:00,1,1,1,1,2,1,4,1,0,1,0,1,2025-12-30 3:00:00
2025-12-30,4:00:00,1,1,1,1,2,1,4,1,0,1,0,1,2025-12-30 4:00:00
2025-12-30,5:00:00,1,1,1,1,2,1,4,1,0,1,0,1,2025-12-30 5:00:00
2025-12-30,6:00:00,1,1,1,1,2,1,4,1,0,1,0.82,1,2025-12-30 6:00:00
2025-12-30,7:00:00,1,1,1,1,2,1,4,1,0,1,0,1,2025-12-30 7:00:00
2025-12-30,8:00:00,1,1,1,1,2,1,4,1,0,1,0,1,2025-12-30 8:00:00
2025-12-30,9:00:00,1,1,1,1,2,1,4,1,0,1,0,1,2025-12-30 9:00:00
2025-12-30,10:00:00,1,1,1,1,2,1,4,1,0,1,0,1,2025-12-30 10:00:00
2025-12-30,11:00:00,1,1,1,1,2,1,4,1,0,1,0,1,2025-12-30 11:00:00
2025-12-30,12:00:00,1,1,1,1,2,1,4,1,0,1,0,1,2025-12-30 12:00:00
2025-12-30,13:00:00,1,1,1,1,2,1,4,1,0,1,0,1,2025-12-30 13:00:00
2025-12-30,14:00:00,1,1,1,1,2,1,4,1,0,1,0,1,2025-12-30 14:00:00
2025-12-30,15:00:00,1,1,1,1,2,1,4,1,0,1,0,1,2025-12-30 15:00:00
2025-12-30,16:00:00,1,1,1,1,2,1,4,1,0,1,0,1,2025-12-30 16:00:00
2025-12-30,17:00:00,1,1,1,1,2,1,4,1,0,1,0,1,2025-12-30 17:00:00
2025-12-30,18:00:00,1,1,1,1,2,1,4,1,0,1,0,1,2025-12-30 18:00:00
2025-12-30,19:00:00,1,1,1,1,2,1,4,1,0,1,0,1,2025-12-30 19:00:00
2025-12-30,20:00:00,1,1,1,1,2,1,4,1,0,1,0,1,2025-12-30 20:00:00
2025-12-30,21:00:00,1,1,1,1,2,1,4,1,0,1,0,1,2025-12-30 21:00:00
2025-12-30,22:00:00,1,1,1,1,2,1,4,1,0,1,0,1,2025-12-30 22:00:00
2025-12-30,23:00:00,1,1,1,1,2,1,4,1,0,1,0,1,2025-12-30 23:00:00
2025-12-31,0:00:00,1,1,1,1,2,1,4,1,0,1,0,1,2025-12-31 0:00:00
2025-12-31,1:00:00,1,1,1,1,2,1,4,1,0,1,0,1,2025-12-31 1:00:00
2025-12-31,2:00:00,1,1,1,1,2,1,4,1,0,1,0,1,2025-12-31 2:00:00
2025-12-31,3:00:00,1,1,1,1,2,1,4,1,0,1,0,1,2025-12-31 3:00:00
2025-12-31,4:00:00,1,1,1,1,2,1,4,1,0,1,0,1,2025-12-31 4:00:00
2025-12-31,5:00:00,1,1,1,1,2,1,4,1,0,1,0,1,2025-12-31 5:00:00
2025-12-31,6:00:00,1,1,1,1,2,1,4,1,0,1,0,1,2025-12-31 6:00:00
2025-12-31,7:00:00,1,1,1,1,2,1,4,1,0,1,0,1,2025-12-31 7:00:00
2025-12-31,8:00:00,1,1,1,1,2,1,4,1,0,1,0,1,2025-12-31 8:00:00
2025-12-31,9:00:00,1,1,1,1,2,1,4,1,0,1,0,1,2025-12-31 9:00:00
2025-12-31,10:00:00,1,1,1,1,2,1,4,1,0,1,0,1,2025-12-31 10:00:00
2025-12-31,11:00:00,1,1,1,1,2,1,4,1,0,1,0,1,2025-12-31 11:00:00
2025-12-31,12:00:00,1,1,1,1,2,1,4,1,0,1,0,1,2025-12-31 12:00:00
2025-12-31,13:00:00,1,1,1,1,2,1,4,1,0,1,0,1,2025-12-31 13:00:00
2025-12-31,14:00:00,1,1,1,1,2,1,4,1,0,1,0,1,2025-12-31 14:00:00
2025-12-31,15:00:00,1,1,1,1,2,1,4,1,0.09,1,0.14,1,2025-12-31 15:00:00
2025-12-31,16:00:00,1,1,1,1,2,1,4,1,1,1,1.09,1,2025-12-31 16:00:00
2025-12-31,17:00:00,1,1,1,1,2,1,4,1,0.64,1,0.27,1,2025-12-31 17:00:00
2025-12-31,18:00:00,1,1,1,1,2,1,4,1,0.99,1,0.68,1,2025-12-31 18:00:00
2025-12-31,19:00:00,1,1,1,1,2,1,4,1,0.54,1,0.82,1,2025-12-31 19:00:00
2025-12-31,20:00:00,1,1,1,1,2,1,4,1,0.45,1,0.27,1,2025-12-31 20:00:00
2025-12-31,21:00:00,1,1,1,1,2,1,4,1,0,1,0.82,1,2025-12-31 21:00:00
2025-12-31,22:00:00,1,1,1,1,2,1,4,1,0.27,1,0.82,1,2025-12-31 22:00:00
2025-12-31,23:00:00,1,1,1,1,2,1,4,1,0.63,1,0.81,1,2025-12-31 23:00:00